"Language","original","english","czech","german","russian","polish","hungarian","italian","spanish","french","chinese","japanese","portuguese","chinesesimp"
"STR_VPPAT_NAME","Vanilla++ AdminTools","Vanilla++ AdminTools","Vanilla++ AdminTools","Vanilla++ AdminTools","Vanilla++ AdminTools","Vanilla++ AdminTools","Vanilla++ AdminTools","Vanilla++ AdminTools","Vanilla++ AdminTools","Vanilla++ AdminTools","Vanilla++ AdminTools","Vanilla++ AdminTools","Vanilla++ AdminTools","Vanilla++ AdminTools"
"VSTR_SESSION_DISCONNECT","Session Disconnect","Session Disconnect","Odpojení relace","Sitzung getrennt","Отключение сессии","Rozłączenie sesji","Munkamenet megszakadt","Disconnessione sessione","Desconexión de sesión","Déconnexion de session","會話中斷","セッション切断","Desconexão da sessão","会话中断"
"VSTR_ERROR_UPDATE_BUILDINGSET","Something went wrong! Unable to update set","Something went wrong! Unable to update set","Něco se pokazilo! Nelze aktualizovat sadu","Etwas ist schiefgelaufen! Set konnte nicht aktualisiert werden","Что‑то пошло не так! Не удаётся обновить набор","Coś poszło nie tak! Nie można zaktualizować zestawu","Valami hiba történt! Nem sikerült frissíteni a készletet","Qualcosa è andato storto! Impossibile aggiornare il set","¡Algo salió mal! No se puede actualizar el conjunto","Un problème est survenu! Impossible de mettre à jour l'ensemble","發生問題!無法更新集合","問題が発生しました! セットを更新できません","Algo deu errado! Não foi possível atualizar o conjunto","出现问题!无法更新集合"
"VSTR_ERROR_DELETE_BUILDINGSET","Something went wrong! Unable to delete set!","Something went wrong! Unable to delete set!","Něco se pokazilo! Nelze odstranit sadu!","Etwas ist schiefgelaufen! Set konnte nicht gelöscht werden!","Что‑то пошло не так! Не удаётся удалить набор!","Coś poszło nie tak! Nie można usunąć zestawu!","Valami hiba történt! Nem sikerült törölni a készletet!","Qualcosa è andato storto! Impossibile eliminare il set!","¡Algo salió mal! ¡No se puede eliminar el conjunto!","Un problème est survenu! Impossible de supprimer l'ensemble!","發生問題!無法刪除集合!","問題が発生しました! セットを削除できません!","Algo deu errado! Não foi possível excluir o conjunto!","出现问题!无法删除集合!"
"VSTR_MISSING_PERM","You may not have the permission to use that command on some","You may not have the permission to use that command on some","Možná nemáte oprávnění použít tento příkaz na některých","Möglicherweise hast du nicht die Berechtigung, diesen Befehl auf einigen zu verwenden","Возможно, у вас нет прав использовать эту команду на некоторых","Możliwe, że nie masz uprawnień, aby użyć tej komendy na niektórych","Lehet, hogy nincs jogosultságod ezt a parancsot néhány esetben használni","Potresti non avere l'autorizzazione per usare quel comando su alcuni","Es posible que no tengas permiso para usar ese comando en algunos","Il se peut que vous n'ayez pas l'autorisation d'utiliser cette commande dans certains cas","您可能沒有權限在某些目標上使用此指令","一部の対象に対してそのコマンドを使う権限がない可能性があります","Talvez você não tenha permissão para usar esse comando em alguns alvos","你可能没有权限在某些目标上使用此命令"
"VSTR_UPDATED_PERM_SETTING","Settings updated for group","Settings updated for group","Nastavení skupiny aktualizována","Einstellungen für die Gruppe aktualisiert","Настройки группы обновлены","Ustawienia zaktualizowane dla grupy","A csoport beállításai frissítve","Impostazioni aggiornate per il gruppo","Ajustes actualizados para el grupo","Paramètres mis à jour pour le groupe","已更新該群組的設定","グループの設定を更新しました","Configurações atualizadas para o grupo","已更新该组的设置"
"VSTR_PERMS_REMOVE_USER","Removing User:","Removing User:","Odebírám uživatele:","Entferne Benutzer:","Удаление пользователя:","Usuwanie użytkownika:","Felhasználó eltávolítása:","Rimozione utente:","Eliminando usuario:","Suppression de l'utilisateur:","正在移除使用者:","ユーザーを削除中:","Removendo usuário:","正在移除用户:"
"VSTR_FROM_GROUP","from group:","from group:","ze skupiny:","aus Gruppe:","из группы:","z grupy:","ebből a csoportból:","dal gruppo:","del grupo:","du groupe:","自群組:","グループから:","do grupo:","自组:"
"VSTR_ERROR_USER_SUPERADMIN","Error: User is a Super Admin","Error: User is a Super Admin","Chyba: Uživatel je Super Admin","Fehler: Benutzer ist Super-Admin","Ошибка: Пользователь — Super Admin","Błąd: Użytkownik jest Super Adminem","Hiba: A felhasználó Super Admin","Errore: l'utente è Super Admin","Error: el usuario es Super Admin","Erreur: l'utilisateur est Super Admin","錯誤: 使用者是 Super Admin","エラー: ユーザーは Super Admin です","Erro: o usuário é Super Admin","错误: 用户是 Super Admin"
"VSTR_ERROR_INVALID_GROUP","Error: Invalid UserGroup","Error: Invalid UserGroup","Chyba: Neplatná uživatelská skupina","Fehler: Ungültige Benutzergruppe","Ошибка: Недопустимая группа пользователей","Błąd: Nieprawidłowa grupa użytkowników","Hiba: Érvénytelen felhasználói csoport","Errore: Gruppo utenti non valido","Error: Grupo de usuarios no válido","Erreur: groupe d'utilisateurs invalide","錯誤: 無效的使用者群組","エラー: 無効なユーザーグループ","Erro: Grupo de usuários inválido","错误: 无效的用户组"
"VSTR_PERMS_USER_INGTROUP","is already inside of group:","is already inside of group:","již je ve skupině:","befindet sich bereits in der Gruppe:","уже находится в группе:","już znajduje się w grupie:","már a csoportban van:","è già all'interno del gruppo:","ya está en el grupo:","est déjà dans le groupe:","已在群組中:","はすでにグループ内です:","já está no grupo:","已在组中:"
"VSTR_ERROR_UNKOWN_PERM","permission is unknown/unregistered!","permission is unknown/unregistered!","oprávnění je neznámé/neregistrované!","Berechtigung ist unbekannt/nicht registriert!","разрешение неизвестно/не зарегистрировано!","uprawnienie jest nieznane/niezarejestrowane!","az engedély ismeretlen/nincs regisztrálva!","l'autorizzazione è sconosciuta/non registrata!","¡el permiso es desconocido/no registrado!","l'autorisation est inconnue/non enregistrée!","權限未知/未註冊!","権限が不明/未登録です!","a permissão é desconhecida/não registrada!","权限未知/未注册!"
"VSTR_ERROR_NAME_MISMATCH","Your name does not match the usergroup name! <br /> You can't access the tools <br /> change your name to:","Your name does not match the usergroup name! <br /> You can't access the tools <br /> change your name to:","Vaše jméno neodpovídá názvu uživatelské skupiny! <br /> K nástrojům nemáte přístup <br /> změňte si jméno na:","Dein Name stimmt nicht mit dem Namen der Benutzergruppe überein! <br /> Du hast keinen Zugriff auf die Tools <br /> ändere deinen Namen auf:","Ваше имя не совпадает с названием группы! <br /> У вас нет доступа к инструментам <br /> измените имя на:","Twoja nazwa nie odpowiada nazwie grupy użytkowników! <br /> Nie masz dostępu do narzędzi <br /> zmień swoją nazwę na:","A neved nem egyezik a felhasználói csoport nevével! <br /> Nem férsz hozzá az eszközökhöz <br /> változtasd meg a neved erre:","Il tuo nome non corrisponde al nome del gruppo utenti! <br /> Non puoi accedere agli strumenti <br /> cambia il tuo nome in:","¡Tu nombre no coincide con el nombre del grupo de usuarios! <br /> No tienes acceso a las herramientas <br /> cambia tu nombre a:","Votre nom ne correspond pas au nom du groupe d'utilisateurs! <br /> Vous n'avez pas accès aux outils <br /> changez votre nom en:","您的名稱與使用者群組名稱不相符! <br /> 您無法存取工具 <br /> 請將您的名稱更改為:","あなたの名前がユーザーグループ名と一致しません! <br /> ツールへアクセスできません <br /> 名前を次のように変更してください:","Seu nome não corresponde ao nome do grupo de usuários! <br /> Você não tem acesso às ferramentas <br /> altere seu nome para:","你的名称与用户组名称不一致! <br /> 你无法访问工具 <br /> 请将你的名称更改为:"
"VSTR_ERROR_NOT_ADMIN","You are not an admin or belong to a usergroup.","You are not an admin or belong to a usergroup.","Nejste admin ani nepatříte do žádné uživatelské skupiny.","Du bist kein Admin und gehörst keiner Benutzergruppe an.","Вы не администратор и не состоите в группе пользователей.","Nie jesteś administratorem ani nie należysz do grupy użytkowników.","Nem vagy admin, és nem tartozol felhasználói csoporthoz.","Non sei un admin e non appartieni a un gruppo utenti.","No eres admin ni perteneces a ningún grupo de usuarios.","Vous n'êtes pas administrateur et vous n'appartenez à aucun groupe d'utilisateurs.","您不是管理員，也不屬於任何使用者群組。","あなたは管理者ではなく、ユーザーグループにも所属していません。","Você não é admin e não pertence a nenhum grupo de usuários.","你不是管理员，也不属于任何用户组。"
"VSTR_ERROR_CANT_TARGET","You cannot target Super Admins with:","You cannot target Super Admins with:","Nemůžete cílit na Super Adminy pomocí:","Du kannst Super-Admins nicht anvisieren mit:","Вы не можете нацеливаться на Super Admin с помощью:","Nie możesz celować w Super Adminów za pomocą:","Nem célozhatsz Super Adminokat ezzel:","Non puoi prendere di mira i Super Admin con:","No puedes apuntar a los Super Admins con:","Vous ne pouvez pas cibler les Super Admin avec:","您不能使用以下方式鎖定 Super Admin:","次のもので Super Admin を対象にすることはできません:","Você não pode mirar em Super Admins com:","你不能使用以下方式锁定 Super Admin:"
"VSTR_ERROR_NO_PERM","You don't have the following permission:","You don't have the following permission:","Nemáte následující oprávnění:","Du verfügst nicht über folgende Berechtigung:","У вас нет следующего разрешения:","Nie masz następującego uprawnienia:","Nincs meg a következő engedélyed:","Non hai la seguente autorizzazione:","No tienes el siguiente permiso:","Vous n'avez pas l'autorisation suivante:","您缺少以下權限:","次の権限がありません:","Você não tem a seguinte permissão:","你缺少以下权限:"
"VSTR_PERM_LVL_LOW","Permission level too low to exectue:","Permission level too low to exectue:","Úroveň oprávnění je příliš nízká pro provedení:","Berechtigungsstufe zu niedrig, um auszuführen:","Недостаточный уровень прав для выполнения:","Poziom uprawnień zbyt niski, aby wykonać:","A jogosultsági szint túl alacsony a végrehajtáshoz:","Livello di autorizzazione troppo basso per eseguire:","El nivel de permiso es demasiado bajo para ejecutar:","Niveau d'autorisation trop faible pour exécuter:","權限等級過低，無法執行:","実行するには権限レベルが低すぎます:","Nível de permissão muito baixo para executar:","权限等级过低，无法执行:"
"VSTR_BANNED","is now banned!","is now banned!","je nyní zabanován!","ist jetzt gebannt!","теперь забанен!","jest teraz zbanowany!","mostantól ki van tiltva!","è ora bannato!","¡ahora está baneado!","est maintenant banni!","已被封禁!","が BAN されました!","agora está banido!","已被封禁!"
"VSTR_BAN_REASON","Banned By Server Admin","Banned By Server Admin","Zabanován správcem serveru","Vom Server-Admin gebannt","Забанен администратором сервера","Zbanowany przez administratora serwera","Szerveradmin tiltotta ki","Bannato dall'amministratore del server","Baneado por el administrador del servidor","Banni par l'administrateur du serveur","由伺服器管理員封禁","サーバー管理者により BAN されました","Banido pelo administrador do servidor","由服务器管理员封禁"
"VSTR_ERROR_BAN_PLAYER","Unable to ban player","Unable to ban player","Nelze zabanovat hráče","Spieler kann nicht gebannt werden","Не удалось забанить игрока","Nie można zbanować gracza","Nem sikerült kitiltani a játékost","Impossibile bannare il giocatore","No se puede banear al jugador","Impossible de bannir le joueur","無法封禁該玩家","プレイヤーを BAN できません","Não é possível banir o jogador","无法封禁该玩家"
"VSTR_KICK_PLAYER","Kicking player:","Kicking player:","Vyhazuji hráče:","Spieler wird gekickt:","Кик игрока:","Wyrzucanie gracza:","Játékos kirúgása:","Espulsione giocatore:","Expulsando al jugador:","Exclusion du joueur:","正在踢出玩家:","プレイヤーをキック中:","Expulsando o jogador:","正在踢出玩家:"
"VSTR_NOTIFY_SPECTATE","Press (PAGE-UP) to exit spectate!","Press (PAGE-UP) to exit spectate!","Stiskněte (PAGE-UP) pro ukončení režimu spectate!","Drücke (PAGE-UP), um den Zuschauermodus zu verlassen!","Нажмите (PAGE-UP), чтобы выйти из режима наблюдателя!","Naciśnij (PAGE-UP), aby wyjść z trybu obserwatora!","Nyomd meg a (PAGE-UP) gombot a néző mód elhagyásához!","Premi (PAGE-UP) per uscire dalla modalità spettatore!","¡Pulsa (PAGE-UP) para salir del modo espectador!","Appuyez sur (PAGE-UP) pour quitter le mode spectateur!","按下（PAGE‑UP）即可退出觀戰模式!","(PAGE-UP) を押すと観戦モードを終了できます!","Pressione (PAGE-UP) para sair do modo espectador!","按下（PAGE‑UP）即可退出观战模式!"
"VSTR_NOTIFY_GODMODE_OFF","GodMode Toggled OFF!","GodMode Toggled OFF!","GodMode vypnut!","GodMode AUSgeschaltet!","GodMode выключен!","GodMode WYŁĄCZONY!","GodMode kikapcsolva!","GodMode disattivato!","¡GodMode DESACTIVADO!","GodMode DÉSACTIVÉ!","已關閉 GodMode!","GodMode を無効化しました!","GodMode DESATIVADO!","已关闭 GodMode!"
"VSTR_NOTIFY_GODMODE_ON","GodMode Toggled ON!","GodMode Toggled ON!","GodMode zapnut!","GodMode EINgeschaltet!","GodMode включен!","GodMode WŁĄCZONY!","GodMode bekapcsolva!","GodMode attivato!","¡GodMode ACTIVADO!","GodMode ACTIVÉ!","已開啟 GodMode!","GodMode を有効化しました!","GodMode ATIVADO!","已开启 GodMode!"
"VSTR_NOTIFY_REVOKE_GODMODE","Admin Revoked your godmode","Admin Revoked your godmode","Admin vám odebral GodMode","Admin hat dir den GodMode entzogen","Администратор отключил вам GodMode","Admin odebrał ci GodMode","Az admin visszavonta a GodMode-odat","L'admin ha revocato il tuo GodMode","El admin te quitó el GodMode","L'admin vous a retiré le GodMode","管理員已移除您的 GodMode","管理者があなたの GodMode を解除しました","O admin removeu seu GodMode","管理员已移除你的 GodMode"
"VSTR_NOTIFY_REVOKE_GODMODE_ADMIN","You Revoked selected players godmode!","You Revoked selected players godmode!","Odebral(a) jste GodMode vybranému hráči!","Du hast dem ausgewählten Spieler den GodMode entzogen!","Вы отключили GodMode выбранному игроку!","Odebrałeś(-aś) GodMode wybranemu graczowi!","Visszavontad a kiválasztott játékos GodMode-ját!","Hai revocato il GodMode al giocatore selezionato!","¡Quitaste el GodMode al jugador seleccionado!","Vous avez retiré le GodMode au joueur sélectionné!","您已移除所選玩家的 GodMode!","選択したプレイヤーの GodMode を解除しました!","Você removeu o GodMode do jogador selecionado!","你已移除所选玩家的 GodMode!"
"VSTR_NOTIFY_GIVE_GODMODE","Admin Gave you GodMode","Admin Gave you GodMode","Admin vám dal GodMode","Admin hat dir GodMode gegeben","Администратор выдал вам GodMode","Admin dał ci GodMode","Az admin GodMode-ot adott neked","L'admin ti ha dato il GodMode","El admin te dio GodMode","L'admin vous a donné le GodMode","管理員已給予您 GodMode","管理者があなたに GodMode を付与しました","O admin lhe concedeu GodMode","管理员已授予你 GodMode"
"VSTR_NOTIFY_GIVE_GODMODE_ADMIN","You Gave selected player godmode!","You Gave selected player godmode!","Dal(a) jste vybranému hráči GodMode!","Du hast dem ausgewählten Spieler GodMode gegeben!","Вы выдали выбранному игроку GodMode!","Dałeś(-aś) wybranemu graczowi GodMode!","GodMode-ot adtál a kiválasztott játékosnak!","Hai dato il GodMode al giocatore selezionato!","¡Diste GodMode al jugador seleccionado!","Vous avez donné le GodMode au joueur sélectionné!","您已給予所選玩家 GodMode!","選択したプレイヤーに GodMode を付与しました!","Você concedeu GodMode ao jogador selecionado!","你已授予所选玩家 GodMode!"
"VSTR_NOTIFY_REVOKE_AMMO","Admin Revoked your unlimited ammo","Admin Revoked your unlimited ammo","Admin vám odebral Unlimited Ammo","Admin hat dir Unlimited Ammo entzogen","Администратор отключил вам Unlimited Ammo","Admin odebrał ci Unlimited Ammo","Az admin visszavonta az Unlimited Ammo-t","L'admin ha revocato la tua Unlimited Ammo","El admin te quitó Unlimited Ammo","L'admin vous a retiré Unlimited Ammo","管理員已移除您的 Unlimited Ammo","管理者があなたの Unlimited Ammo を解除しました","O admin removeu sua Unlimited Ammo","管理员已移除你的 Unlimited Ammo"
"VSTR_NOTIFY_REVOKE_AMMO_ADMIN","You Revoked selected players unlimited ammo!","You Revoked selected players unlimited ammo!","Odebral(a) jste vybranému hráči Unlimited Ammo!","Du hast dem ausgewählten Spieler Unlimited Ammo entzogen!","Вы отключили выбранному игроку Unlimited Ammo!","Odebrałeś(-aś) wybranemu graczowi Unlimited Ammo!","Visszavontad a kiválasztott játékos Unlimited Ammo-ját!","Hai revocato la Unlimited Ammo al giocatore selezionato!","¡Quitaste Unlimited Ammo al jugador seleccionado!","Vous avez retiré Unlimited Ammo au joueur sélectionné!","您已移除所選玩家的 Unlimited Ammo!","選択したプレイヤーの Unlimited Ammo を解除しました!","Você removeu a Unlimited Ammo do jogador selecionado!","你已移除所选玩家的 Unlimited Ammo!"
"VSTR_NOTIFY_GIVE_AMMO","Admin Gave you Unlimited Ammo!","Admin Gave you Unlimited Ammo!","Admin vám dal Unlimited Ammo!","Admin hat dir Unlimited Ammo gegeben!","Администратор выдал вам Unlimited Ammo!","Admin dał ci Unlimited Ammo!","Az admin Unlimited Ammo-t adott neked!","L'admin ti ha dato Unlimited Ammo!","¡El admin te dio Unlimited Ammo!","L'admin vous a donné Unlimited Ammo!","管理員已給予您 Unlimited Ammo!","管理者があなたに Unlimited Ammo を付与しました!","O admin lhe concedeu Unlimited Ammo!","管理员已授予你 Unlimited Ammo!"
"VSTR_NOTIFY_GIVE_AMMO_ADMIN","You Gave selected player Unlimited Ammo!","You Gave selected player Unlimited Ammo!","Dal(a) jste vybranému hráči Unlimited Ammo!","Du hast dem ausgewählten Spieler Unlimited Ammo gegeben!","Вы выдали выбранному игроку Unlimited Ammo!","Dałeś(-aś) wybranemu graczowi Unlimited Ammo!","Unlimited Ammo-t adtál a kiválasztott játékosnak!","Hai dato Unlimited Ammo al giocatore selezionato!","¡Diste Unlimited Ammo al jugador seleccionado!","Vous avez donné Unlimited Ammo au joueur sélectionné!","您已給予所選玩家 Unlimited Ammo!","選択したプレイヤーに Unlimited Ammo を付与しました!","Você concedeu Unlimited Ammo ao jogador selecionado!","你已授予所选玩家 Unlimited Ammo!"
"VSTR_NOTIFY_RESTART_ERROR","There is already a request for a restart","There is already a request for a restart","Žádost o restart už existuje","Es liegt bereits eine Anfrage für einen Neustart vor","Запрос на перезапуск уже существует","Żądanie restartu już istnieje","Már van érvényben újraindítási kérés","Esiste già una richiesta di riavvio","Ya existe una solicitud de reinicio","Une demande de redémarrage existe déjà","已有重新啟動的請求","すでに再起動の要求が存在します","Já existe uma solicitação de reinício","已有重启请求"
"VSTR_NOTIFY_RESTART_IN","Server Restart in:","Server Restart in:","Restart serveru za:","Server-Neustart in:","Перезапуск сервера через:","Restart serwera za:","Szerver újraindítás eddig:","Riavvio del server tra:","Reinicio del servidor en:","Redémarrage du serveur dans:","伺服器將在以下時間後重新啟動:","サーバー再起動まで:","Reinício do servidor em:","服务器将在以下时间后重启:"
"VSTR_NOTIFY_TP_BRINGSELF_ERR","You cannot bring yourself.","You cannot bring yourself.","Nemůžete přivést sám sebe.","Du kannst dich nicht selbst bringen.","Нельзя привести самого себя.","Nie możesz przywołać samego siebie.","Magadat nem hozhatod oda.","Non puoi portare te stesso.","No puedes traerte a ti mismo.","Vous ne pouvez pas vous amener vous-même.","您不能把自己帶過來。","自分自身を Bring することはできません。","Você não pode trazer a si mesmo.","你不能把自己带过来。"
"VSTR_NOTIFY_ERR_TP_NORETURN","No return position available.","No return position available.","Není dostupná pozice pro návrat.","Keine Rückkehrposition verfügbar.","Нет доступной позиции возврата.","Brak dostępnej pozycji powrotu.","Nincs elérhető visszatérési pozíció.","Nessuna posizione di ritorno disponibile.","No hay una posición de retorno disponible.","Aucune position de retour disponible.","沒有可用的返回位置。","戻り位置が利用できません。","Não há posição de retorno disponível.","没有可用的返回位置。"
"VSTR_NOTIFY_ERR_TPSELF","You cannot teleport to yourself","You cannot teleport to yourself","Nemůžete se teleportovat na sebe","Du kannst dich nicht zu dir selbst teleportieren","Нельзя телепортироваться к самому себе","Nie możesz teleportować się do siebie","Nem teleportálhatsz saját magadhoz","Non puoi teletrasportarti su te stesso","No puedes teletransportarte a ti mismo","Vous ne pouvez pas vous téléporter à vous-même","您不能把自己傳送到自己","自分自身へテレポートすることはできません","Você não pode se teletransportar para si mesmo","你不能把自己传送到自己"
"VSTR_TP_ERR_INVALID","Invalid Position","Invalid Position","Neplatná pozice","Ungültige Position","Недопустимая позиция","Nieprawidłowa pozycja","Érvénytelen pozíció","Posizione non valida","Posición no válida","Position invalide","無效的位置","無効な位置です","Posição inválida","无效的位置"
"VSTR_DEL_SUCESS","Successfully deleted","Successfully deleted","Úspěšně smazáno","Erfolgreich gelöscht","Успешно удалено","Pomyślnie usunięto","Sikeresen törölve","Eliminato con successo","Eliminado correctamente","Supprimé avec succès","成功刪除","正常に削除しました","Excluído com sucesso","成功删除"
"VSTR_ADD_SUCESS","Successfully added","Successfully added","Úspěšně přidáno","Erfolgreich hinzugefügt","Успешно добавлено","Pomyślnie dodano","Sikeresen hozzáadva","Aggiunto con successo","Añadido correctamente","Ajouté avec succès","成功新增","正常に追加しました","Adicionado com sucesso","成功新增"
"VSTR_EDIT_SUCESS","Successfully edited","Successfully edited","Úspěšně upraveno","Erfolgreich bearbeitet","Успешно изменено","Pomyślnie edytowano","Sikeresen szerkesztve","Modificato con successo","Editado correctamente","Modifié avec succès","成功修改","正常に編集しました","Editado com sucesso","成功修改"
"VSTR_NOT_DEFINED","NOT DEFINED","NOT DEFINED","NENÍ DEFINOVÁNO","NICHT DEFINIERT","НЕ ОПРЕДЕЛЕНО","NIE ZDEFINIOWANO","NINCS MEGHATÁROZVA","NON DEFINITO","NO DEFINIDO","NON DÉFINI","未定義","未定義","NÃO DEFINIDO","未定义"
"VSTR_NOTIFY_TOOLS_TOGGLE_ON","Admin Tools & keybinds toggled [ON]!","Admin Tools & keybinds toggled [ON]!","Admin Tools a klávesové zkratky [ZAPNUTO]!","Admin-Tools & Keybinds [AN]!","Admin Tools и горячие клавиши [ВКЛ]!","Admin Tools i skróty klawiszowe [WŁĄCZONE]!","Admin eszközök és billentyűk [BE]!","Admin Tools e scorciatoie [ATTIVATI]!","¡Admin Tools y accesos directos [ACTIVADOS]!","Admin Tools & raccourcis [ACTIVÉS]!","Admin Tools 與快捷鍵［已啟用］!","Admin Tools とショートカット［有効］!","Admin Tools e atalhos [ATIVADOS]!","Admin Tools 与快捷键［已启用］!"
"VSTR_NOTIFY_TOOLS_TOGGLE_OFF","Admin Tools & keybinds toggled [OFF]!","Admin Tools & keybinds toggled [OFF]!","Admin Tools a klávesové zkratky [VYPNUTO]!","Admin-Tools & Keybinds [AUS]!","Admin Tools и горячие клавиши [ВЫКЛ]!","Admin Tools i skróty klawiszowe [WYŁĄCZONE]!","Admin eszközök és billentyűk [KI]!","Admin Tools e scorciatoie [DISATTIVATI]!","¡Admin Tools y accesos directos [DESACTIVADOS]!","Admin Tools & raccourcis [DÉSACTIVÉS]!","Admin Tools 與快捷鍵［已停用］!","Admin Tools とショートカット［無効］!","Admin Tools e atalhos [DESATIVADOS]!","Admin Tools 与快捷键［已停用］!"
"VSTR_NOTIFY_ERR_NOTTOGGLE","[VPPAT] Can't preform that action","[VPPAT] Can't preform that action","[VPPAT] Nelze provést tuto akci","[VPPAT] Diese Aktion kann nicht ausgeführt werden","[VPPAT] Невозможно выполнить это действие","[VPPAT] Nie można wykonać tej akcji","[VPPAT] Ezt a műveletet nem lehet végrehajtani","[VPPAT] Impossibile eseguire questa azione","[VPPAT] No se puede realizar esta acción","[VPPAT] Impossible d'exécuter cette action","[VPPAT] 無法執行此動作","[VPPAT] この操作は実行できません","[VPPAT] Não é possível executar esta ação","[VPPAT] 无法执行此动作"
"VSTR_NOTIFY_DEL_OBJ","Delete Object?","Delete Object?","Smazat objekt?","Objekt löschen?","Удалить объект?","Usunąć obiekt?","Objektum törlése?","Eliminare oggetto?","¿Eliminar objeto?","Supprimer l'objet?","刪除物件?","オブジェクトを削除しますか?","Excluir objeto?","删除对象?"
"VSTR_NOTIFY_Q_DEL","Are you sure you wish to delete","Are you sure you wish to delete","Opravdu chcete smazat","Möchtest du wirklich löschen","Вы уверены, что хотите удалить","Czy na pewno chcesz usunąć","Biztosan törölni szeretnéd","Sei sicuro di voler eliminare","¿Seguro que quieres eliminar","Êtes-vous sûr de vouloir supprimer","確定要刪除","本当に削除しますか","Tem certeza de que deseja excluir","确定要删除"
"VSTR_NOTIFY_COPY_CLIPBOARD","Copied My Position to Clipboard!","Copied My Position to Clipboard!","Moje pozice zkopírována do schránky!","Meine Position in die Zwischenablage kopiert!","Моя позиция скопирована в буфер обмена!","Skopiowano moją pozycję do schowka!","Pozícióm a vágólapra másolva!","La mia posizione è stata copiata negli appunti!","¡Mi posición copiada al portapapeles!","Ma position a été copiée dans le presse-papiers!","已將我的位置複製到剪貼簿!","自分の位置をクリップボードにコピーしました!","Minha posição copiada para a área de transferência!","已将我的位置复制到剪贴板!"
"VSTR_NOTIFY_COPY_POS","Copied position of object at crosshair to clipboard!","Copied position of object at crosshair to clipboard!","Pozice objektu v zaměřovači zkopírována do schránky!","Position des Objekts im Fadenkreuz in die Zwischenablage kopiert!","Позиция объекта в прицеле скопирована в буфер обмена!","Skopiowano pozycję obiektu na celowniku do schowka!","A célkeresztben lévő objektum pozíciója vágólapra másolva!","Posizione dell'oggetto nel mirino copiata negli appunti!","¡Posición del objeto en la mira copiada al portapapeles!","La position de l'objet dans le viseur a été copiée dans le presse-papiers!","已將準星下物件的位置複製到剪貼簿!","照準上のオブジェクトの位置をクリップボードにコピーしました!","Posição do objeto na mira copiada para a área de transferência!","已将准星下对象的位置复制到剪贴板!"
"VSTR_NOTIFY_SERVER_LOCK_OFF","Server is NO LONGER locked!","Server is NO LONGER locked!","Server UŽ NENÍ zamčen!","Server ist NICHT MEHR gesperrt!","Сервер БОЛЬШЕ не заблокирован!","Serwer NIE JEST JUŻ zablokowany!","A szerver MÁR NINCS zárolva!","Il server NON è più bloccato!","¡El servidor YA NO está bloqueado!","Le serveur n'est PLUS verrouillé!","伺服器已不再鎖定!","サーバーはもはやロックされていません!","O servidor NÃO está mais bloqueado!","服务器已不再锁定!"
"VSTR_NOTIFY_SERVER_LOCK_ON","server is now locked!","server is now locked!","server je nyní zamčen!","Server ist jetzt gesperrt!","сервер теперь заблокирован!","serwer jest teraz zablokowany!","a szerver mostantól zárolva!","il server è ora bloccato!","¡el servidor ahora está bloqueado!","Le serveur est maintenant verrouillé!","伺服器現已鎖定!","サーバーは現在ロックされています!","o servidor agora está bloqueado!","服务器现已锁定!"
"VSTR_NOTIFY_SERVER_LOCKED","Server is Currently Locked!","Server is Currently Locked!","Server je aktuálně zamčen!","Server ist derzeit gesperrt!","Сервер сейчас заблокирован!","Serwer jest obecnie zablokowany!","A szerver jelenleg zárolva van!","Il server è attualmente bloccato!","¡El servidor está actualmente bloqueado!","Le serveur est actuellement verrouillé!","伺服器目前為鎖定狀態!","サーバーは現在ロック状態です!","O servidor está bloqueado no momento!","服务器目前为锁定状态!"
"VSTR_NOTIFY_LOGGED_IN_ADMIN","Logged in as admin","Logged in as admin","Přihlášen jako admin","Als Admin angemeldet","Вход выполнен как администратор","Zalogowano jako admin","Adminisztrátorként bejelentkezve","Accesso effettuato come admin","Conectado como admin","Connecté en tant qu'admin","已以管理員身分登入","管理者としてログインしました","Conectado como admin","已以管理员身份登入"
"VSTR_NOTIFY_LOGGED_OUT_ADMIN","Logged out","Logged out","Odhlášeno","Abgemeldet","Выход выполнен","Wylogowano","Kijelentkezve","Disconnesso","Sesión cerrada","Déconnecté","已登出","ログアウトしました","Desconectado","已登出"
"VSTR_TOOLTIP_PLAYERMANAGER","Manage players","Manage players","Spravovat hráče","Spieler verwalten","Управление игроками","Zarządzaj graczami","Játékosok kezelése","Gestisci giocatori","Gestionar jugadores","Gérer les joueurs","管理玩家","プレイヤーを管理","Gerenciar jogadores","管理玩家"
"VSTR_TOOLTIP_ITEMMANAGER","Spawn items on players","Spawn items on players","Spawnovat předměty na hráčích","Items auf Spielern spawnen","Спавн предметов на игроках","Spawnuj przedmioty na graczach","Tárgyak spawnolása játékosokra","Spawna oggetti sui giocatori","Spawnear objetos en jugadores","Spawners d'objets sur les joueurs","在玩家身上生成物品","プレイヤーにアイテムをスポーン","Spawnar itens nos jogadores","在玩家身上生成物品"
"VSTR_TOOLTIP_TELEPORTMANAGER","Manage teleport presets","Manage teleport presets","Spravovat teleportovací presety","Teleport-Presets verwalten","Управление пресетами телепорта","Zarządzaj presetami teleportów","Teleport presetek kezelése","Gestisci preset di teletrasporto","Gestionar presets de teletransporte","Gérer les presets de téléportation","管理傳送預設","テレポートのプリセットを管理","Gerenciar presets de teleporte","管理传送预设"
"VSTR_TOOLTIP_COMMANDSMENU","Execute and use shortcut commands!","Execute and use shortcut commands!","Spouštět a používat zkratkové příkazy!","Schnellbefehle ausführen und verwenden!","Выполнять и использовать быстрые команды!","Wykonuj i używaj skrótowych komend!","Gyorsparancsok futtatása és használata!","Esegui e usa comandi rapidi!","¡Ejecutar y usar comandos rápidos!","Exécuter et utiliser des commandes rapides!","執行與使用快捷指令!","クイックコマンドを実行して使用!","Executar e usar comandos rápidos!","执行与使用快捷指令!"
"VSTR_TOOLTIP_SERVERMANAGER","Control Server settings","Control Server settings","Ovládat nastavení serveru","Servereinstellungen steuern","Управление настройками сервера","Kontroluj ustawienia serwera","Szerverbeállítások vezérlése","Controlla le impostazioni del server","Controlar ajustes del servidor","Contrôler les paramètres du serveur","控制伺服器設定","サーバー設定を制御","Controlar as configurações do servidor","控制服务器设定"
"VSTR_TOOLTIP_WEATHERMANAGER","Manage server weather settings","Manage server weather settings","Spravovat nastavení počasí na serveru","Server-Wettereinstellungen verwalten","Управление настройками погоды сервера","Zarządzaj ustawieniami pogody serwera","Szerver időjárás-beállításainak kezelése","Gestisci le impostazioni meteo del server","Gestionar ajustes de clima del servidor","Gérer les paramètres météo du serveur","管理伺服器天氣設定","サーバーの天気設定を管理","Gerenciar as configurações de clima do servidor","管理服务器天气设定"
"VSTR_TOOLTIP_OBJMANAGER","Place custom mission objects","Place custom mission objects","Umísťovat vlastní objekty mise","Eigene Missionsobjekte platzieren","Размещать пользовательские объекты миссии","Umieszczaj własne obiekty misji","Egyedi küldetésobjektumok elhelyezése","Posiziona oggetti missione personalizzati","Colocar objetos de misión personalizados","Placer des objets de mission personnalisés","放置自訂任務物件","カスタムのミッションオブジェクトを配置","Posicionar objetos de missão personalizados","放置自定义任务对象"
"VSTR_TOOLTIP_BANSMANAGER","Manage V++ Server ban list","Manage V++ Server ban list","Spravovat V++ ban list serveru","V++ Server-Bannliste verwalten","Управление бан‑листом сервера V++","Zarządzaj ban‑listą serwera V++","V++ szerver tiltólista kezelése","Gestisci la ban list del server V++","Gestionar la ban list del servidor V++","Gérer la ban list du serveur V++","管理 V++ 伺服器的封禁清單","V++ サーバーの BAN リストを管理","Gerenciar a ban list do servidor V++","管理 V++ 服务器的封禁清单"
"VSTR_TOOLTIP_PERMSEDITOR","Manage toolset permissions & roles","Manage toolset permissions & roles","Spravovat oprávnění a role nástrojů","Toolset-Berechtigungen & Rollen verwalten","Управление правами и ролями набора инструментов","Zarządzaj uprawnieniami i rolami zestawu narzędzi","Eszközkészlet jogosultságainak és szerepköreinek kezelése","Gestisci autorizzazioni e ruoli del toolset","Gestionar permisos y roles del conjunto de herramientas","Gérer les autorisations et rôles du toolset","管理工具組的權限與角色","ツールセットの権限とロールを管理","Gerenciar permissões e papéis do conjunto de ferramentas","管理工具组的权限与角色"
"VSTR_TOOLTIP_WEBHOOKS","Create and edit webhooks that offload log data. (Currently supports discord only)","Create and edit webhooks that offload log data. (Currently supports discord only)","Vytvářet a upravovat webhooky pro odesílání logů. (Aktuálně podporuje pouze Discord)","Webhooks zum Auslagern von Logs erstellen und bearbeiten. (Unterstützt derzeit nur Discord)","Создавать и редактировать WebHooks для выгрузки логов. (В данный момент поддерживается только Discord)","Twórz i edytuj WebHooks odciążające logi. (Obecnie obsługiwany tylko Discord)","Naplóadatok továbbítására szolgáló WebHookok létrehozása és szerkesztése. (Jelenleg csak a Discord támogatott)","Crea e modifica WebHooks che scaricano i log. (Attualmente supporta solo Discord)","Crear y editar WebHooks que descargan logs. (Actualmente solo admite Discord)","Créer et modifier des WebHooks pour déporter les logs. (Actuellement, seul Discord est pris en charge)","建立與編輯用於外送日誌的 WebHooks。（目前僅支援 Discord）","ログを外部に送るための WebHooks を作成・編集（現在は Discord のみ対応）","Criar e editar WebHooks para descarregar logs. (Atualmente apenas Discord é suportado)","建立与编辑用于外送日志的 WebHooks。（目前仅支援 Discord）"
"VSTR_TOOLTIP_XMLEDITOR","Edit types.xml and check loot status on server!","Edit types.xml and check loot status on server!","Upravovat types.xml a kontrolovat stav lootu na serveru!","types.xml bearbeiten und Loot-Status auf dem Server prüfen!","Редактировать types.xml и проверять состояние лута на сервере!","Edytuj types.xml i sprawdź status lootu na serwerze!","types.xml szerkesztése és a loot állapotának ellenőrzése a szerveren!","Modifica types.xml e controlla lo stato del loot sul server!","Editar types.xml y comprobar el estado del loot en el servidor!","Modifier types.xml et vérifier l'état du loot sur le serveur!","編輯 types.xml 並檢查伺服器上的戰利品狀態!","types.xml を編集し、サーバー上のルート状況を確認!","Editar types.xml e verificar o status de loot no servidor!","编辑 types.xml 并检查服务器上的战利品状态!"
"VSTR_TOOLTIP_TITLE","Information:","Information:","Informace:","Informationen:","Информация:","Informacje:","Információ:","Informazioni:","Información:","Informations:","資訊:","情報:","Informações:","信息:"
"VSTR_TOOLTIP_BAN_TIP","Set the unban date of when the selected ban gets revoked/removed.The date is based-off the time set on the machine this DayZ server is running on.","Set the unban date of when the selected ban gets revoked/removed.The date is based-off the time set on the machine this DayZ server is running on.","Nastavte datum unbanu, kdy bude vybraný ban zrušen/odebrán. Datum vychází z času nastaveného na stroji, na kterém běží tento DayZ server.","Lege das Unban-Datum fest, wann der ausgewählte Bann aufgehoben/entfernt wird. Das Datum basiert auf der Uhrzeit des Rechners, auf dem dieser DayZ-Server läuft.","Установите дату разбана, когда выбранный бан будет отменён/удалён. Дата берётся с машины, на которой запущен этот сервер DayZ.","Ustaw datę odbanowania, kiedy wybrany ban zostanie cofnięty/usunięty. Data opiera się na czasie maszyny, na której działa ten serwer DayZ.","Állítsd be az unban dátumát, amikor a kiválasztott tiltás megszűnik/eltávolításra kerül. A dátum annak a gépnek az idején alapul, amelyen ez a DayZ szerver fut.","Imposta la data di unban in cui il ban selezionato viene revocato/rimosso. La data si basa sull'ora della macchina su cui gira questo server DayZ.","Establece la fecha de desbaneo cuando el ban seleccionado será revocado/eliminado. La fecha se basa en la hora de la máquina donde se ejecuta este servidor de DayZ.","Définissez la date d'unban à laquelle le ban sélectionné sera levé/supprimé. La date est basée sur l'heure de la machine qui exécute ce serveur DayZ.","設定解除封禁日期，於該日期將移除所選封禁。日期以執行此 DayZ 伺服器之機器的時間為準。","選択した BAN を解除/削除する Unban 日付を設定します。日時はこの DayZ サーバーを実行しているマシンの時刻に基づきます。","Defina a data de unban quando o ban selecionado será revogado/removido. A data é baseada no horário da máquina que executa este servidor DayZ.","设定解除封禁日期，于该日期将移除所选封禁。日期以执行此 DayZ 服务器之机器的时间为准。"
"VSTR_TOOLTIP_BANS_DETIALS","The 'Details Panel' will only show data if ONE entry from the ban list is selected! <br /> You are able to edit multiple bans at once (ban reason & expiration date)","The 'Details Panel' will only show data if ONE entry from the ban list is selected! <br /> You are able to edit multiple bans at once (ban reason & expiration date)","Panel ‚Detaily‘ zobrazí data pouze pokud je vybrána JEDNA položka ze seznamu banů! <br /> Můžete upravovat více banů najednou (důvod banu a datum ""vypršení)""","Das ‚Details Panel‘ zeigt Daten nur an, wenn EIN Eintrag aus der Bannliste ausgewählt ist! <br /> Du kannst mehrere Banns gleichzeitig bearbeiten (Banngrund & Ablaufdatum)","Панель «Детали» покажет данные только если выбран ОДИН элемент из бан‑листа! <br /> Можно редактировать несколько банов одновременно (причина и дата истечения)","Panel „Szczegóły” pokaże dane tylko jeśli wybrany jest JEDEN wpis z listy banów! <br /> Możesz edytować wiele banów naraz (powód i data wygaśnięcia)","A „Részletek panel” csak akkor mutat adatokat, ha a tiltólistából PONTOSAN EGY bejegyzés van kiválasztva! <br /> Egyszerre több tiltást is szerkeszthetsz (tiltás oka és lejárati dátum)","Il 'Pannello Dettagli' mostrerà i dati solo se è selezionata UNA voce dalla ban list! <br /> Puoi modificare più ban contemporaneamente (motivo del ban e data di scadenza)","El 'Panel de detalles' mostrará datos solo si HAY UNA entrada seleccionada de la lista de bans. <br /> Puedes editar varios bans a la vez (motivo del ban y fecha de expiración)","Le «Panneau Détails» n'affiche des données que si UNE seule entrée de la liste des bans est sélectionnée!  Vous pouvez modifier plusieurs bans à la fois (motif du ban et date d'expiration)","「詳細資訊面板」僅在封禁清單中只選取一筆時才會顯示資料! <br /> 你可以同時編輯多個封禁（封禁原因與到期日）","「詳細パネル」は BAN リストから1件のみ選択されている場合にだけデータを表示します! <br /> 複数の BAN を同時に編集できます（BAN の理由と有効期限）","O 'Painel de Detalhes' mostrará dados apenas se HOUVER UMA entrada selecionada na ban list! <br /> Você pode editar vários bans de uma vez (motivo do ban e data de expiração)","“详细信息面板”仅在封禁清单中只选取一笔时才会显示资料! <br /> 你可以同时编辑多个封禁（封禁原因与到期日）"
"VSTR_Q_UNBAN","Are you sure you wish to unban selected player(s) from the server?","Are you sure you wish to unban selected player(s) from the server?","Opravdu chcete unbanovat vybrané hráče ze serveru?","Möchtest du die ausgewählten Spieler wirklich auf dem Server entbannen?","Вы уверены, что хотите разбанить выбранных игроков на сервере?","Czy na pewno chcesz odbanować wybranego(-ych) gracza(-y) na serwerze?","Biztosan szeretnéd feloldani a kiválasztott játékos(ok) tiltását a szerveren?","Sei sicuro di voler unbannare i giocatori selezionati dal server?","¿Seguro que quieres desbanear a los jugadores seleccionados del servidor?","Êtes-vous sûr de vouloir unban les joueurs sélectionnés du serveur?","確定要在伺服器上解除選取玩家的封禁?","本当に選択したプレイヤーをサーバーで Unban しますか?","Tem certeza de que deseja desbanir os jogadores selecionados do servidor?","确定要在服务器上解除选取玩家的封禁?"
"VSTR_UNBAN","Unban","Unban","Unban","Entbannen","Разбан","Odbanuj","Unban","Unban","Desbanear","Unban","解除封禁","Unban","Desbanir","解除封禁"
"VSTR_NOTIFIY_UPDATE_BAN_REASON","Updating Ban Reason","Updating Ban Reason","Aktualizuji důvod banu","Banngrund wird aktualisiert","Обновление причины бана","Aktualizowanie powodu bana","Tiltás okának frissítése","Aggiornamento motivo del ban","Actualizando motivo del ban","Mise à jour du motif de ban","正在更新封禁原因","BAN の理由を更新中","Atualizando motivo do ban","正在更新封禁原因"
"VSTR_NOTIFIY_ERR_BAN_NOSELECT","Error:No Entries Selected!","Error:No Entries Selected!","Chyba: Není vybrána žádná položka!","Fehler: Keine Einträge ausgewählt!","Ошибка: Не выбраны записи!","Błąd: Nie wybrano żadnych pozycji!","Hiba: Nincs kiválasztott bejegyzés!","Errore: Nessuna voce selezionata!","Error: ¡No hay entradas seleccionadas!","Erreur: aucune entrée sélectionnée!","錯誤: 未選取任何項目!","エラー: 項目が選択されていません!","Erro: Nenhuma entrada selecionada!","错误: 未选取任何项目!"
"VSTR_NOTIFIY_UPDATE_BAN_TIME","Updating Ban Duration...","Updating Ban Duration...","Aktualizuji dobu trvání banu...","Bann-Dauer wird aktualisiert...","Обновление длительности бана...","Aktualizowanie czasu trwania bana...","Tiltás időtartamának frissítése...","Aggiornamento durata del ban...","Actualizando duración del ban...","Mise à jour de la durée du ban...","正在更新封禁時長...","BAN の期間を更新中...","Atualizando duração do ban...","正在更新封禁时长..."
"VSTR_TOOLTIP_SPH","spawn an item into hands","spawn an item into hands","spawnout předmět do rukou","Item in die Hände spawnen","заспавнить предмет в руки","zrespawnuj przedmiot do rąk","tárgy spawnolása a kezekbe","spawna un oggetto nelle mani","spawnear objeto en manos","spawner un objet dans les mains","生成物品到手上","アイテムを手にスポーン","spawnar item nas mãos","生成物品到手上"
"VSTR_TOOLTIP_SPG","spawn an item on ground","spawn an item on ground","spawnout předmět na zem","Item auf den Boden spawnen","заспавнить предмет на землю","zrespawnuj przedmiot na ziemię","tárgy spawnolása a földre","spawna un oggetto a terra","spawnear objeto en el suelo","spawner un objet au sol","在地上生成物品","アイテムを地面にスポーン","spawnar item no chão","在地上生成物品"
"VSTR_TOOLTIP_SPAWNCAR","spawn a civilian sedan nearby","spawn a civilian sedan nearby","spawnout poblíž civilní sedan","Zivilen Sedan in der Nähe spawnen","заспавнить рядом гражданский седан","zrespawnuj w pobliżu cywilnego sedana","civil sedan spawnolása a közelben","spawna una berlina civile nelle vicinanze","spawnear un sedán civil cerca","spawner une berline civile à proximité","在附近生成一台民用轎車","付近に民間セダンをスポーン","spawnar um sedã civil próximo","在附近生成一台民用轿车"
"VSTR_TOOLTIP_REFUEL","refuel & repair vehicle you are in","refuel & repair vehicle you are in","dotankovat a opravit vozidlo, ve kterém jste","Fahrzeug, in dem du dich befindest, betanken & reparieren","заправить и починить текущий транспорт","zatankuj i napraw pojazd, w którym jesteś","járműved feltöltése és javítása","rifornisci e ripara il veicolo in cui ti trovi","repostar y reparar el vehículo en el que estás","faire le plein et réparer le véhicule dans lequel vous êtes","為你所在的載具加油並修理","乗っている車両に給油＆修理","abastecer e reparar o veículo em que você está","为你所在的载具加油并修理"
"VSTR_TOOLTIP_SPI","spawn an item in your inventory","spawn an item in your inventory","spawnout předmět do inventáře","Item in dein Inventar spawnen","заспавнить предмет в инвентарь","zrespawnuj przedmiot do ekwipunku","tárgy spawnolása az inventoryba","spawna un oggetto nell'inventario","spawnear objeto en el inventario","spawner un objet dans l'inventaire","生成物品到背包","アイテムをインベントリにスポーン","spawnar item no inventário","生成物品到背包"
"VSTR_TOOLTIP_AMMO","repair and reload weapon in hand","repair and reload weapon in hand","opravit a přebít zbraň v ruce","Waffe in der Hand reparieren und nachladen","починить и перезарядить оружие в руке","napraw i przeładuj broń w ręku","kézben lévő fegyver javítása és újratöltése","ripara e ricarica l'arma in mano","reparar y recargar el arma en mano","réparer et recharger l'arme en main","修理並為手上的武器裝填","手持ちの武器を修理しリロード","reparar e recarregar a arma na mão","修理并为手上的武器装填"
"VSTR_TOOLTIP_TPP","teleport to coordinates","teleport to coordinates","teleportovat na souřadnice","Zu Koordinaten teleportieren","телепортироваться к координатам","teleportuj do współrzędnych","teleportálás koordinátákra","teletrasportati a coordinate","teletransportarse a coordenadas","se téléporter à des coordonnées","傳送到座標","座標にテレポート","teletransportar para coordenadas","传送到座标"
"VSTR_TOOLTIP_TPT","teleport to a position saved in your presets","teleport to a position saved in your presets","teleportovat na pozici uloženou v presetech","Zu einer in deinen Presets gespeicherten Position teleportieren","телепортироваться на позицию из ваших пресетов","teleportuj na pozycję zapisaną w twoich presetach","teleportálás a presetekben mentett pozícióra","teletrasportati a una posizione salvata nei tuoi preset","teletransportarse a una posición guardada en tus presets","se téléporter vers une position enregistrée dans vos presets","傳送到你預設中儲存的位置","プリセットに保存した位置へテレポート","teletransportar para uma posição salva nos seus presets","传送到你预设中储存的位置"
"VSTR_TOOLTIP_GOTO","teleport to a player by name","teleport to a player by name","teleportovat k hráči podle jména","Zu einem Spieler per Name teleportieren","телепортироваться к игроку по имени","teleportuj do gracza po nazwie","teleportálás játékoshoz név alapján","teletrasportati a un giocatore per nome","teletransportarse a un jugador por nombre","se téléporter vers un joueur par nom","依名稱傳送到玩家","名前でプレイヤーへテレポート","teletransportar para um jogador pelo nome","依名称传送到玩家"
"VSTR_TOOLTIP_RETURN","teleport player by name to previously cached position","teleport player by name to previously cached position","teleportovat hráče podle jména na dříve uloženou pozici","Spieler per Name zur zuvor zwischengespeicherten Position teleportieren","телепортировать игрока по имени на ранее сохранённую позицию","teleportuj gracza po nazwie na wcześniej zapisaną pozycję","játékos teleportálása név alapján a korábban gyorsítótárazott pozícióra","teletrasporta un giocatore per nome alla posizione memorizzata in precedenza","teletransportar a un jugador por nombre a la posición almacenada previamente","téléporter un joueur par nom vers la position mise en cache auparavant","依名稱將玩家傳送到先前快取的位置","名前でプレイヤーを先にキャッシュした位置へテレポート","teletransportar um jogador pelo nome para a posição armazenada anteriormente","依名称将玩家传送到先前快取的位置"
"VSTR_TOOLTIP_BRING","teleport player by name to you","teleport player by name to you","teleportovat hráče podle jména k vám","Spieler per Name zu dir teleportieren","телепортировать игрока по имени к вам","teleportuj gracza po nazwie do siebie","játékos teleportálása név alapján hozzád","teletrasporta un giocatore per nome da te","teletransportar a un jugador por nombre hacia ti","téléporter un joueur par nom vers vous","依名稱將玩家傳送到你身邊","名前でプレイヤーを自分の所へテレポート","teletransportar um jogador pelo nome até você","依名称将玩家传送到你身边"
"VSTR_TOOLTIP_HEAL","heal player by name or self","heal player by name or self","vyléčit hráče podle jména nebo sebe","Spieler per Name oder dich selbst heilen","вылечить игрока по имени или себя","ulecz gracza po nazwie lub siebie","játékos gyógyítása név alapján vagy saját magad","cura un giocatore per nome o te stesso","curar a un jugador por nombre o a ti mismo","soigner un joueur par nom ou vous-même","依名稱治療玩家或自己","名前でプレイヤー、または自分自身を回復","curar um jogador pelo nome ou a si mesmo","依名称治疗玩家或自己"
"VSTR_TOOLTIP_KILL","kill player by name or self","kill player by name or self","zabít hráče podle jména nebo sebe","Spieler per Name oder dich selbst töten","убить игрока по имени или себя","zabij gracza po nazwie lub siebie","játékos megölése név alapján vagy saját magad","uccidi un giocatore per nome o te stesso","matar a un jugador por nombre o a ti mismo","tuer un joueur par nom ou vous-même","依名稱殺死玩家或自己","名前でプレイヤー、または自分自身をキル","matar um jogador pelo nome ou a si mesmo","依名称杀死玩家或自己"
"VSTR_TOOLTIP_STRIP","strip player gear by name or self","strip player gear by name or self","svléknout výbavu hráče podle jména nebo sebe","Ausrüstung des Spielers per Name oder dich selbst ausziehen","снять снаряжение с игрока по имени или с себя","zdejmij ekwipunek gracza po nazwie lub swój","játékos felszerelésének levétele név alapján vagy saját magad","togli l'equipaggiamento a un giocatore per nome o a te stesso","quitar el equipo a un jugador por nombre o a ti mismo","retirer l'équipement d'un joueur par nom ou le vôtre","依名稱脫下玩家或自己的裝備","名前でプレイヤー、または自分自身の装備を外す","remover o equipamento de um jogador pelo nome ou o seu","依名称脱下玩家或自己的装备"
"VSTR_TOOLTIP_CLEAR","clears commands history","clears commands history","vymaže historii příkazů","Befehlshistorie löschen","очищает историю команд","czyści historię komend","parancselőzmények törlése","cancella la cronologia dei comandi","limpia el historial de comandos","efface l'historique des commandes","清除指令歷史","コマンド履歴をクリア","limpa o histórico de comandos","清除指令历史"
"VSTR_TOOLTIP_COMMANDCONSOLE_KEYS","Arrow key UP/DOWN to cycle between previously executed commands","Arrow key UP/DOWN to cycle between previously executed commands","Šipky NAHORU/DOLŮ pro procházení dříve spuštěných příkazů","Pfeiltaste HOCH/RUNTER, um zwischen zuvor ausgeführten Befehlen zu wechseln","Стрелки ВВЕРХ/ВНИЗ для переключения между ранее выполненными командами","Strzałki GÓRA/DÓŁ, aby przewijać poprzednio wykonane komendy","FEL/LE nyíl a korábban futtatott parancsok közti léptetéshez","Freccia SU/GIÙ per scorrere i comandi eseguiti in precedenza","Flechas ARRIBA/ABAJO para moverte por los comandos ejecutados anteriormente","Flèches HAUT/BAS pour parcourir les commandes exécutées précédemment","使用 上/下 方向鍵瀏覽先前執行過的指令","↑/↓ で以前に実行したコマンドを巡回","Setas CIMA/BAIXO para percorrer os comandos executados anteriormente","使用 上/下 方向键浏览先前执行过的指令"
"VSTR_ESP_FILTER_RESTORE_TITLE","Restore Default?","Restore Default?","Obnovit výchozí?","Auf Werkseinstellungen zurücksetzen?","Восстановить значения по умолчанию?","Przywrócić domyślne?","Visszaállítod az alapértelmezést?","Ripristinare predefiniti?","¿Restablecer predeterminados?","Réinitialiser les valeurs par défaut?","要還原為預設值嗎?","デフォルトに戻しますか?","Restaurar padrões?","要还原为默认值吗?"
"VSTR_ESP_FILTER_RESTORE","Are you sure you wish to restore default filters? (This will not remove any of your custom made filters!)","Are you sure you wish to restore default filters? (This will not remove any of your custom made filters!)","Opravdu chcete obnovit výchozí filtry? (Neodstraní to žádné vaše vlastní filtry!)","Möchtest du die Standardfilter wirklich wiederherstellen? (Eigene Filter werden nicht entfernt!)","Вы уверены, что хотите восстановить стандартные фильтры? (Ваши пользовательские фильтры не будут удалены!)","Czy na pewno chcesz przywrócić domyślne filtry? (To nie usunie twoich własnych filtrów!)","Biztosan vissza szeretnéd állítani az alapértelmezett szűrőket? (A saját készítésű szűrőket nem töröljük!)","Sei sicuro di voler ripristinare i filtri predefiniti? (Questo non rimuoverà i tuoi filtri personalizzati!)","¿Seguro que quieres restablecer los filtros predeterminados? (¡Esto no elimina tus filtros personalizados!)","Êtes-vous sûr de vouloir rétablir les filtres par défaut? (Cela ne supprime pas vos filtres personnalisés!)","確定要還原預設篩選器?（不會移除你的自訂篩選器!）","本当にデフォルトフィルターを復元しますか?（カスタムフィルターは削除されません）","Tem certeza de que deseja restaurar os filtros padrão? (Isso não remove seus filtros personalizados!)","确定要还原预设筛选器?（不会移除你的自定义筛选器!）"
"VSTR_ESP_CREATE_FILTER","Create Custom Filter","Create Custom Filter","Vytvořit vlastní filtr","Benutzerdefinierten Filter erstellen","Создать пользовательский фильтр","Utwórz własny filtr","Egyedi szűrő létrehozása","Crea filtro personalizzato","Crear filtro personalizado","Créer un filtre personnalisé","建立自訂篩選器","カスタムフィルターを作成","Criar filtro personalizado","建立自定义筛选器"
"VSTR_ESP_FILTER_INFO","Please insert the item type/class name or base class name of item.","Please insert the item type/class name or base class name of item.","Zadejte typ/„class name“ předmětu nebo název základní třídy předmětu.","Gib den Itemtyp/Klassennamen oder den Basisklassennamen des Items ein.","Введите тип/имя класса предмета или имя базового класса.","Wprowadź typ/„class name” przedmiotu lub nazwę klasy bazowej przedmiotu.","Add meg a tárgy típusát/„class name”-jét vagy az alap osztály nevét.","Inserisci il tipo/""class name"" dell'oggetto o il nome della classe base dell'oggetto.","Introduce el tipo/""class name"" del objeto o el nombre de la clase base del objeto.","Saisissez le type/«class name» de l'objet ou le nom de la classe de base.","輸入物品的類型/「class name」或其基底類別名稱。","アイテムのタイプ/「class name」またはベースクラス名を入力してください。","Digite o tipo/""class name"" do item ou o nome da classe base do item.","输入物品的类型/“class name”或其基底类别名称。"
"VSTR_ESP_TITLE_DELETE","Delete Items","Delete Items","Smazat položky","Items löschen","Удалить предметы","Usuń przedmioty","Tárgyak törlése","Elimina oggetti","Eliminar objetos","Supprimer les objets","刪除項目","アイテムを削除","Excluir itens","删除项目"
"VSTR_ESP_DEL_CONFIRM","Are you sure you wish to delete ALL ITEMS in the list? (You can't revert once you delete this item)","Are you sure you wish to delete ALL ITEMS in the list? (You can't revert once you delete this item)","Opravdu chcete smazat VŠECHNY POLOŽKY v seznamu? (Po smazání nelze vrátit)","Möchtest du WIRKLICH ALLE ITEMS in der Liste löschen? (Dies kann nicht rückgängig gemacht werden)","Вы уверены, что хотите удалить ВСЕ ПРЕДМЕТЫ в списке? (Это действие нельзя отменить)","Czy na pewno chcesz usunąć WSZYSTKIE PRZEDMIOTY z listy? (Po usunięciu nie można cofnąć)","Biztosan törölni szeretnéd az ÖSSZES TÁRGYAT a listában? (A művelet nem visszavonható)","Sei sicuro di voler eliminare TUTTI GLI OGGETTI nella lista? (Non è possibile annullare)","¿Seguro que quieres eliminar TODOS LOS OBJETOS de la lista? (No se puede deshacer)","Êtes-vous sûr de vouloir supprimer TOUS LES OBJETS de la liste? (Impossible d'annuler)","確定要刪除清單中的所有項目?（刪除後無法復原）","本当にリスト内の全てのアイテムを削除しますか?（元に戻せません）","Tem certeza de que deseja excluir TODOS OS ITENS da lista? (Não é possível desfazer)","确定要删除清单中的所有项目?（删除后无法复原）"
"VSTR_ESP_TOOLTIP","When the toggle button is green it means ESP will scan every second with new data.","When the toggle button is green it means ESP will scan every second with new data.","Pokud je přepínač zelený, ESP skenuje každou sekundu nové údaje.","Wenn der Schalter grün ist, scannt ESP jede Sekunde mit neuen Daten.","Если переключатель зелёный, ESP будет сканировать каждую секунду с новыми данными.","Gdy przełącznik jest zielony, ESP skanuje co sekundę z nowymi danymi.","Ha a kapcsoló zöld, az ESP másodpercenként új adatokkal szkennel.","Quando l'interruttore è verde, ESP eseguirà la scansione ogni secondo con nuovi dati.","Cuando el interruptor está en verde, ESP escaneará cada segundo con datos nuevos.","Lorsque l'interrupteur est vert, ESP effectue un scan chaque seconde avec de nouvelles données.","當開關為綠色時，ESP 每秒會以新資料掃描一次。","スイッチが緑の時、ESP は毎秒新しいデータでスキャンします。","Quando a chave estiver verde, o ESP fará varredura a cada segundo com novos dados.","当开关为绿色时，ESP 每秒会以新资料扫描一次。"
"VSTR_ESP_Q_REMOVE","Are you sure you wish to remove","Are you sure you wish to remove","Opravdu chcete odstranit","Möchtest du wirklich entfernen","Вы уверены, что хотите удалить","Czy na pewno chcesz usunąć","Biztosan szeretnéd eltávolítani","Sei sicuro di voler rimuovere","¿Seguro que quieres eliminar","Êtes-vous sûr de vouloir retirer","確定要從清單中移除","本当にリストから","Tem certeza de que deseja remover","确定要从清单中移除"
"VSTR_ESP_Q_REMOVE_2","from the list?","from the list?","ze seznamu?","aus der Liste?","из списка?","z listy?","a listáról?","dalla lista?","de la lista?","de la liste?","?","を削除しますか?","da lista?","确定要删除"
"VSTR_ESP_DEL_CONFIRM_2","Are you sure you wish to delete","Are you sure you wish to delete","Opravdu chcete smazat","Möchtest du wirklich löschen","Вы уверены, что хотите удалить","Czy na pewno chcesz usunąć","Biztosan szeretnéd törölni","Sei sicuro di voler eliminare","¿Seguro que quieres eliminar","Êtes-vous sûr de vouloir supprimer","確定要刪除","本当に削除しますか","Tem certeza de que deseja excluir","确定要删除"
"VSTR_ESP_DEL_CONFIRM_3","? (You can't revert once you delete this item!)","? (You can't revert once you delete this item!)","? (Po smazání položky nelze vrátit!)","? (Dies kann nach dem Löschen nicht rückgängig gemacht werden!)","? (После удаления вернуть нельзя!)","? (Po usunięciu nie można cofnąć!)","? (A törlés nem visszavonható!)","? (Una volta eliminato non è possibile annullare!)","? (¡No se puede deshacer después de eliminar!)","? (Impossible d'annuler après la suppression!)","?（刪除後無法復原!）","?（削除後は元に戻せません!）","? (Não é possível desfazer após excluir!)","?（删除后无法复原!）"
"VSTR_NOTIFY_ERR_UNIQUE","You must give the preset a unique name!","You must give the preset a unique name!","Musíte presetu zadat jedinečný název!","Du musst dem Preset einen eindeutigen Namen geben!","Необходимо задать пресету уникальное имя!","Musisz nadać presetowi unikalną nazwę!","Egyedi nevet kell adnod a presetnek!","Devi dare al preset un nome univoco!","¡Debes darle al preset un nombre único!","Vous devez donner au preset un nom unique!","你必須替該預設命名為唯一名稱!","プリセットに一意の名前を付ける必要があります!","Você deve dar ao preset um nome exclusivo!","你必须替该预设命名为唯一名称!"
"VSTR_DISPLAY_PARENT","(Parent)","(Parent)","(Nadřazené)","(Eltern)","(Родитель)","(Nadrzędny)","(Szülő)","(Genitore)","(Padre)","(Parent)","（父項）","（親）","(Pai)","（父项）"
"VSTR_TOOLTIP_ITEMMGR","2x left click on an item from the 'Item List' on the right side of the panel to spawn it according to the options you have selected from the 'Spawn Options` at the bottom of the panel. <br /> To make a new preset","2x left click on an item from the 'Item List' on the right side of the panel to spawn it according to the options you have selected from the 'Spawn Options` at the bottom of the panel. <br /> To make a new preset","2× levým kliknutím na položku v ‚Item List‘ na pravé straně panelu ji spawnujete podle možností vybraných v ‚Spawn Options‘ ve spodní části ""panelu. <br /> Pro vytvoření nového presetu""","2× mit der linken Maustaste auf ein Item in der ‚Item List‘ auf der rechten Seite des Panels klicken, um es gemäß den unten in den ‚Spawn Options‘ ausgewählten Optionen zu spawnen. <br /> Um ein neues Preset zu erstellen","Дважды щёлкните левой кнопкой по предмету в «Item List» справа, чтобы заспавнить его по параметрам, выбранным внизу в «Spawn Options». <br /> Чтобы создать новый пресет","Kliknij 2× lewym przyciskiem na przedmiot w „Item List” po prawej stronie panelu, aby go zrespawnować zgodnie z opcjami wybranymi w „Spawn Options” na dole panelu. <br /> Aby utworzyć nowy preset","Kattints 2× bal gombbal egy elemre a jobb oldali „Item List”-ben, hogy a panel alján lévő „Spawn Options” szerint spawnold. <br /> Új preset készítéséhez","Doppio clic sinistro su un oggetto nell'""Item List"" sul lato destro del pannello per spawnarlo secondo le opzioni selezionate in basso in ""Spawn Options"". <br /> Per creare un nuovo preset","Doble clic izquierdo en un elemento de la ""Item List"" en el lado derecho del panel para spawnearlo según las opciones seleccionadas en la parte inferior en ""Spawn Options"". <br /> Para crear un nuevo preset","Double-cliquez avec le bouton gauche sur un élément dans la «Item List» à droite du panneau pour le spawner selon les options sélectionnées en bas dans «Spawn Options». <br /> Pour créer un nouveau preset","在面板右側的「Item List」中對項目按兩下左鍵，將依面板底部「Spawn Options」所選來生成。 <br /> 若要建立新預設","パネル右側の「Item List」のアイテムを左ダブルクリックすると、下部の「Spawn Options」で選択したオプションに従ってスポーンします。 <br /> 新しいプリセットを作成するには","Dê um duplo clique com o botão esquerdo em um item na ""Item List"" do lado direito do painel para spawná‑lo conforme as opções selecionadas abaixo em ""Spawn Options"". <br /> Para criar um novo preset","在面板右侧的“Item List”中对项目按两下左键，将依面板底部“Spawn Options”所选来生成。 <br /> 若要建立新预设"
"VSTR_TITLE_SAVEDPRESETS","Saved Item Presets","Saved Item Presets","Uložené item presety","Gespeicherte Item-Presets","Сохранённые пресеты предметов","Zapisane presety przedmiotów","Mentett tárgy‑presetek","Preset oggetti salvati","Presets de objetos guardados","Presets d'objets sauvés","已儲存的物品預設","保存済みアイテムプリセット","Presets de itens salvos","已储存的物品预设"
"VSTR_NOTIFY_ERR_NOPRESET","No Preset Selected!","No Preset Selected!","Není vybrán žádný preset!","Kein Preset ausgewählt!","Пресет не выбран!","Nie wybrano presetu!","Nincs kiválasztott preset!","Nessun preset selezionato!","¡Ningún preset seleccionado!","Aucun preset sélectionné!","未選取任何預設!","プリセットが選択されていません!","Nenhum preset selecionado!","未选取任何预设!"
"VSTR_NOTIFY_ERR_NOTSELECTPRESET","Error Adding Item to Preset: No Preset Selected!","Error Adding Item to Preset: No Preset Selected!","Chyba při přidávání položky do presetu: Není vybrán žádný preset!","Fehler beim Hinzufügen des Items zum Preset: Kein Preset ausgewählt!","Ошибка добавления предмета в пресет: пресет не выбран!","Błąd dodawania przedmiotu do presetu: Nie wybrano presetu!","Hiba a tárgy presethez adásakor: Nincs kiválasztott preset!","Errore aggiungendo oggetto al preset: Nessun preset selezionato!","Error al añadir el objeto al preset: ¡Ningún preset seleccionado!","Erreur lors de l'ajout de l'objet au preset: aucun preset sélectionné!","將項目加入預設時發生錯誤：未選取任何預設!","アイテムをプリセットに追加中にエラー: プリセットが選択されていません!","Erro ao adicionar item ao preset: Nenhum preset selecionado!","将项目加入预设时发生错误：未选取任何预设!"
"VSTR_NOTIFY_ERR_SPAWN_PRESET","Error Spawn Preset: No Players Selected!","Error Spawn Preset: No Players Selected!","Chyba při spawnu presetu: Nejsou vybráni hráči!","Fehler beim Spawn des Presets: Keine Spieler ausgewählt!","Ошибка спавна пресета: не выбраны игроки!","Błąd spawnu presetu: Nie wybrano graczy!","Hiba a preset spawnolásakor: Nincsenek kiválasztott játékosok!","Errore spawn preset: Nessun giocatore selezionato!","Error al spawnear el preset: ¡No se seleccionaron jugadores!","Erreur de spawn du preset: aucun joueur sélectionné!","生成預設時發生錯誤：未選取玩家!","プリセットのスポーンエラー: プレイヤーが選択されていません!","Erro ao spawnar o preset: Nenhum jogador selecionado!","生成预设时发生错误：未选择玩家!"
"VSTR_NOTIFY_ERR_SPAWN_PRESET_NOPLAYER","Error Spawn Preset: No Players Selected!","Error Spawn Preset: No Players Selected!","Chyba při spawnu presetu: Nejsou vybráni hráči!","Fehler beim Spawn des Presets: Keine Spieler ausgewählt!","Ошибка спавна пресета: не выбраны игроки!","Błąd spawnu presetu: Nie wybrano graczy!","Hiba a preset spawnolásakor: Nincsenek kiválasztott játékosok!","Errore spawn preset: Nessun giocatore selezionato!","Error al spawnear el preset: ¡No se seleccionaron jugadores!","Erreur de spawn du preset: aucun joueur sélectionné!","生成預設時發生錯誤：未選取玩家!","プリセットのスポーンエラー: プレイヤーが選択されていません!","Erro ao spawnar o preset: Nenhum jogador selecionado!","生成预设时发生错误：未选取玩家!"
"VSTR_ALERT_ENABLE_PHYSICS","Enable Dynamic Physics","Enable Dynamic Physics","Povolit dynamickou fyziku","Dynamische Physik aktivieren","Включить динамическую физику","Włącz dynamiczną fizykę","Dinamikus fizika engedélyezése","Abilita fisica dinamica","Habilitar física dinámica","Activer la physique dynamique","啟用動態物理","ダイナミック物理を有効化","Habilitar física dinâmica","启用动态物理"
"VSTR_TOOLTIP_PHYSICS","This option will enable physics on the object for a few seconds temporarily in order to simulate position randomization. You can use this option to make objects stacking seem <br /> naturally placed","This option will enable physics on the object for a few seconds temporarily in order to simulate position randomization. You can use this option to make objects stacking seem <br /> naturally placed","Tato možnost dočasně na několik sekund povolí fyziku objektu","Diese Option aktiviert die Physik des Objekts für ein paar Sekunden vorübergehend, um eine zufällige Positionsverschiebung zu simulieren. Dadurch wirkt das Stapeln von Objekten <br /> natürlicher platziert","Эта опция на несколько секунд включает физику объекта для имитации случайного смещения. Можно использовать, чтобы складывание объектов выглядело <br /> естественно размещённым","Ta opcja tymczasowo włączy fizykę obiektu na kilka sekund, aby zasymulować losową zmianę pozycji. Możesz użyć, aby układanie obiektów wyglądało <br /> naturalnie umieszczone","Ez az opció pár másodpercre engedélyezi az objektum fizikáját, hogy szimulálja a pozíció véletlenszerűsítését. Használhatod, hogy a tárgyrakás <br /> természetesebbnek hasson","Questa opzione abilita temporaneamente per alcuni secondi la fisica dell'oggetto per simulare una randomizzazione della posizione. Puoi usarla per far sembrare l'impilamento degli oggetti <br /> posizionato in modo naturale","Esta opción habilita temporalmente por unos segundos la física del objeto para simular una aleatorización de la posición. Puedes usarla para que el apilado de objetos parezca <br /> colocado de forma natural","Cette option active temporairement la physique de l'objet pendant quelques secondes pour simuler une randomisation de la position. Vous pouvez l'utiliser pour que l'empilement d'objets semble <br /> placé naturellement","此選項會暫時啟用物件的物理數秒，以模擬位置隨機化。可用於讓堆疊的物件看起來 <br /> 更自然地放置","このオプションは数秒間オブジェクトの物理を一時的に有効にし、位置のランダム化をシミュレートします。オブジェクトの積み重ねを <br /> 自然に見せるために使用できます","Esta opção habilita temporariamente por alguns segundos a física do objeto para simular uma aleatorização de posição. Você pode usar para fazer a pilha de objetos parecer <br /> posicionada naturalmente","此选项会暂时启用对象的物理数秒，以模拟位置随机化。可用于让堆叠的对象看起来 <br /> 更自然地放置"
"VSTR_TOOLTIP_EXPORT_SET","Click 'yes' to generate an export of the current set. Exports are saved on server profile: VPPAdminTools\\Exports","Click 'yes' to generate an export of the current set. Exports are saved on server profile: VPPAdminTools\\Exports","Klikněte na ‚Yes‘ pro vytvoření exportu aktuální sady. Exporty se ukládají do profilu serveru: VPPAdminTools\\Exports","Klicke auf ‚Ja‘, um einen Export des aktuellen Sets zu erzeugen. Exporte werden im Serverprofil gespeichert: VPPAdminTools\\Exports","Нажмите «Yes», чтобы создать экспорт текущего набора. Экспорты сохраняются в профиле сервера: VPPAdminTools\\Exports","Kliknij „Yes”, aby wygenerować eksport bieżącego zestawu. Eksporty są zapisywane w profilu serwera: VPPAdminTools\\Exports","Kattints az „Igen” gombra a jelenlegi készlet exportálásához. Az exportok a szerver profiljában tárolódnak: VPPAdminTools\\Exports","Clicca 'Sì' per generare un export del set corrente. Gli export sono salvati nel profilo del server: VPPAdminTools\\Exports","Haz clic en 'Sí' para generar una exportación del set actual. Las exportaciones se guardan en el perfil del servidor: VPPAdminTools\\Exports","Cliquez sur «Oui» pour générer une exportation de l'ensemble actuel. Les exports sont enregistrés dans le profil serveur: VPPAdminTools\\Exports","按一下「Yes」以匯出目前集合。匯出檔會儲存在伺服器設定檔: VPPAdminTools\\Exports","「Yes」をクリックすると、現在のセットをエクスポートします。エクスポートはサーバープロファイルに保存されます: VPPAdminTools\\Exports","Clique em 'Yes' para gerar uma exportação do conjunto atual. As exportações são salvas no perfil do servidor: VPPAdminTools\\Exports","按一下“Yes”以汇出目前集合。汇出档会储存在服务器设定档: VPPAdminTools\\Exports"
"VSTR_NOTIFY_ERR_DUPENAME","Error","Error","Chyba","Fehler","Ошибка","Błąd","Hiba","Errore","Error","Erreur","錯誤","エラー","Erro","错误"
"VSTR_TITLE_WARNING","Warning!","Warning!","Varování!","Warnung!","Предупреждение!","Ostrzeżenie!","Figyelmeztetés!","Attenzione!","¡Advertencia!","Attention!","警告!","警告!","Atenção!","警告!"
"VSTR_TOOLTIP_SELECT_SET","Selecting another building set will NOT save previous changes to other sets. Continue?","Selecting another building set will NOT save previous changes to other sets. Continue?","Výběr jiné stavební sady NEULOŽÍ předchozí změny v ostatních sadách. Pokračovat?","Das Auswählen eines anderen Bausets SPEICHERT vorherige Änderungen an anderen Sets NICHT. Fortfahren?","Выбор другой строительной серии НЕ сохранит предыдущие изменения в других сериях. Продолжить?","Wybranie innego zestawu budynków NIE zapisze wcześniejszych zmian w innych zestawach. Kontynuować?","Másik építési készlet kiválasztása NEM menti az előző változtatásokat a többi készletben. Folytatod?","Selezionare un altro set di costruzione NON salverà le modifiche precedenti agli altri set. Continuare?","Seleccionar otro set de construcción NO guardará los cambios previos en otros sets. ¿Continuar?","Sélectionner un autre set de construction NE sauvegardera PAS les modifications précédentes dans les autres sets. Continuer?","選擇其他建築集合不會儲存先前對其他集合的變更。要繼續?","別の建築セットを選ぶと、他のセットへの以前の変更は保存されません。続行しますか?","Selecionar outro set de construção NÃO salvará as alterações anteriores nos outros sets. Continuar?","选择其他建筑集合不会储存先前对其他集合的变更。要继续?"
"VSTR_NOTIFY_OBJ_DESELECT","Object deselected!","Object deselected!","Objekt odznačen!","Objekt abgewählt!","Объект снят с выделения!","Obiekt odznaczony!","Objektum kijelölése megszüntetve!","Oggetto deselezionato!","¡Objeto deseleccionado!","Objet désélectionné!","已取消選取物件!","オブジェクトの選択を解除しました!","Objeto desselecionado!","已取消选取对象!"
"VSTR_NOTIFY_OB_SELECTED","Selected Object:","Selected Object:","Vybraný objekt:","Ausgewähltes Objekt:","Выбранный объект:","Wybrany obiekt:","Kiválasztott objektum:","Oggetto selezionato:","Objeto seleccionado:","Objet sélectionné:","已選取物件:","選択中のオブジェクト:","Objeto selecionado:","已选取对象:"
"VSTR_NOTIFY_ERR_ATTS_SHOWING","Attributes editor already showing!","Attributes editor already showing!","Editor atributů je již zobrazen!","Attribut-Editor wird bereits angezeigt!","Редактор атрибутов уже открыт!","Edytor atrybutów jest już wyświetlany!","Attribútumszerkesztő már meg van nyitva!","L'editor degli attributi è già visibile!","¡El editor de atributos ya está visible!","L'éditeur d'attributs est déjà visible!","屬性編輯器已顯示!","属性エディタは既に表示中です!","O editor de atributos já está visível!","属性编辑器已显示!"
"VSTR_NOTIFY_ERR_NOSET_SELECTED","Cannot spawn object! No Building set selected! <br /> <br /> Select or create a new buildingset!","Cannot spawn object! No Building set selected! <br /> <br /> Select or create a new buildingset!","Nelze spawnout objekt! Není vybrána žádná stavební sada! <br /> <br /> Vyberte nebo vytvořte novou stavební sadu!","Objekt kann nicht gespawnt werden! Kein Bauset ausgewählt! <br /> <br /> Wähle ein Bauset aus oder erstelle ein neues!","Невозможно заспавнить объект! Не выбрана строительная серия! <br /> <br /> Выберите или создайте новую серию!","Nie można zrespawnować obiektu! Nie wybrano zestawu budynków! <br /> <br /> Wybierz lub utwórz nowy zestaw!","Nem lehet objektumot spawnolni! Nincs kiválasztott építési készlet! <br /> <br /> Válassz vagy hozz létre új építési készletet!","Impossibile spawnare oggetto! Nessun set di costruzione selezionato! <br /> <br /> Seleziona o crea un nuovo set di costruzione!","¡No se puede spawnear el objeto! ¡No hay set de construcción seleccionado! <br /> <br /> ¡Selecciona o crea un nuevo set de construcción!","Impossible de spawner l'objet! Aucun set de construction sélectionné! <br /> <br /> Sélectionnez ou créez un nouveau set de construction!","無法生成物件!未選取任何建築集合! <br /> <br /> 請選取或建立新的建築集合!","オブジェクトをスポーンできません! 建築セットが選択されていません! <br /> <br /> 建築セットを選択するか新規作成してください!","Não é possível spawnar o objeto! Nenhum set de construção selecionado! <br /> <br /> Selecione ou crie um novo set de construção!","无法生成对象!未选取任何建筑集合! <br /> <br /> 请选取或建立新的建筑集合!"
"VSTR_NOTIFY_ERR_SET_INACTIVE","Cannot spawn object! Building set selected is not active!!","Cannot spawn object! Building set selected is not active!!","Nelze spawnout objekt! Vybraná stavební sada není aktivní!!","Objekt kann nicht gespawnt werden! Ausgewähltes Bauset ist nicht aktiv!!","Невозможно заспавнить объект! Выбранная серия не активна!!","Nie można zrespawnować obiektu! Wybrany zestaw budynków nie jest aktywny!!","Nem lehet objektumot spawnolni! A kiválasztott építési készlet nem aktív!!","Impossibile spawnare oggetto! Il set di costruzione selezionato non è attivo!!","¡No se puede spawnear el objeto! ¡El set de construcción seleccionado no está activo!","Impossible de spawner l'objet! Le set de construction sélectionné n'est pas actif!!","無法生成物件!所選建築集合未啟用!!","オブジェクトをスポーンできません! 選択された建築セットは非アクティブです!!","Não é possível spawnar o objeto! O set de construção selecionado não está ativo!!","无法生成对象!所选建筑集合未启用!!"
"VSTR_TOOLTIP_HELP_OBJMANAGER","How to use: <br /> <Object Builder Controls> <br /> -> Left Ctrl to deselect an object <br /> -> Hold left Shift + left/right click to rotate object <br /> -> Hold left Alt + left/right click to move up/down <br /> -> Left Click on object to select <br /> -> Hold left Click to drag/move object.","How to use: <br /> <Object Builder Controls> <br /> -> Left Ctrl to deselect an object <br /> -> Hold left Shift + left/right click to rotate object <br /> -> Hold left Alt + left/right click to move up/down <br /> -> Left Click on object to select <br /> -> Hold left Click to drag/move object.","Jak používat: <br /> <br /> <Ovládání Object Builderu> <br /> -> Levý Ctrl pro odznačení objektu <br /> -> Držte levý Shift + levé/pravé kliknutí pro rotaci <br /> -> Držte levý Alt + levé/pravé kliknutí pro pohyb nahoru/dolů <br /> -> Levé kliknutí pro výběr objektu <br /> -> Držte levé kliknutí pro tažení/pohyb ""objektu.""","So funktioniert’s: <br /> <br /> <Object-Builder-Steuerung> <br /> -> Linke Strg, um ein Objekt abzuwählen <br /> -> Linke Umschalt + Links-/Rechtsklick halten, um zu rotieren <br /> -> Linke Alt + Links-/Rechtsklick halten, um nach oben/unten zu bewegen <br /> -> Linksklick auf Objekt zum Auswählen <br /> -> Linksklick halten, um zu ziehen/bewegen.","Как использовать: <br /> <br /> <Управление Object Builder> <br /> -> Левая Ctrl — снять выделение <br /> -> Удерживайте левый Shift + лев/прав клик — вращать объект <br /> -> Удерживайте левый Alt + лев/прав клик — вверх/вниз <br /> -> ЛКМ по объекту — выбрать <br /> -> Удерживайте ЛКМ — перетаскивать/двигать.","Jak używać: <br /> <br /> <Sterowanie Object Builder> <br /> -> Lewy Ctrl — odznacz obiekt <br /> -> Przytrzymaj lewy Shift + lewy/prawy klik, aby obracać <br /> -> Przytrzymaj lewy Alt + lewy/prawy klik, aby przesuwać w górę/dół <br /> -> Lewy klik na obiekt, aby zaznaczyć <br /> -> Przytrzymaj lewy klik, aby przeciągać/przesuwać.","Használati útmutató: <br /> <br /> <Object Builder vezérlés> <br /> -> Bal Ctrl: objektum kijelölésének megszüntetése <br /> -> Bal Shift + bal/jobb klikk tartása: forgatás <br /> -> Bal Alt + bal/jobb klikk tartása: fel/le mozgatás <br /> -> Bal klikk az objektumon: kijelölés <br /> -> Bal klikk tartása: húzás/mozgatás.","Come usare: <br /> <br /> <Controlli Object Builder> <br /> -> Ctrl sinistro per deselezionare un oggetto <br /> -> Tieni premuto Shift sinistro + clic sinistro/destro per ruotare <br /> -> Tieni premuto Alt sinistro + clic sinistro/destro per muovere su/giù <br /> -> Clic sinistro sull'oggetto per selezionarlo <br /> -> Tieni premuto il clic sinistro per trascinare/muovere l'oggetto.","Cómo usar: <br /> <br /> <Controles del Object Builder> <br /> -> Ctrl izquierdo para deseleccionar un objeto <br /> -> Mantén Shift izquierdo + clic izq./der. para rotar <br /> -> Mantén Alt izquierdo + clic izq./der. para mover arriba/abajo <br /> -> Clic izquierdo en el objeto para seleccionarlo <br /> -> Mantén clic izquierdo para arrastrar/mover el objeto.","Comment utiliser: <br /> <br /> <Contrôles de l'Object Builder> <br /> -> Ctrl gauche pour désélectionner un objet <br /> -> Maintenir Shift gauche + clic gauche/droit pour faire pivoter <br /> -> Maintenir Alt gauche + clic gauche/droit pour monter/descendre <br /> -> Clic gauche sur l'objet pour sélectionner <br /> -> Maintenir le clic gauche pour faire glisser/déplacer l'objet.","使用方式: <br /> <br /> <Object Builder 控制> <br /> -> 按住左 Ctrl 取消選取物件 <br /> -> 按住左 Shift + 左/右鍵旋轉 <br /> -> 按住左 Alt + 左/右鍵上下移動 <br /> -> 左鍵點擊物件以選取 <br /> -> 按住左鍵可拖曳/移動物件。","使い方: <br /> <br /> <Object Builder コントロール> <br /> -> 左Ctrl でオブジェクトの選択解除 <br /> -> 左Shift＋左/右クリック長押しで回転 <br /> -> 左Alt＋左/右クリック長押しで上下移動 <br /> -> オブジェクトを左クリックで選択 <br /> -> 左クリック長押しでドラッグ/移動。","Como usar: <br /> <br /> <Controles do Object Builder> <br /> -> Ctrl esquerdo para desselecionar um objeto <br /> -> Segurar Shift esquerdo + clique esq./dir. para girar <br /> -> Segurar Alt esquerdo + clique esq./dir. para mover para cima/baixo <br /> -> Clique esquerdo no objeto para selecionar <br /> -> Segurar clique esquerdo para arrastar/mover o objeto.","使用方式: <br /> <br /> <Object Builder 控制> <br /> -> 按住左 Ctrl 取消选取对象 <br /> -> 按住左 Shift + 左/右键旋转 <br /> -> 按住左 Alt + 左/右键上下移动 <br /> -> 左键点击对象以选取 <br /> -> 按住左键可拖曳/移动对象。"
"VSTR_TILE_DEL_USER","Delete User","Delete User","Smazat uživatele","Benutzer löschen","Удалить пользователя","Usuń użytkownika","Felhasználó törlése","Elimina utente","Eliminar usuario","Supprimer l'utilisateur","刪除使用者","ユーザーを削除","Excluir usuário","删除用户"
"VSTR_Q_REMOVE_USER_FROMGROUP","Are you sure you wish to remove","Are you sure you wish to remove","Opravdu chcete odstranit","Möchtest du wirklich entfernen","Вы уверены, что хотите удалить","Czy na pewno chcesz usunąć","Biztosan szeretnéd eltávolítani","Sei sicuro di voler rimuovere","¿Seguro que quieres eliminar","Êtes-vous sûr de vouloir retirer","確定要從群組中移除","本当に","Tem certeza de que deseja remover","确定要从群组中移除"
"VSTR_Q_REMOVE_USER_FROMGROUP_2","from the group?","from the group?","ze skupiny?","aus der Gruppe?","из группы?","z grupy?","a csoportból?","dal gruppo?","del grupo?","du groupe?","?","をグループから削除しますか?","do grupo?","编辑权限等级"
"VSTR_TITLE_EDIT_PERMS","Edit Permission Level","Edit Permission Level","Upravit úroveň oprávnění","Berechtigungsstufe bearbeiten","Изменить уровень прав","Edytuj poziom uprawnień","Jogosultsági szint módosítása","Modifica livello autorizzazioni","Editar nivel de permisos","Modifier le niveau d'autorisation","編輯權限等級","権限レベルを編集","Editar nível de permissão","编辑权限等级"
"VSTR_TOOLTIP_PERMSLEVEL","Please Insert New Permission Level Value for the user group:","Please Insert New Permission Level Value for the user group:","Zadejte novou hodnotu úrovně oprávnění pro uživatelskou skupinu:","Gib einen neuen Wert der Berechtigungsstufe für die Benutzergruppe ein:","Введите новое значение уровня прав для группы пользователей:","Wprowadź nową wartość poziomu uprawnień dla grupy użytkowników:","Add meg az új jogosultsági szint értékét a felhasználói csoport számára:","Inserisci il nuovo valore di livello autorizzazioni per il gruppo utenti:","Introduce el nuevo valor del nivel de permisos para el grupo de usuarios:","Saisissez la nouvelle valeur de niveau d'autorisation pour le groupe d'utilisateurs:","輸入該使用者群組的新權限等級值:","ユーザーグループの新しい権限レベル値を入力してください:","Digite o novo valor de nível de permissão para o grupo de usuários:","输入该用户群组的新权限等级值:"
"VSTR_NOTIFY_PERMLVL_UPDATED","Permission Level Updated To:","Permission Level Updated To:","Úroveň oprávnění aktualizována na:","Berechtigungsstufe aktualisiert zu:","Уровень прав обновлён до:","Poziom uprawnień zaktualizowano do:","Jogosultsági szint frissítve erre:","Livello autorizzazioni aggiornato a:","Nivel de permisos actualizado a:","Niveau d'autorisation mis à jour à:","權限等級已更新為:","権限レベルを更新しました:","Nível de permissão atualizado para:","权限等级已更新为:"
"VSTR_TOOLTIPE_TITLE_DELGROUP","Delete User Group","Delete User Group","Smazat uživatelskou skupinu","Benutzergruppe löschen","Удалить группу пользователей","Usuń grupę użytkowników","Felhasználói csoport törlése","Elimina gruppo utenti","Eliminar grupo de usuarios","Supprimer le groupe d'utilisateurs","刪除使用者群組","ユーザーグループを削除","Excluir grupo de usuários","删除用户群组"
"VSTR_TOOLTIPE_DELGROUP","Are you sure you wish to delete selected user group?","Are you sure you wish to delete selected user group?","Opravdu chcete smazat vybranou uživatelskou skupinu?","Möchtest du die ausgewählte Benutzergruppe wirklich löschen?","Вы уверены, что хотите удалить выбранную группу?","Czy na pewno chcesz usunąć wybraną grupę użytkowników?","Biztosan törlöd a kiválasztott felhasználói csoportot?","Sei sicuro di voler eliminare il gruppo utenti selezionato?","¿Seguro que quieres eliminar el grupo de usuarios seleccionado?","Êtes-vous sûr de vouloir supprimer le groupe d'utilisateurs sélectionné?","確定要刪除所選使用者群組?","選択したユーザーグループを本当に削除しますか?","Tem certeza de que deseja excluir o grupo de usuários selecionado?","确定要删除所选用户群组?"
"VSTR_TOOLTIP_TITLE_CREATEGROUP","Create User Group","Create User Group","Vytvořit uživatelskou skupinu","Benutzergruppe erstellen","Создать группу пользователей","Utwórz grupę użytkowników","Felhasználói csoport létrehozása","Crea gruppo utenti","Crear grupo de usuarios","Créer un groupe d'utilisateurs","建立使用者群組","ユーザーグループを作成","Criar grupo de usuários","建立用户群组"
"VSTR_TOOLTIP_CREATEGROUP","Please Insert a new for the group. Duplicate names will be rejected.","Please Insert a new for the group. Duplicate names will be rejected.","Zadejte nový název pro skupinu. Duplicitní názvy budou odmítnuty.","Gib einen neuen Namen für die Gruppe ein. Doppelte Namen werden abgelehnt.","Введите новое имя для группы. Дубликаты будут отклонены.","Wprowadź nową nazwę dla grupy. Duplikaty będą odrzucone.","Adj új nevet a csoportnak. A duplikált nevek el lesznek utasítva.","Inserisci un nuovo nome per il gruppo. I nomi duplicati saranno rifiutati.","Introduce un nuevo nombre para el grupo. Los nombres duplicados serán rechazados.","Saisissez un nouveau nom pour le groupe. Les noms dupliqués seront refusés.","輸入群組的新名稱。重複的名稱將被拒絕。","グループの新しい名前を入力してください。重複名は拒否されます。","Digite um novo nome para o grupo. Nomes duplicados serão rejeitados.","输入群组的新名称。重复的名称将被拒绝。"
"VSTR_TOOLTIP_TITLE_UPDATE_PERMSGRP","Update Permissions","Update Permissions","Aktualizovat oprávnění","Berechtigungen aktualisieren","Обновить разрешения","Aktualizuj uprawnienia","Jogosultságok frissítése","Aggiorna autorizzazioni","Actualizar permisos","Mettre à jour","更新權限","権限を更新","Atualizar permissões","更新权限"
"VSTR_TOOLTIP_UPDATE_PERMSGRP","Are you sure you wish to update selected group's permissions?","Are you sure you wish to update selected group's permissions?","Opravdu chcete aktualizovat oprávnění vybrané skupiny?","Möchtest du die Berechtigungen der ausgewählten Gruppe wirklich aktualisieren?","Вы уверены, что хотите обновить права выбранной группы?","Czy na pewno chcesz zaktualizować uprawnienia wybranej grupy?","Biztosan frissíted a kiválasztott csoport jogosultságait?","Sei sicuro di voler aggiornare le autorizzazioni del gruppo selezionato?","¿Seguro que quieres actualizar los permisos del grupo seleccionado?","Êtes-vous sûr de vouloir mettre à jour les autorisations du groupe sélectionné?","確定要更新所選群組的權限?","選択したグループの権限を本当に更新しますか?","Tem certeza de que deseja atualizar as permissões do grupo selecionado?","确定要更新所选群组的权限?"
"VSTR_NOTIFY_PERMS_REQUSTADD","Requesting Server to Add Members to Group:","Requesting Server to Add Members to Group:","Požaduji po serveru přidání členů do skupiny:","Server wird gebeten, Mitglieder zur Gruppe hinzuzufügen:","Запрос серверу на добавление участников в группу:","Wysyłanie do serwera prośby o dodanie członków do grupy:","Szerver kérésének elküldése tagok hozzáadására a csoporthoz:","Richiesta al server di aggiungere membri al gruppo:","Solicitando al servidor agregar miembros al grupo:","Demande au serveur d'ajouter des membres au groupe:","請求伺服器將成員加入群組:","グループにメンバーを追加するようサーバーに要求中:","Solicitando ao servidor adicionar membros ao grupo:","请求服务器将成员加入群组:"
"VSTR_NOTIFY_ERR_ADD_PLAYERSPERMS","Error Adding Selected Players! Something Went Wrong.","Error Adding Selected Players! Something Went Wrong.","Chyba při přidávání vybraných hráčů! Něco se pokazilo.","Fehler beim Hinzufügen der ausgewählten Spieler! Etwas ist schiefgelaufen.","Ошибка при добавлении выбранных игроков! Что‑то пошло не так.","Błąd dodawania wybranych graczy! Coś poszło nie tak.","Hiba a kiválasztott játékosok hozzáadásakor! Valami elromlott.","Errore durante l'aggiunta dei giocatori selezionati! Qualcosa è andato storto.","¡Error al añadir a los jugadores seleccionados! Algo salió mal.","Erreur lors de l'ajout des joueurs sélectionnés! Un problème est survenu.","新增所選玩家時發生錯誤!發生了問題。","選択したプレイヤーの追加に失敗しました! 問題が発生しました。","Erro ao adicionar os jogadores selecionados! Algo deu errado.","新增所选玩家时发生错误!发生了问题。"
"VSTR_NOTIFY_PERMS_UPD_GRP","Permissions for group:","Permissions for group:","Oprávnění pro skupinu:","Berechtigungen für Gruppe:","Права для группы:","Uprawnienia dla grupy:","Csoport jogosultságai:","Autorizzazioni per il gruppo:","Permisos para el grupo:","Autorisations pour le groupe:","群組的權限:","グループの権限:","Permissões para o grupo:","群组的权限:"
"VSTR_NOTIFY_PERMS_UPD_GRP_2","updated & saved!","updated & saved!","aktualizována a uložena!","aktualisiert & gespeichert!","обновлены и сохранены!","zaktualizowano i zapisano!","frissítve és elmentve!","aggiornate e salvate!","¡actualizados y guardados!","mises à jour et enregistrées!","已更新並儲存!","更新して保存しました!","atualizadas e salvas!","已更新并储存!"
"VSTR_NOTIFY_GRPNAME","Group Name:","Group Name:","Název skupiny:","Gruppenname:","Имя группы:","Nazwa grupy:","Csoport neve:","Nome gruppo:","Nombre del grupo:","Nom du groupe:","群組名稱:","グループ名:","Nome do grupo:","群组名称:"
"VSTR_NOTIFY_ALREADY_EXISTS","already exists!","already exists!","již existuje!","existiert bereits!","уже существует!","już istnieje!","már létezik!","esiste già!","¡ya existe!","existe déjà!","已存在!","は既に存在します!","já existe!","已存在!"
"VSTR_NOTIFY_USER_GRP_CREATED","Created New User Group:","Created New User Group:","Vytvořena nová uživatelská skupina:","Neue Benutzergruppe erstellt:","Создана новая группа пользователей:","Utworzono nową grupę użytkowników:","Új felhasználói csoport létrehozva:","Creato nuovo gruppo utenti:","Nuevo grupo de usuarios creado:","Nouveau groupe d'utilisateurs créé:","已建立新的使用者群組:","新しいユーザーグループを作成しました:","Novo grupo de usuários criado:","已建立新的用户群组:"
"VSTR_NOTIFY_SUCCESS_COPY_TOCLIPBOARD","Successfully Copied To Clipboard!","Successfully Copied To Clipboard!","Úspěšně zkopírováno do schránky!","Erfolgreich in die Zwischenablage kopiert!","Успешно скопировано в буфер обмена!","Pomyślnie skopiowano do schowka!","Sikeresen a vágólapra másolva!","Copiato negli appunti con successo!","¡Copiado al portapapeles con éxito!","Copié avec succès dans le presse-papiers!","已成功複製到剪貼簿!","クリップボードへコピーしました!","Copiado com sucesso para a área de transferência!","已成功复制到剪贴板!"
"VSTR_TOOLTIP_TITLE_NOTICE","Important Notice!","Important Notice!","Důležité upozornění!","Wichtiger Hinweis!","Важное уведомление!","Ważna informacja!","Fontos közlemény!","Avviso importante!","¡Aviso importante!","Avertissement important!","重要提醒!","重要なお知らせ!","Aviso importante!","重要提醒!"
"VSTR_TOOLTIP_WRN_ADDPLAYERTOGRP","Are you sure you wish to add selected players to selected user group?","Are you sure you wish to add selected players to selected user group?","Opravdu chcete přidat vybrané hráče do vybrané uživatelské skupiny?","Möchtest du die ausgewählten Spieler wirklich zur ausgewählten Benutzergruppe hinzufügen?","Вы уверены, что хотите добавить выбранных игроков в выбранную группу?","Czy na pewno chcesz dodać wybranych graczy do wybranej grupy użytkowników?","Biztosan hozzáadod a kiválasztott játékosokat a kiválasztott felhasználói csoporthoz?","Sei sicuro di voler aggiungere i giocatori selezionati al gruppo utenti selezionato?","¿Seguro que quieres añadir a los jugadores seleccionados al grupo de usuarios seleccionado?","Êtes-vous sûr de vouloir ajouter les joueurs sélectionnés au groupe d'utilisateurs sélectionné?","確定要將所選玩家加入所選使用者群組?","選択したプレイヤーを選択したユーザーグループに本当に追加しますか?","Tem certeza de que deseja adicionar os jogadores selecionados ao grupo de usuários selecionado?","确定要将所选玩家加入所选用户群组?"
"VSTR_TOOLTIP_TITLE_VOMIT","Length of Vomiting:","Length of Vomiting:","Délka zvracení:","Dauer des Erbrechens:","Длительность рвоты:","Długość wymiotów:","Hányás hossza:","Durata del vomito:","Duración del vómito:","Durée des vomissements:","嘔吐時長:","嘔吐の長さ:","Duração do vômito:","呕吐时长:"
"VSTR_TOOLTIP_VOMIT","Input length of time in seconds.","Input length of time in seconds.","Zadejte délku v sekundách.","Zeit in Sekunden eingeben.","Введите длительность в секундах.","Wprowadź długość w sekundach.","Add meg az időt másodpercben.","Inserisci la durata in secondi.","Introduce la duración en segundos.","Saisissez la durée en secondes.","輸入秒數。","秒数を入力してください。","Digite a duração em segundos.","输入秒数。"
"VSTR_TOOLTIP_TITLE_KICK","Kick Player","Kick Player","Vyhodit hráče","Spieler kicken","Кикнуть игрока","Wyrzuć gracza","Játékos kirúgása","Espelli giocatore","Expulsar jugador","Expulser le joueur","踢出玩家","プレイヤーをキック","Expulsar jogador","踢出玩家"
"VSTR_TOOLTIP_KICK_REASON","Please type kick reason or leave empty!","Please type kick reason or leave empty!","Zadejte důvod vyhození nebo ponechte prázdné!","Gib den Kick-Grund ein oder lasse das Feld leer!","Введите причину кика или оставьте пустым!","Wpisz powód wyrzucenia lub pozostaw puste!","Írd be a kirúgás okát, vagy hagyd üresen!","Inserisci il motivo dell'espulsione o lascia vuoto!","¡Introduce el motivo de la expulsión o déjalo en blanco!","Saisissez la raison de l'expulsion ou laissez vide!","輸入踢出原因，或留空!","キックの理由を入力、または空のままにしてください!","Digite o motivo do kick ou deixe em branco!","输入踢出原因，或留空!"
"VSTR_TOOLTIP_TITLE_KILL_PLAYERS","KILL","KILL","ZABÍT","TÖTEN","УБИТЬ","ZABIĆ","MEGÖLNI","UCCIDI","MATAR","TUER","殺死","キル","MATAR","杀死"
"VSTR_TOOLTIP_KILL_PLAYERS","Are you sure you wish to kill selected players?","Are you sure you wish to kill selected players?","Opravdu chcete zabít vybrané hráče?","Möchtest du die ausgewählten Spieler wirklich töten?","Вы уверены, что хотите убить выбранных игроков?","Czy na pewno chcesz zabić wybranych graczy?","Biztosan megölöd a kiválasztott játékosokat?","Sei sicuro di voler uccidere i giocatori selezionati?","¿Seguro que quieres matar a los jugadores seleccionados?","Êtes-vous sûr de vouloir tuer les joueurs sélectionnés?","確定要殺死所選玩家?","選択したプレイヤーを本当にキルしますか?","Tem certeza de que deseja matar os jogadores selecionados?","确定要杀死所选玩家?"
"VSTR_TOOLTIP_TITLE_SEND_MSG","Send Message","Send Message","Odeslat zprávu","Nachricht senden","Отправить сообщение","Wyślij wiadomość","Üzenet küldése","Invia messaggio","Enviar mensaje","Envoyer un message","發送訊息","メッセージを送信","Enviar mensagem","发送讯息"
"VSTR_TOOLTIP_SEND_MSG","Please type the message you wish to send!","Please type the message you wish to send!","Napište zprávu, kterou chcete odeslat!","Gib die Nachricht ein, die du senden möchtest!","Введите сообщение, которое хотите отправить!","Wpisz wiadomość, którą chcesz wysłać!","Írd be az üzenetet, amit küldeni szeretnél!","Digita il messaggio che desideri inviare!","¡Escribe el mensaje que deseas enviar!","Saisissez le message que vous souhaitez envoyer!","輸入你要發送的訊息!","送信したいメッセージを入力してください!","Digite a mensagem que deseja enviar!","输入你要发送的讯息!"
"VSTR_TOOLTIP_TITLE_BAN_PLAYER","Ban Player(s)","Ban Player(s)","Zabanovat hráče","Spieler bannen","Забанить игрока(ов)","Zbanuj gracza(-y)","Játékos(ok) kitiltása","Banna giocatore/i","Banear jugador(es)","Bannir le(s) joueur(s)","封禁玩家","プレイヤーを BAN","Banir jogador(es)","封禁玩家"
"VSTR_TOOLTIP_TITLE_RET_PLAYER","Return Player","Return Player","Vrátit hráče","Spieler zurückbringen","Вернуть игрока","Zwróć gracza","Játékos visszahozása","Riporta giocatore","Devolver jugador","Rappeler le joueur","帶回玩家","プレイヤーを戻す","Trazer jogador de volta","带回玩家"
"VSTR_TOOLTIP_BAN_PLAYER","Are you sure you wish to ban selected players? Note: you can edit the ban duration after within the Bans Manager Menu","Are you sure you wish to ban selected players? Note: you can edit the ban duration after within the Bans Manager Menu","Opravdu chcete zabanovat vybrané hráče? Poznámka: délku banu můžete později upravit v menu Správce banů","Möchtest du die ausgewählten Spieler wirklich bannen? Hinweis: Die Bann-Dauer kannst du danach im Bann-Manager-Menü bearbeiten","Вы уверены, что хотите забанить выбранных игроков? Примечание: длительность бана можно изменить позже в меню менеджера банов","Czy na pewno chcesz zbanować wybranych graczy? Uwaga: czas trwania bana możesz później edytować w Menedżerze banów","Biztosan kitiltod a kiválasztott játékosokat? Megjegyzés: a tiltás időtartama később szerkeszthető a Tiltások kezelőjében","Sei sicuro di voler bannare i giocatori selezionati? Nota: puoi modificare la durata del ban dopo nel menu Gestione ban","¿Seguro que quieres banear a los jugadores seleccionados? Nota: puedes editar la duración del ban después en el menú del gestor de bans","Êtes-vous sûr de vouloir bannir les joueurs sélectionnés? Remarque: vous pouvez modifier la durée du ban ensuite dans le menu Gestionnaire de bans","確定要封禁所選玩家?注意: 之後可在封禁管理選單中修改封禁時長","選択したプレイヤーを本当に BAN しますか? 注意: BAN の期間は後で BAN マネージャーメニューで編集できます","Tem certeza de que deseja banir os jogadores selecionados? Observação: a duração do ban pode ser editada depois no menu do gerenciador de bans","确定要封禁所选玩家?注意: 之后可在封禁管理选单中修改封禁时长"
"VSTR_TOOLTIP_RET_PLAYER","Are you sure you wish to teleport back selected players?","Are you sure you wish to teleport back selected players?","Opravdu chcete teleportovat vybrané hráče zpět?","Möchtest du die ausgewählten Spieler wirklich zurück teleportieren?","Вы уверены, что хотите телепортировать выбранных игроков обратно?","Czy na pewno chcesz teleportować wybranych graczy z powrotem?","Biztosan visszateleportálod a kiválasztott játékosokat?","Sei sicuro di voler teletrasportare indietro i giocatori selezionati?","¿Seguro que quieres teletransportar de vuelta a los jugadores seleccionados?","Êtes-vous sûr de vouloir téléporter en arrière les joueurs sélectionnés?","確定要將所選玩家傳送回去?","選択したプレイヤーを本当に元の位置にテレポートしますか?","Tem certeza de que deseja teletransportar de volta os jogadores selecionados?","确定要将所选玩家传送回去?"
"VSTR_NOTIFY_APPLY_HEALTH","Applying new Health value on","Applying new Health value on","Aplikuji novou hodnotu Health na","Neue Health-Werte anwenden auf","Применение нового значения Health к","Zastosowanie nowej wartości Health dla","Új Health érték alkalmazása ezen:","Applicazione del nuovo valore Health su","Aplicando nuevo valor de Health a","Application de la nouvelle valeur Health à","正在套用新的 Health 數值至","新しい Health 値を適用:","Aplicando novo valor de Health para","正在套用新的 Health 数值至"
"VSTR_NOTIFY_APPLY_BLOOD","Applying new Blood value on","Applying new Blood value on","Aplikuji novou hodnotu Blood na","Neue Blood-Werte anwenden auf","Применение нового значения Blood к","Zastosowanie nowej wartości Blood dla","Új Blood érték alkalmazása ezen:","Applicazione del nuovo valore Blood su","Aplicando nuevo valor de Blood a","Application de la nouvelle valeur Blood à","正在套用新的 Blood 數值至","新しい Blood 値を適用:","Aplicando novo valor de Blood para","正在套用新的 Blood 数值至"
"VSTR_NOTIFY_APPLY_SHOCK","Applying new Shock value on","Applying new Shock value on","Aplikuji novou hodnotu Shock na","Neue Shock-Werte anwenden auf","Применение нового значения Shock к","Zastosowanie nowej wartości Shock dla","Új Shock érték alkalmazása ezen:","Applicazione del nuovo valore Shock su","Aplicando nuevo valor de Shock a","Application de la nouvelle valeur Shock à","正在套用新的 Shock 數值至","新しい Shock 値を適用:","Aplicando novo valor de Shock para","正在套用新的 Shock 数值至"
"VSTR_NOTIFY_APPLY_WATER","Applying new Water value on","Applying new Water value on","Aplikuji novou hodnotu Water na","Neue Water-Werte anwenden auf","Применение нового значения Water к","Zastosowanie nowej wartości Water dla","Új Water érték alkalmazása ezen:","Applicazione del nuovo valore Water su","Aplicando nuevo valor de Water a","Application de la nouvelle valeur Water à","正在套用新的 Water 數值至","新しい Water 値を適用:","Aplicando novo valor de Water para","正在套用新的 Water 数值至"
"VSTR_NOTIFY_APPLY_ENERGY","Applying new Energy/Food value on","Applying new Energy/Food value on","Aplikuji novou hodnotu Energy/Food na","Neue Energy/Food-Werte anwenden auf","Применение нового значения Energy/Food к","Zastosowanie nowej wartości Energy/Food dla","Új Energy/Food érték alkalmazása ezen:","Applicazione del nuovo valore Energy/Food su","Aplicando nuevo valor de Energy/Food a","Application de la nouvelle valeur Energy/Food à","正在套用新的 Energy/Food 數值至","新しい Energy/Food 値を適用:","Aplicando novo valor de Energy/Food para","正在套用新的 Energy/Food 数值至"
"VSTR_NOTIFY_KICK_MESSAGE_PLAYER","Kicked By Server Admin!","Kicked By Server Admin!","Vyhozen správcem serveru!","Vom Server-Admin gekickt!","Кикнут администратором сервера!","Wyrzucony przez administratora serwera!","Szerveradmin rúgta ki!","Espulso dall'amministratore del server!","¡Expulsado por el administrador del servidor!","Exclu par l'administrateur du serveur!","已被伺服器管理員踢出!","サーバー管理者によりキックされました!","Expulso pelo administrador do servidor!","已被服务器管理员踢出!"
"VSTR_NOTIFY_SPECTATE_REQ","Requesting to spectate selected player","Requesting to spectate selected player","Požadavek na spectate vybraného hráče","Anfrage, den ausgewählten Spieler zu beobachten (spectate)","Запрос на наблюдение за выбранным игроком","Żądanie obserwacji wybranego gracza","Kérés a kiválasztott játékos megfigyelésére (spectate)","Richiesta di spettare il giocatore selezionato","Solicitud para espectar al jugador seleccionado","Demande pour spectate le joueur sélectionné","請求觀戰所選玩家","選択したプレイヤーを SPECTATE 要求","Solicitação para spectate o jogador selecionado","请求观战所选玩家"
"VSTR_TOOLTIP_TITLE_RESTARTSERVER","Restart Server","Restart Server","Restartovat server","Server neu starten","Перезапустить сервер","Zrestartuj serwer","Szerver újraindítása","Riavvia server","Reiniciar servidor","Redémarrer le serveur","重新啟動伺服器","サーバーを再起動","Reiniciar servidor","重新启动服务器"
"VSTR_TOOLTIP_RESTARTSERVER","Please input time (seconds) until restart. Players will be alerted.","Please input time (seconds) until restart. Players will be alerted.","Zadejte čas (v sekundách) do restartu. Hráči budou upozorněni.","Bitte gib die Zeit (Sekunden) bis zum Neustart ein. Spieler werden benachrichtigt.","Введите время (секунды) до перезапуска. Игроки будут предупреждены.","Wprowadź czas (sekundy) do restartu. Gracze zostaną powiadomieni.","Add meg az időt (másodpercben) az újraindításig. A játékosok értesítést kapnak.","Inserisci il tempo (secondi) fino al riavvio. I giocatori verranno avvisati.","Introduce el tiempo (segundos) hasta el reinicio. Los jugadores serán notificados.","Saisissez le temps (secondes) avant le redémarrage. Les joueurs seront avertis.","輸入距離重新啟動的時間（秒）。將通知玩家。","再起動までの時間（秒）を入力してください。プレイヤーに通知されます。","Digite o tempo (segundos) até o reinício. Os jogadores serão notificados.","输入距离重新启动的时间（秒）。将通知玩家。"
"VSTR_TOOLTIP_TITLE_LOCKSERVER","Lock Server","Lock Server","Zamknout server","Server sperren","Заблокировать сервер","Zablokuj serwer","Szerver zárolása","Blocca server","Bloquear servidor","Verrouiller le serveur","鎖定伺服器","サーバーをロック","Bloquear servidor","锁定服务器"
"VSTR_TOOLTIP_LOCKSERVER","Are you sure you wish to lock the server and prevent new clients from connecting?","Are you sure you wish to lock the server and prevent new clients from connecting?","Opravdu chcete zamknout server a zabránit novým klientům v připojení?","Möchtest du den Server wirklich sperren und neue Verbindungen verhindern?","Вы уверены, что хотите заблокировать сервер и запретить подключение новым клиентам?","Czy na pewno chcesz zablokować serwer i uniemożliwić dołączanie nowym klientom?","Biztosan zárolod a szervert és megakadályozod az új kliensek csatlakozását?","Sei sicuro di voler bloccare il server e impedire nuove connessioni?","¿Seguro que quieres bloquear el servidor e impedir nuevas conexiones?","Êtes-vous sûr de vouloir verrouiller le serveur et empêcher les nouvelles connexions?","確定要鎖定伺服器並阻止新客戶端連線?","サーバーをロックして新規接続を拒否しますか?","Tem certeza de que deseja bloquear o servidor e impedir novas conexões?","确定要锁定服务器并阻止新客户端连线?"
"VSTR_TOOLTIP_TITLE_KICKALLPLAYERS","Kick All Players","Kick All Players","Vyhodit všechny hráče","Alle Spieler kicken","Кикнуть всех игроков","Wyrzuć wszystkich graczy","Minden játékos kirúgása","Espelli tutti i giocatori","Expulsar a todos los jugadores","Expulser tous les joueurs","踢出所有玩家","全プレイヤーをキック","Expulsar todos os jogadores","踢出所有玩家"
"VSTR_TOOLTIP_KICKALLPLAYERS","Are you sure you wish to kick all players from server?","Are you sure you wish to kick all players from server?","Opravdu chcete vyhodit všechny hráče ze serveru?","Möchtest du wirklich alle Spieler vom Server kicken?","Вы уверены, что хотите кикнуть всех игроков с сервера?","Czy na pewno chcesz wyrzucić wszystkich graczy z serwera?","Biztosan kirúgod az összes játékost a szerverről?","Sei sicuro di voler espellere tutti i giocatori dal server?","¿Seguro que quieres expulsar a todos los jugadores del servidor?","Êtes-vous sûr de vouloir expulser tous les joueurs du serveur?","確定要將所有玩家自伺服器踢出?","本当に全プレイヤーをサーバーからキックしますか?","Tem certeza de que deseja expulsar todos os jogadores do servidor?","确定要将所有玩家自服务器踢出?"
"VSTR_NOTIFY_KICKINGPLAYERS","Kicking all players...","Kicking all players...","Vyhazuji všechny hráče...","Kicke alle Spieler...","Кикаю всех игроков...","Wyrzucanie wszystkich graczy...","Minden játékos kirúgása...","Espulsione di tutti i giocatori...","Expulsando a todos los jugadores...","Expulsion de tous les joueurs...","正在踢出所有玩家...","全プレイヤーをキック中...","Expulsando todos os jogadores...","正在踢出所有玩家..."
"VSTR_TOOLTIP_TP_MENU_INFO","Hold Left Ctrl and 2x Click on map to create a custom position! <br /> Double click on map to teleport your self or selected players!","Hold Left Ctrl and 2x Click on map to create a custom position! <br /> Double click on map to teleport your self or selected players!","Podržte levý Ctrl a 2× klikněte na mapu pro vytvoření vlastní pozice! <br /> Dvojklikem na mapu teleportujete sebe nebo vybrané hráče!","Halte linke Strg und doppelklicke auf die Karte, um eine benutzerdefinierte Position zu erstellen! <br /> Doppelklick auf die Karte, um dich selbst oder ausgewählte Spieler zu teleportieren!","Удерживайте левый Ctrl и дважды кликните на карте, чтобы создать пользовательскую позицию! <br /> Двойной клик по карте — телепорт вас или выбранных игроков!","Przytrzymaj lewy Ctrl i kliknij 2× na mapie, aby utworzyć własną pozycję! <br /> Podwójne kliknięcie na mapie teleportuje ciebie lub wybranych graczy!","Tartsd lenyomva a bal Ctrl-t és kattints 2× a térképen egy egyedi pozíció létrehozásához! <br /> Dupla kattintással teleportálod magad vagy a kiválasztott játékosokat!","Tieni premuto Ctrl sinistro e fai doppio clic sulla mappa per creare una posizione personalizzata! <br /> Doppio clic sulla mappa per teletrasportare te stesso o i giocatori selezionati!","¡Mantén Ctrl izquierdo y haz doble clic en el mapa para crear una posición personalizada! <br /> ¡Doble clic en el mapa para teletransportarte a ti o a los jugadores seleccionados!","Maintenez Ctrl gauche et double-cliquez sur la carte pour créer une position personnalisée! Sinon Double-cliquez sur la carte pour vous téléporter ou téléporter les joueurs sélectionnés!","按住左 Ctrl 並在地圖上連按兩下以建立自訂位置! <br /> 在地圖上雙擊可將你或所選玩家傳送!","左Ctrl を押しながらマップをダブルクリックするとカスタム位置を作成! <br /> マップのダブルクリックで自分または選択したプレイヤーをテレポート!","Mantenha Ctrl esquerdo e dê duplo clique no mapa para criar uma posição personalizada! <br /> Duplo clique no mapa para teletransportar você ou os jogadores selecionados!","按住左 Ctrl 并在地图上连按两下以建立自定义位置! <br /> 在地图上双击可将你或所选玩家传送!"
"VSTR_TOOLTIP_TITLE_DEL_PRESET_TP","Delete Preset?","Delete Preset?","Smazat preset?","Preset löschen?","Удалить пресет?","Usunąć preset?","Preset törlése?","Eliminare preset?","¿Eliminar preset?","Supprimer le preset?","刪除預設?","プリセットを削除しますか?","Excluir preset?","删除预设?"
"VSTR_TOOLTIP_DEL_PRESET_TP","Are you sure you want to remove selected saved teleport position(s)?","Are you sure you want to remove selected saved teleport position(s)?","Opravdu chcete odstranit vybrané uložené teleportovací pozice?","Möchtest du die ausgewählten gespeicherten Teleport-Positionen wirklich entfernen?","Вы уверены, что хотите удалить выбранные сохранённые позиции телепорта?","Czy na pewno chcesz usunąć wybrane zapisane pozycje teleportu?","Biztosan törlöd a kiválasztott mentett teleport pozíció(ka)t?","Sei sicuro di voler rimuovere le posizioni di teletrasporto salvate selezionate?","¿Seguro que quieres eliminar las posiciones de teletransporte guardadas seleccionadas?","Êtes-vous sûr de vouloir supprimer les positions de téléportation enregistrées sélectionnées?","確定要刪除所選已儲存的傳送位置?","保存済みテレポート位置（選択分）を本当に削除しますか?","Tem certeza de que deseja remover as posições de teleporte salvas selecionadas?","确定要删除所选已储存的传送位置?"
"VSTR_NOTIFY_ERR_TP_PLAYER","Error Teleporting...No Players selected!","Error Teleporting...No Players selected!","Chyba teleportace... Nejsou vybráni hráči!","Fehler beim Teleportieren... Keine Spieler ausgewählt!","Ошибка телепортации... Игроки не выбраны!","Błąd teleportacji... Nie wybrano graczy!","Hiba teleportáláskor... Nincsenek kiválasztott játékosok!","Errore di teletrasporto... Nessun giocatore selezionato!","Error de teletransporte... ¡No se seleccionaron jugadores!","Erreur de téléportation... Aucun joueur sélectionné!","傳送錯誤... 未選取玩家!","テレポートエラー… プレイヤーが選択されていません!","Erro de teleporte... Nenhum jogador selecionado!","传送错误... 未选取玩家!"
"VSTR_NOTIFY_ERR_TP_PLAYERS_NOTSELECT","Error Teleporting...No Players selected","Error Teleporting...No Players selected","Chyba teleportace... Nejsou vybráni hráči","Fehler beim Teleportieren... Keine Spieler ausgewählt","Ошибка телепортации... Игроки не выбраны","Błąd teleportacji... Nie wybrano graczy","Hiba teleportáláskor... Nincsenek kiválasztott játékosok","Errore di teletrasporto... Nessun giocatore selezionato","Error de teletransporte... No se seleccionaron jugadores","Erreur de téléportation... Aucun joueur sélectionné","傳送錯誤... 未選取玩家","テレポートエラー… プレイヤーが選択されていません","Erro de teleporte... Nenhum jogador selecionado","传送错误... 未选取玩家"
"VSTR_NOTIFY_ERR_INVALIDPOS","Invalid Position property!","Invalid Position property!","Neplatná vlastnost pozice!","Ungültige Positions-Eigenschaft!","Недопустимое свойство позиции!","Nieprawidłowa właściwość pozycji!","Érvénytelen pozíció attribútum!","Proprietà posizione non valida!","¡Propiedad de posición no válida!","Propriété de position invalide!","無效的位置屬性!","位置プロパティが無効です!","Propriedade de posição inválida!","无效的位置属性!"
"VSTR_NOTIFY_ERR_TP_NAME_UNIQUE","You must give the position a unique name!","You must give the position a unique name!","Musíte pozici zadat jedinečný název!","Du musst der Position einen eindeutigen Namen geben!","Необходимо задать уникальное имя позиции!","Musisz nadać pozycji unikalną nazwę!","Egyedi nevet kell adnod a pozíciónak!","Devi dare alla posizione un nome univoco!","¡Debes dar a la posición un nombre único!","Vous devez donner un nom unique à la position!","你必須替該位置命名為唯一名稱!","位置に一意の名前を付ける必要があります!","Você deve dar um nome exclusivo à posição!","你必须替该位置命名为唯一名称!"
"VSTR_TOOLTIP_WEATHER_MNU","This feature allows you to save presets of current world time OR the time data that you have typed in the 'World Time' section of the menu. <br /> Tick the box `Use Current Time` to save time directly from the world (current time","This feature allows you to save presets of current world time OR the time data that you have typed in the 'World Time' section of the menu. <br /> Tick the box `Use Current Time` to save time directly from the world (current time","Tato funkce umožňuje ukládat presety aktuálního světového času NEBO časových údajů","Diese Funktion ermöglicht das Speichern von Presets der aktuellen Weltzeit ODER der Zeitdaten, die du im Abschnitt ‚World Time‘ eingegeben hast. <br /> Aktiviere ‚Use Current Time‘, um die Zeit direkt aus der Welt zu speichern (aktuelle Zeit","Эта функция позволяет сохранять пресеты текущего мирового времени ИЛИ времени, введённого в разделе «World Time». <br /> Отметьте «Use Current Time», чтобы сохранить время напрямую из мира (текущее время","Ta funkcja umożliwia zapisywanie presetów bieżącego czasu świata LUB danych czasu wpisanych w sekcji „World Time”. <br /> Zaznacz „Use Current Time”, aby zapisać czas bezpośrednio ze świata (bieżący czas","Ez a funkció lehetővé teszi a jelenlegi világidő VAGY az általad a „World Time” szekcióban megadott időadatok mentését presetként. <br /> Pipáld be a „Use Current Time” mezőt az idő közvetlen mentéséhez a világból (aktuális idő","Questa funzione consente di salvare preset dell'ora del mondo corrente OPPURE dei dati temporali digitati nella sezione 'World Time' del menu. <br /> Spunta la casella 'Use Current Time' per salvare l'ora direttamente dal mondo (ora corrente","Esta función permite guardar presets de la hora del mundo actual O de los datos de tiempo que escribiste en la sección 'World Time' del menú. <br /> Marca 'Use Current Time' para guardar la hora directamente del mundo (hora actual","Cette fonction permet d'enregistrer des presets de l'heure du monde actuelle OU des données d'heure saisies dans la section «World Time» du menu. Cochez «Use Current Time» pour enregistrer l'heure directement depuis le monde (heure actuelle","此功能可將目前世界時間或你在選單「World Time」輸入的時間資料儲存為預設。 <br /> 勾選「Use Current Time」可直接自世界儲存時間（目前時間","この機能では、現在のワールド時間、またはメニューの『World Time』セクションで入力した時間データをプリセットとして保存できます。 <br /> 『Use Current Time』にチェックすると世界から直接（現在時刻を）保存します","Este recurso permite salvar presets do horário atual do mundo OU dos dados de tempo que você digitou na seção 'World Time' do menu. <br /> Marque 'Use Current Time' para salvar o horário diretamente do mundo (horário atual","此功能可将目前世界时间或你在选单“World Time”输入的时间资料储存为预设。 <br /> 勾选“Use Current Time”可直接自世界储存时间（目前时间"
"VSTR_TOOLTIP_WEATHER_PRST","This feature allows you to save weather presets that you can apply when you wish to. Duplicate names are not allowed! <br /> Opening and closing this menu will refresh the presets list if other admins made any new presets while you had it open.","This feature allows you to save weather presets that you can apply when you wish to. Duplicate names are not allowed! <br /> Opening and closing this menu will refresh the presets list if other admins made any new presets while you had it open.","Tato funkce umožňuje ukládat presety počasí","Diese Funktion ermöglicht das Speichern von Wetter-Presets, die du nach Wunsch anwenden kannst. Doppelte Namen sind nicht erlaubt! <br /> Beim Öffnen und Schließen dieses Menüs wird die Presetliste aktualisiert, falls andere Admins neue Presets erstellt haben, während du es offen hattest.","Эта функция позволяет сохранять пресеты погоды и применять их при необходимости. Дублирующиеся имена запрещены! <br /> Открытие/закрытие этого меню обновит список пресетов, если другие админы создали новые, пока у вас было открыто.","Ta funkcja pozwala zapisywać presety pogody, które możesz stosować kiedy chcesz. Zduplikowane nazwy są niedozwolone! <br /> Otwarcie i zamknięcie tego menu odświeży listę presetów, jeśli inni admini utworzyli nowe, gdy miałeś je otwarte.","Ez a funkció lehetővé teszi időjárás presetek mentését, amelyeket tetszés szerint alkalmazhatsz. Duplikált nevek nem engedélyezettek! <br /> A menü megnyitása és bezárása frissíti a presetlistát, ha más adminok közben új presetet hoztak létre.","Questa funzione consente di salvare preset meteo che puoi applicare quando vuoi. I nomi duplicati non sono consentiti! <br /> L'apertura e la chiusura di questo menu aggiornerà l'elenco dei preset se altri admin hanno creato nuovi preset mentre lo avevi aperto.","Esta función permite guardar presets del clima que puedes aplicar cuando quieras. ¡Los nombres duplicados no están permitidos! <br /> Abrir y cerrar este menú actualizará la lista de presets si otros admins crearon nuevos presets mientras lo tenías abierto.","Cette fonction permet d'enregistrer des presets météo que vous pouvez appliquer à volonté. Les noms en double ne sont pas autorisés! L'ouverture et la fermeture de ce menu actualiseront la liste des presets si d'autres admins en ont créé de nouveaux pendant que vous l'aviez ouvert.","此功能可儲存天氣預設，隨時套用。名稱不得重複! <br /> 開啟/關閉此選單會重新整理預設清單；若其他管理員在此期間建立新預設，也會顯示出來。","この機能では、必要に応じて適用できる天気プリセットを保存できます。重複名は使用できません! <br /> このメニューを開閉すると、他の管理者が開いている間に作成した新しいプリセットも含め、プリセット一覧が更新されます。","Este recurso permite salvar presets de clima que você pode aplicar quando quiser. Nomes duplicados não são permitidos! <br /> Abrir e fechar este menu atualizará a lista de presets se outros admins criarem novos presets enquanto você o mantinha aberto.","此功能可储存天气预设，随时套用。名称不得重复! <br /> 开启/关闭此选单会重新整理预设清单；若其他管理员在此期间建立新预设，也会显示出来。"
"VSTR_TOOLTIP_SELECT_PRST_WEATHER","Please select a weather preset to delete.","Please select a weather preset to delete.","Vyberte preset počasí ke smazání.","Bitte wähle ein Wetter-Preset zum Löschen aus.","Выберите пресет погоды для удаления.","Wybierz preset pogody do usunięcia.","Kérlek válassz törlendő időjárás presetet.","Seleziona un preset meteo da eliminare.","Selecciona un preset de clima para eliminar.","Sélectionnez un preset météo à supprimer.","請選取要刪除的天氣預設。","削除する天気プリセットを選択してください。","Selecione um preset de clima para excluir.","请选取要删除的天气预设。"
"VSTR_NOTIFY_ERR_WEATHERSETTING","Weather Setting doesn't exist.","Weather Setting doesn't exist.","Nastavení počasí neexistuje.","Wetter-Einstellung existiert nicht.","Настройка погоды не существует.","Ustawienie pogody nie istnieje.","Időjárás beállítás nem létezik.","L'impostazione meteo non esiste.","La configuración de clima no existe.","Le paramètre météo n'existe pas.","天氣設定不存在。","天気設定が存在しません。","A configuração de clima não existe.","天气设定不存在。"
"VSTR_NOTIFY_DEL_WEATHER_PRST","Deleting Weather Preset","Deleting Weather Preset","Mažu preset počasí","Wetter-Preset wird gelöscht","Удаление пресета погоды","Usuwanie presetu pogody","Időjárás preset törlése","Eliminazione preset meteo","Eliminando preset de clima","Suppression du preset météo","正在刪除天氣預設","天気プリセットを削除しています","Excluindo preset de clima","正在删除天气预设"
"VSTR_NOTIFY_INCRR_PRESET","Incorrect Weather Preset Name","Incorrect Weather Preset Name","Nesprávný název presetu počasí","Falscher Wetter-Preset-Name","Неверное имя пресета погоды","Nieprawidłowa nazwa presetu pogody","Hibás időjárás presetnév","Nome preset meteo errato","Nombre de preset de clima incorrecto","Nom de preset météo incorrect","天氣預設名稱不正確","天気プリセット名が正しくありません","Nome de preset de clima incorreto","天气预设名称不正确"
"VSTR_NOTIFY_NAME_INUSE","Name is already in use.","Name is already in use.","Název je již používán.","Name wird bereits verwendet.","Имя уже используется.","Nazwa jest już używana.","A név már használatban van.","Nome già in uso.","El nombre ya está en uso.","Le nom est déjà utilisé.","名稱已被使用。","名前は既に使用されています。","O nome já está em uso.","名称已被使用。"
"VSTR_NOTIFY_ERR_INVALID_WEATHERDATA","Invalid Weather Data","Invalid Weather Data","Neplatná data počasí","Ungültige Wetterdaten","Недопустимые данные погоды","Nieprawidłowe dane pogody","Érvénytelen időjárás adatok","Dati meteo non validi","Datos de clima no válidos","Données météo invalides","無效的天氣資料","無効な天気データ","Dados de clima inválidos","无效的天气资料"
"VSTR_NOTIFY_SAVING_WEATHER","Saving Weather Preset","Saving Weather Preset","Ukládám preset počasí","Wetter-Preset wird gespeichert","Сохранение пресета погоды","Zapisywanie presetu pogody","Időjárás preset mentése","Salvataggio preset meteo","Guardando preset de clima","Enregistrement du preset météo","正在儲存天氣預設","天気プリセットを保存しています","Salvando preset de clima","正在储存天气预设"
"VSTR_NOTIFY_ERR_WEATHER_SELECT_PRST","Please select a weather preset.","Please select a weather preset.","Vyberte preset počasí.","Bitte wähle ein Wetter-Preset aus.","Пожалуйста, выберите пресет погоды.","Wybierz preset pogody.","Kérlek válassz egy időjárás presetet.","Seleziona un preset meteo.","Selecciona un preset de clima.","Sélectionnez un preset météo.","請選取天氣預設。","天気プリセットを選択してください。","Selecione um preset de clima.","请选取天气预设。"
"VSTR_NOTIFY_APPLY_WEATHERPREST","Applying Weather Preset","Applying Weather Preset","Aplikuji preset počasí","Wetter-Preset wird angewendet","Применение пресета погоды","Zastosowanie presetu pogody","Időjárás preset alkalmazása","Applicazione preset meteo","Aplicando preset de clima","Application du preset météo","正在套用天氣預設","天気プリセットを適用しています","Aplicando preset de clima","正在套用天气预设"
"VSTR_NOTIFY_SELECT_PRST_WEATHER_DEL","Please select a time preset to delete.","Please select a time preset to delete.","Vyberte časový preset ke smazání.","Bitte wähle ein Zeit-Preset zum Löschen aus.","Выберите пресет времени для удаления.","Wybierz preset czasu do usunięcia.","Kérlek válassz törlendő idő presetet.","Seleziona un preset orario da eliminare.","Selecciona un preset de tiempo para eliminar.","Sélectionnez un preset horaire à supprimer.","請選取要刪除的時間預設。","削除する時間プリセットを選択してください。","Selecione um preset de horário para excluir.","请选取要删除的时间预设。"
"VSTR_NOTIFY_ERR_TIME_PRST","Time Preset doesn't exist.","Time Preset doesn't exist.","Časový preset neexistuje.","Zeit-Preset existiert nicht.","Пресет времени не существует.","Preset czasu nie istnieje.","Idő preset nem létezik.","Preset orario inesistente.","El preset de tiempo no existe.","Le preset horaire n'existe pas.","時間預設不存在。","時間プリセットが存在しません。","O preset de horário não existe.","时间预设不存在。"
"VSTR_NOTIFY_REMOVE_DATE_PRST","Removing Date Preset","Removing Date Preset","Odstraňuji datový preset","Datums-Preset wird entfernt","Удаление пресета даты","Usuwanie presetu daty","Dátum preset eltávolítása","Rimozione preset data","Eliminando preset de fecha","Suppression du preset de date","正在移除日期預設","日付プリセットを削除しています","Removendo preset de data","正在移除日期预设"
"VSTR_NOTIFY_ERR_MISSING_DATE","Missing Date information.","Missing Date information.","Chybí informace o datu.","Fehlende Datumsinformationen.","Отсутствуют сведения о дате.","Brak informacji o dacie.","Hiányzó dátum információ.","Informazioni sulla data mancanti.","Falta información de fecha.","Informations de date manquantes.","缺少日期資訊。","日付情報が不足しています。","Informações de data ausentes.","缺少日期信息。"
"VSTR_NOTIFY_ERR_DUPE_TIME_PRST","Duplicate Time Presets","Duplicate Time Presets","Duplicitní časové presety","Doppelte Zeit-Presets","Дубликаты пресетов времени","Zduplikowane presety czasu","Duplikált idő presetek","Preset orari duplicati","Presets de tiempo duplicados","Presets horaires dupliqués","重複的時間預設","時間プリセットが重複しています","Presets de horário duplicados","重复的时间预设"
"VSTR_NOTIFY_SAVE_PRST_DATE","Saving Date Preset","Saving Date Preset","Ukládám datový preset","Datums-Preset wird gespeichert","Сохранение пресета даты","Zapisywanie presetu daty","Dátum preset mentése","Salvataggio preset data","Guardando preset de fecha","Enregistrement du preset de date","正在儲存日期預設","日付プリセットを保存しています","Salvando preset de data","正在储存日期预设"
"VSTR_NOTIFY_ERR_DATE_MISSING","Missing Date information.","Missing Date information.","Chybí informace o datu.","Fehlende Datumsinformationen.","Отсутствуют сведения о дате.","Brak informacji o dacie.","Hiányzó dátum információ.","Informazioni sulla data mancanti.","Falta información de fecha.","Informations de date manquantes.","缺少日期資訊。","日付情報が不足しています。","Informações de data ausentes.","缺少日期信息。"
"VSTR_NOTIFY_WTH_APPLYING","Applying...Please Wait","Applying...Please Wait","Aplikuji... Prosím čekejte","Wird angewendet... Bitte warten","Применение... Пожалуйста, подождите","Zastosowywanie... Proszę czekać","Alkalmazás... Kérlek várj","Applicazione... Attendere prego","Aplicando... Por favor espera","Application... Veuillez patienter","正在套用... 請稍候","適用中… しばらくお待ちください","Aplicando... Aguarde","正在套用... 请稍候"
"VSTR_NOTIFY_SELECT_TIME_PRST","Please select a time preset.","Please select a time preset.","Vyberte časový preset.","Bitte wähle ein Zeit-Preset aus.","Пожалуйста, выберите пресет времени.","Wybierz preset czasu.","Kérlek válassz egy idő presetet.","Seleziona un preset orario.","Selecciona un preset de tiempo.","Sélectionnez un preset horaire.","請選取時間預設。","時間プリセットを選択してください。","Selecione um preset de horário.","请选取时间预设。"
"VSTR_NOTIFY_APPLY_TIME_PRST","Applying Time Preset...Please wait.","Applying Time Preset...Please wait.","Aplikuji časový preset... Prosím čekejte.","Zeit-Preset wird angewendet... Bitte warten.","Применение пресета времени... Пожалуйста, подождите.","Zastosowanie presetu czasu... Proszę czekać.","Idő preset alkalmazása... Kérlek várj.","Applicazione preset orario... Attendere prego.","Aplicando preset de tiempo... Por favor espera.","Application du preset horaire... Veuillez patienter.","正在套用時間預設... 請稍候。","時間プリセットを適用中… しばらくお待ちください。","Aplicando preset de horário... Aguarde.","正在套用时间预设... 请稍候。"
"VSTR_NOTIFY_UPDATED_TIME_PRST","Time Preset...Updated","Time Preset...Updated","Časový preset... aktualizován","Zeit-Preset... aktualisiert","Пресет времени... обновлён","Preset czasu... zaktualizowany","Idő preset... frissítve","Preset orario... aggiornato","Preset de tiempo... actualizado","Preset horaire... mis à jour","時間預設... 已更新","時間プリセット… 更新しました","Preset de horário... atualizado","时间预设... 已更新"
"VSTR_TOOLTIP_TITLE_SAVE_CHANGE","Save Changes?","Save Changes?","Uložit změny?","Änderungen speichern?","Сохранить изменения?","Zapisać zmiany?","Változtatások mentése?","Salvare le modifiche?","¿Guardar cambios?","Enregistrer les modifications?","要儲存變更嗎?","変更を保存しますか?","Salvar alterações?","要储存变更吗?"
"VSTR_TOOLTIP_SAVE_CHANGE","Are you sure you wish to save changes?","Are you sure you wish to save changes?","Opravdu chcete uložit změny?","Möchtest du die Änderungen wirklich speichern?","Вы уверены, что хотите сохранить изменения?","Czy na pewno chcesz zapisać zmiany?","Biztosan elmented a változtatásokat?","Sei sicuro di voler salvare le modifiche?","¿Seguro que quieres guardar los cambios?","Êtes-vous sûr de vouloir enregistrer les modifications?","確定要儲存變更?","本当に変更を保存しますか?","Tem certeza de que deseja salvar as alterações?","确定要储存变更?"
"VSTR_NOTIFY_WBHOOKS_CONFG","Please Configure your webhook settings on the left then save!","Please Configure your webhook settings on the left then save!","Nakonfigurujte vlevo nastavení webhooku a poté uložte!","Bitte konfiguriere links deine WebHook-Einstellungen und speichere dann!","Настройте слева параметры WebHook и затем сохраните!","Skonfiguruj po lewej ustawienia WebHook, a następnie zapisz!","Kérlek konfiguráld bal oldalt a WebHook beállításaidat, majd ments!","Configura le impostazioni del WebHook a sinistra e poi salva!","¡Configura a la izquierda los ajustes del WebHook y luego guarda!","Configurez les paramètres du WebHook à gauche puis enregistrez!","請先在左側設定 WebHook，然後儲存!","左側で WebHook 設定を行ってから保存してください!","Configure as definições do WebHook à esquerda e depois salve!","请先在左侧设定 WebHook，然后储存!"
"VSTR_NOTIFY_ERR_NOWEBHOOK","No webhook was selected!","No webhook was selected!","Nebyl vybrán žádný webhook!","Kein WebHook ausgewählt!","Не выбран ни один WebHook!","Nie wybrano żadnego WebHooka!","Nincs kiválasztva WebHook!","Nessun WebHook selezionato!","¡No se seleccionó WebHook!","Aucun WebHook sélectionné!","未選取任何 WebHook!","WebHook が選択されていません!","Nenhum WebHook selecionado!","未选取任何 WebHook!"
"VSTR_NOTIFY_ERR_WBHOOK_NAMESHORT","Error","Error","Chyba","Fehler","Ошибка","Błąd","Hiba","Errore","Error","Erreur","錯誤","エラー","Erro","错误"
"VSTR_NOTIFY_ERR_NAMEINUSE_WEBHOOK","is already used! <br /> Please use a unique name","is already used! <br /> Please use a unique name","je již použito! <br /> Použijte jedinečný název","wird bereits verwendet! <br /> Bitte verwende einen eindeutigen Namen","уже используется! <br /> Пожалуйста, используйте уникальное имя","jest już używane! <br /> Użyj unikalnej nazwy","már használatban van! <br /> Kérlek használj egyedi nevet","è già in uso! <br /> Usa un nome univoco","¡ya está en uso! <br /> Usa un nombre único","est déjà utilisé! <br /> Utilisez un nom unique","已被使用! <br /> 請使用唯一名稱","は既に使用されています! <br /> 一意の名前を使用してください","já está em uso! <br /> Use um nome exclusivo","已被使用! <br /> 请使用唯一名称"
"VSTR_NOTIFY_ERR_DEL_WEBHOOK","Something went really wrong <br /> Could not delete webhook:","Something went really wrong <br /> Could not delete webhook:","Něco se vážně pokazilo <br /> Nelze smazat webhook:","Etwas ist wirklich schiefgelaufen <br /> WebHook konnte nicht gelöscht werden:","Что‑то пошло совсем не так <br /> Не удалось удалить WebHook:","Coś poszło naprawdę nie tak <br /> Nie można usunąć WebHooka:","Valami nagyon elromlott <br /> Nem sikerült törölni a WebHookot:","Qualcosa è andato davvero storto <br /> Impossibile eliminare il WebHook:","Algo salió realmente mal <br /> No se pudo eliminar el WebHook:","Quelque chose s'est vraiment mal passé <br /> Impossible de supprimer le WebHook:","發生重大錯誤 <br /> 無法刪除 WebHook:","重大な問題が発生しました <br /> WebHook を削除できませんでした:","Algo deu muito errado <br /> Não foi possível excluir o WebHook:","发生重大错误 <br /> 无法删除 WebHook:"
"VSTR_TOOLTIP_TITLE_WBHOOK_DEL","Delete webhook?","Delete webhook?","Smazat webhook?","WebHook löschen?","Удалить WebHook?","Usunąć WebHook?","WebHook törlése?","Eliminare WebHook?","¿Eliminar WebHook?","Supprimer le WebHook?","刪除 WebHook?","WebHook を削除しますか?","Excluir WebHook?","删除 WebHook?"
"VSTR_TOOLTIP_WBHOOK_DEL","Are you sure you wish to delete webhook:","Are you sure you wish to delete webhook:","Opravdu chcete smazat webhook:","Möchtest du den WebHook wirklich löschen:","Вы уверены, что хотите удалить WebHook:","Czy na pewno chcesz usunąć WebHook:","Biztosan törlöd ezt a WebHookot:","Sei sicuro di voler eliminare il WebHook:","¿Seguro que quieres eliminar el WebHook:","Êtes-vous sûr de vouloir supprimer le WebHook:","確定要刪除 WebHook:","本当に WebHook を削除しますか:","Tem certeza de que deseja excluir o WebHook:","确定要删除 WebHook:"
"VSTR_TOOLTIP_TITLE_WBHOOK_SELC","Select Webhook?","Select Webhook?","Vybrat webhook?","WebHook auswählen?","Выбрать WebHook?","Wybrać WebHook?","WebHook kiválasztása?","Selezionare WebHook?","¿Seleccionar WebHook?","Sélectionner un WebHook?","選取 WebHook?","WebHook を選択しますか?","Selecionar WebHook?","选取 WebHook?"
"VSTR_TOOLTIP_WBHOOK_SELC","Any unsaved changes to previously selected item will be discarded continue?","Any unsaved changes to previously selected item will be discarded continue?","Všechny neuložené změny předtím vybrané položky budou zahozeny, pokračovat?","Alle ungespeicherten Änderungen an der zuvor ausgewählten Position gehen verloren. Fortfahren?","Несохранённые изменения ранее выбранного элемента будут потеряны. Продолжить?","Wszelkie niezapisane zmiany wcześniej wybranej pozycji zostaną porzucone. Kontynuować?","A korábban kiválasztott elem nem mentett módosításai elvesznek, folytatod?","Eventuali modifiche non salvate all'elemento selezionato in precedenza verranno scartate, continuare?","Cualquier cambio no guardado del elemento seleccionado previamente se perderá, ¿continuar?","Toutes les modifications non enregistrées de l'élément précédemment sélectionné seront perdues, continuer?","先前所選項目的未儲存變更將被捨棄，是否繼續?","以前に選択していた項目の未保存の変更は失われます。続行しますか?","Qualquer alteração não salva do item selecionado anteriormente será descartada. Continuar?","先前所选项目的未储存变更将被舍弃，是否继续?"
"VSTR_TOOLTIP_XML_EDITORCHN","Are you sure you wish to save changes? <br /> <br /> Please note that these changes don't take effect to the CE automatically","Are you sure you wish to save changes? <br /> <br /> Please note that these changes don't take effect to the CE automatically","Opravdu chcete uložit změny? <br /> <br /> Upozornění: tyto změny se v CE neprojeví automaticky","Möchtest du die Änderungen wirklich speichern? <br /> <br /> Hinweis: Diese Änderungen werden nicht automatisch im CE wirksam","Вы уверены, что хотите сохранить изменения? <br /> <br /> Обратите внимание: эти изменения не применяются в CE автоматически","Czy na pewno chcesz zapisać zmiany? <br /> <br /> Uwaga: te zmiany nie działają w CE automatycznie","Biztosan elmented a változtatásokat? <br /> <br /> Megjegyzés: ezek a módosítások nem lépnek automatikusan életbe a CE-ben","Sei sicuro di voler salvare le modifiche? <br /> <br /> Nota: queste modifiche non hanno effetto automaticamente nel CE","¿Seguro que quieres guardar los cambios? <br /> <br /> Nota: estos cambios no surten efecto automáticamente en el CE","Êtes-vous sûr de vouloir enregistrer les modifications? <br /> <br /> Remarque: ces modifications ne prennent pas effet automatiquement dans le CE","確定要儲存變更? <br /> <br /> 注意: 這些變更不會自動在 CE 中生效","本当に変更を保存しますか? <br /> <br /> 注意: これらの変更は CE で自動的には反映されません","Tem certeza de que deseja salvar as alterações? <br /> <br /> Observação: essas alterações não entram em vigor automaticamente no CE","确定要储存变更? <br /> <br /> 注意: 这些变更不会自动在 CE 中生效"
"VSTR_TOOLTIP_XML_SCAN","This feature uses heavy server resource","This feature uses heavy server resource","Tato funkce je náročná na zdroje serveru","Diese Funktion benötigt viele Serverressourcen","Эта функция сильно нагружает сервер","Ta funkcja mocno obciąża zasoby serwera","Ez a funkció erősen terheli a szerver erőforrásait","Questa funzione utilizza molte risorse del server","Esta función utiliza muchos recursos del servidor","Cette fonctionnalité consomme beaucoup de ressources serveur","此功能相當耗費伺服器資源","この機能はサーバーリソースを多く消費します","Este recurso usa muitos recursos do servidor","此功能相当耗费服务器资源"
"VSTR_XML_TITLE_NOMINAL","Nominal:","Nominal:","Nominal:","Nominal:","Nominal:","Nominal:","Nominal:","Nominal:","Nominal:","Nominal:","Nominal:","Nominal:","Nominal:","标称:"
"VSTR_XML_TITLE_LIFETIME","Lifetime:","Lifetime:","Lifetime:","Lifetime:","Lifetime:","Lifetime:","Lifetime:","Lifetime:","Lifetime:","Lifetime:","Lifetime:","Lifetime:","Lifetime:","存在时间:"
"VSTR_XML_TITLE_RESTOCK","Restock:","Restock:","Restock:","Restock:","Restock:","Restock:","Restock:","Restock:","Restock:","Restock:","Restock:","Restock:","Restock:","补货:"
"VSTR_XML_TITLE_MIN","Min:","Min:","Min:","Min:","Min:","Min:","Min:","Min:","Min:","Min:","Min:","Min:","Min:","最小值:"
"VSTR_XML_TITLE_QUANTMIN","Quantmin:","Quantmin:","Quantmin:","Quantmin:","Quantmin:","Quantmin:","Quantmin:","Quantmin:","Quantmin:","Quantmin:","Quantmin:","Quantmin:","Quantmin:","Quantmin:"
"VSTR_XML_TITLE_QUANTMAX","Quantmax:","Quantmax:","Quantmax:","Quantmax:","Quantmax:","Quantmax:","Quantmax:","Quantmax:","Quantmax:","Quantmax:","Quantmax:","Quantmax:","Quantmax:","Quantmax:"
"VSTR_XML_TITLE_COST","Cost:","Cost:","Cost:","Kosten:","Cost:","Koszt:","Költség:","Costo:","Costo:","Coût:","成本:","コスト:","Custo:","成本:"
"VSTR_XML_NOMINAL","Items of this type are spawned to this value (assuming there is enough place in the world","Items of this type are spawned to this value (assuming there is enough place in the world","Předměty tohoto typu se spawnují do této hodnoty (za předpokladu, že je ve světě dost místa","Items dieses Typs werden bis zu diesem Wert gespawnt (sofern in der Welt genügend Platz ist","Предметы этого типа спавнятся до этого значения (если в мире достаточно места","Przedmioty tego typu są spawnowane do tej wartości (zakładając, że w świecie jest dość miejsca","E típusú tárgyak eddig az értékig spawnolnak (feltéve, hogy van elég hely a világban","Gli oggetti di questo tipo vengono spawnati fino a questo valore (supponendo che ci sia abbastanza spazio nel mondo","Los objetos de este tipo se spawnean hasta este valor (suponiendo que haya suficiente espacio en el mundo","Les objets de ce type se spawneront jusqu'à cette valeur (en supposant qu'il y ait suffisamment de place dans le monde","此類型的物品會生成至此數值（假設世界中有足夠空間","このタイプのアイテムはこの値までスポーンします（ワールドに十分な空きがある場合）","Itens deste tipo serão spawnados até este valor (pressupondo espaço suficiente no mundo","此类型的物品会生成至此数值（假设世界中有足够空间"
"VSTR_XML_LIFETIME","Time in seconds before this type gets deleted (assuming no one touches it)","Time in seconds before this type gets deleted (assuming no one touches it)","Čas v sekundách, po kterém bude tento typ smazán (za předpokladu, že se ho nikdo nedotkne)","Zeit in Sekunden, bevor dieser Typ gelöscht wird (sofern ihn niemand anfasst)","Время в секундах до удаления этого типа (если никто его не трогает)","Czas w sekundach, zanim ten typ zostanie usunięty (zakładając, że nikt go nie dotknie)","Másodpercben mért idő, mielőtt ez a típus törlődik (ha senki nem nyúl hozzá)","Tempo in secondi prima che questo tipo venga eliminato (supponendo che nessuno lo tocchi)","Tiempo en segundos antes de que este tipo se elimine (suponiendo que nadie lo toque)","Temps en secondes avant que ce type ne soit supprimé (en supposant que personne ne le touche)","此類型在被刪除前的秒數（假設沒有人接觸）","このタイプが削除されるまでの秒数（誰も触れない場合）","Tempo em segundos antes de este tipo ser removido (pressupondo que ninguém toque nele)","此类型在被删除前的秒数（假设没有人接触）"
"VSTR_XML_RESTOCK","If set to 0","If set to 0","Pokud je nastaveno na 0","Falls auf 0 gesetzt","Если указано 0","Jeśli ustawiono na 0","Ha 0-ra van állítva","Se impostato a 0","Si se establece en 0","Si défini sur 0","若設為 0","0 に設定した場合","Se definido para 0","若设为 0"
"VSTR_XML_MIN","If amount of items of this type reach below this value in world","If amount of items of this type reach below this value in world","Pokud počet předmětů tohoto typu ve světě klesne pod tuto hodnotu","Wenn die Anzahl der Items dieses Typs in der Welt unter diesen Wert fällt","Если количество предметов этого типа в мире падает ниже этого значения","Jeśli liczba przedmiotów tego typu w świecie spadnie poniżej tej wartości","Ha e típusú tárgyak mennyisége a világban ez alá az érték alá csökken","Se la quantità di oggetti di questo tipo nel mondo scende sotto questo valore","Si el conteo de objetos de este tipo en el mundo cae por debajo de este valor","Si le nombre d'objets de ce type dans le monde passe en dessous de cette valeur","若世界中此類型物品的數量低於此值","ワールド内のこのタイプのアイテム数がこの値を下回った場合","Se a contagem de itens deste tipo no mundo cair abaixo deste valor","若世界中此类型物品的数量低于此值"
"VSTR_XML_QUANTMIN","Min % for quantity (rags","Min % for quantity (rags","Min % pro množství (rags","Min-% für Menge (rags","Мин. % количества (rags","Min % ilości (rags","Min % a mennyiséghez (rags","Min % per quantità (rags","Min % para cantidad (rags","% min pour la quantité (rags","最小數量百分比（rags","数量の最小%（rags","% mínimo para quantidade (rags","最小数量百分比（rags"
"VSTR_XML_QUNATMAX","Max % for quantity (rags","Max % for quantity (rags","Max % pro množství (rags","Max-% für Menge (rags","Макс. % количества (rags","Max % ilości (rags","Max % a mennyiséghez (rags","Max % per quantità (rags","Max % para cantidad (rags","% max pour la quantité (rags","最大數量百分比（rags","数量の最大%（rags","% máximo para quantidade (rags","最大数量百分比（rags"
"VSTR_XML_COST","Priority for CE (higher value should be prioritized by the spawner)","Priority for CE (higher value should be prioritized by the spawner)","Priorita pro CE (vyšší hodnota má přednost u spawneru)","Priorität für CE (höherer Wert wird vom Spawner priorisiert)","Приоритет для CE (большее значение приоритезируется спавнером)","Priorytet dla CE (wyższa wartość ma priorytet dla spawnnera)","Prioritás a CE számára (magasabb értéket a spawner priorizál)","Priorità per CE (valore più alto dovrebbe essere prioritizzato dallo spawner)","Prioridad para CE (un valor mayor debería ser priorizado por el spawner)","Priorité pour CE (une valeur plus élevée doit être priorisée par le spawner)","CE 的優先權（數值越高，spawner 越會優先）","CE の優先度（値が高いほど spawner が優先）","Prioridade para CE (um valor maior deve ser priorizado pelo spawner)","CE 的优先权（数值越高，spawner 越会优先）"
"VSTR_NOTIFY_ERR_XML_NOITEM","No item selected!","No item selected!","Není vybrána žádná položka!","Kein Item ausgewählt!","Не выбран ни один предмет!","Nie wybrano żadnego przedmiotu!","Nincs kiválasztott tárgy!","Nessun oggetto selezionato!","¡No hay ningún objeto seleccionado!","Aucun objet sélectionné!","未選取任何項目!","アイテムが選択されていません!","Nenhum item selecionado!","未选取任何项目!"
"VSTR_NOTIFY_WAIT_INFO","Please wait...getting info from server","Please wait...getting info from server","Prosím čekejte... získávám informace ze serveru","Bitte warten... Hole Informationen vom Server","Пожалуйста, подождите... получаю информацию с сервера","Proszę czekać... pobieranie informacji z serwera","Kérlek várj... adatok lekérése a szerverről","Attendere prego... recupero info dal server","Por favor espera... obteniendo información del servidor","Veuillez patienter... récupération des informations depuis le serveur","請稍候... 正在從伺服器取得資訊","お待ちください… サーバーから情報を取得中","Aguarde... obtendo informações do servidor","请稍候... 正在从服务器取得信息"
"VSTR_NOTIFY_TOTALSCANNED","Total Scanned Objects:","Total Scanned Objects:","Celkem naskenovaných objektů:","Insgesamt gescannte Objekte:","Всего отсканированных объектов:","Łącznie zeskanowanych obiektów:","Összesen beolvasott objektum:","Totale oggetti scansionati:","Total de objetos escaneados:","Total des objets scannés:","掃描物件總數:","スキャンしたオブジェクト総数:","Total de objetos escaneados:","扫描对象总数:"
"VSTR_XML_ERR_NOT_DEF","NOT DEFINED!","NOT DEFINED!","NENÍ DEFINOVÁNO!","NICHT DEFINIERT!","НЕ ОПРЕДЕЛЕНО!","NIE ZDEFINIOWANO!","NINCS MEGHATÁROZVA!","NON DEFINITO!","¡NO DEFINIDO!","NON DÉFINI!","未定義!","未定義!","NÃO DEFINIDO!","未定义!"
"VSTR_XML_SUCCESS_RETRIVE","Successfully retrieved data from server!","Successfully retrieved data from server!","Data úspěšně získána ze serveru!","Daten erfolgreich vom Server abgerufen!","Данные успешно получены с сервера!","Pomyślnie pobrano dane z serwera!","Adatok sikeresen lekérve a szerverről!","Dati recuperati con successo dal server!","¡Datos obtenidos del servidor con éxito!","Données récupérées avec succès depuis le serveur!","已成功自伺服器取得資料!","サーバーからデータを正常に取得しました!","Dados obtidos com sucesso do servidor!","已成功自服务器取得资料!"
"VSTR_XML_NOTIFY_ERR","Failed to save...no data to save!","Failed to save...no data to save!","Uložení selhalo... nejsou žádná data k uložení!","Speichern fehlgeschlagen... keine Daten zum Speichern!","Не удалось сохранить... нет данных для сохранения!","Nie udało się zapisać... brak danych do zapisania!","Sikertelen mentés... nincs menthető adat!","Salvataggio non riuscito... nessun dato da salvare!","No se pudo guardar... ¡no hay datos para guardar!","Échec de l'enregistrement... aucune donnée à enregistrer!","儲存失敗... 沒有可儲存的資料!","保存に失敗… 保存するデータがありません!","Falha ao salvar... não há dados para salvar!","储存失败... 没有可储存的资料!"
"VSTR_XML_ERR_SELECTFIRST","You need to have an item selected from the list!","You need to have an item selected from the list!","Musíte mít vybranou položku ze seznamu!","Du musst ein Item aus der Liste ausgewählt haben!","Нужно выбрать предмет из списка!","Musisz mieć wybrany przedmiot z listy!","Ki kell választanod egy tárgyat a listából!","Devi avere un oggetto selezionato dall'elenco!","¡Debes tener un objeto seleccionado de la lista!","Vous devez avoir un objet sélectionné dans la liste!","你必須先在清單中選取一個項目!","リストからアイテムを選択する必要があります!","Você deve ter um item selecionado da lista!","你必须先在清单中选取一个项目!"
"VSTR_YEAR","Year","Year","Rok","Jahr","Год","Rok","Év","Anno","Año","Année","年","年","Ano","年"
"VSTR_MONTH","Month","Month","Měsíc","Monat","Месяц","Miesiąc","Hónap","Mese","Mes","Mois","月","月","Mês","月"
"VSTR_DAY","Day","Day","Den","Tag","День","Dzień","Nap","Giorno","Día","Jour","日","日","Dia","日"
"VSTR_HOUR","Hour","Hour","Hodina","Stunde","Час","Godzina","Óra","Ora","Hora","Heure","時","時","Hora","时"
"VSTR_MINUTE","Minute","Minute","Minuta","Minute","Минута","Minuta","Perc","Minuto","Minuto","Minute","分","分","Minuto","分"
"VSTR_CANCEL","Cancel","Cancel","Zrušit","Abbrechen","Отмена","Anuluj","Mégse","Annulla","Cancelar","Annuler","取消","キャンセル","Cancelar","取消"
"VSTR_APPLY","Apply","Apply","Použít","Anwenden","Применить","Zastosuj","Alkalmaz","Applica","Aplicar","Appliquer","套用","適用","Aplicar","套用"
"VSTR_BAN_PERMA","Ban Permanently","Ban Permanently","Ban natrvalo","Dauerhaft bannen","Бан навсегда","Ban na stałe","Végleges tiltás","Ban permanente","Ban permanente","Ban permanent","永久封禁","永久 BAN","Ban permanente","永久封禁"
"VSTR_EDIT_DURATION","Edit Duration","Edit Duration","Upravit délku","Dauer bearbeiten","Изменить длительность","Edytuj czas trwania","Időtartam szerkesztése","Modifica durata","Editar duración","Modifier la durée","編輯時長","期間を編集","Editar duração","编辑时长"
"VSTR_SEARCH","Search...","Search...","Hledat...","Suchen...","Поиск...","Szukaj...","Keresés...","Cerca...","Buscar...","Rechercher...","搜尋...","検索...","Pesquisar...","搜索..."
"VSTR_BAN_LIST_MANAGER_TITLE","SERVER BAN LIST MANAGER","SERVER BAN LIST MANAGER","SPRÁVCE SEZNAMU BANŮ SERVERU","SERVER-BANNLISTEN-MANAGER","МЕНЕДЖЕР БАН‑ЛИСТА СЕРВЕРА","MENEDŻER BAN‑LISTY SERWERA","SZERVER TILTÓLISTA KEZELŐ","GESTORE BAN LIST SERVER","GESTOR DE BAN LIST DEL SERVIDOR","GESTIONNAIRE DE BAN LIST DU SERVEUR","伺服器封禁清單管理器","サーバー BAN リストマネージャー","GERENCIADOR DA BAN LIST DO SERVIDOR","服务器封禁清单管理器"
"VSTR_REFRESH","Refresh","Refresh","Obnovit","Aktualisieren","Обновить","Odśwież","Frissítés","Aggiorna","Actualizar","Actualiser","重新整理","更新","Atualizar","重新整理"
"VSTR_BAN_LIST","Ban List","Ban List","Seznam banů","Bannliste","Бан‑лист","Lista banów","Tiltólista","Ban list","Ban list","Ban list","封禁清單","BAN リスト","Ban list","封禁清单"
"VSTR_DETALIS","Details","Details","Detaily","Details","Детали","Szczegóły","Részletek","Dettagli","Detalles","Détails","詳細資料","詳細","Detalhes","详细资料"
"VSTR_LBL_NAME","Name:","Name:","Jméno:","Name:","Имя:","Nazwa:","Név:","Nome:","Nombre:","Nom:","名稱:","名前:","Nome:","名称:"
"VSTR_LBL_STEAMID","Steam ID:","Steam ID:","Steam ID:","Steam ID:","Steam ID:","Steam ID:","Steam ID:","Steam ID:","Steam ID:","Steam ID:","Steam ID:","Steam ID:","Steam ID:","GUID:"
"VSTR_LBL_GUID","GUID:","GUID:","GUID:","GUID:","GUID:","GUID:","GUID:","GUID:","GUID:","GUID:","GUID:","GUID:","GUID:","原因:"
"VSTR_LBL_REASON","Reason:","Reason:","Důvod:","Grund:","Причина:","Powód:","Ok:","Motivo:","Motivo:","Motif:","原因:","理由:","Motivo:","原因:"
"VSTR_LBL_EXPERIY_DATE","Expiration Date:","Expiration Date:","Datum vypršení:","Ablaufdatum:","Дата истечения:","Data wygaśnięcia:","Lejárati dátum:","Data di scadenza:","Fecha de expiración:","Date d'expiration:","到期日:","有効期限:","Data de expiração:","到期日:"
"VSTR_LBL_ISSUED_BY","Issued By:","Issued By:","Vydal:","Ausgestellt von:","Выдал:","Wydane przez:","Ki adta ki:","Emesso da:","Emitido por:","Émis par:","簽發者:","発行者:","Emitido por:","签发者:"
"VSTR_LBL_REMOVE_SEL_PLAYERS","Remove Selected Player(s)","Remove Selected Player(s)","Odebrat vybrané hráče","Ausgewählte Spieler entfernen","Удалить выбранных игроков","Usuń wybranych graczy","Kiválasztott játékos(ok) eltávolítása","Rimuovi giocatori selezionati","Eliminar jugadores seleccionados","Retirer les joueurs sélectionnés","移除所選玩家","選択したプレイヤーを削除","Remover jogadores selecionados","移除所选玩家"
"VSTR_LBL_CMD_TITLE","Commands Console","Commands Console","Konzole příkazů","Befehlskonsole","Консоль команд","Konsola komend","Parancskonzol","Console comandi","Consola de comandos","Console de commandes","指令主控台","コマンドコンソール","Console de comandos","命令控制台"
"VSTR_LBL_CLEAR_LIST","Clear List","Clear List","Vyčistit seznam","Liste leeren","Очистить список","Wyczyść listę","Lista törlése","Pulisci elenco","Limpiar lista","Vider la liste","清除清單","リストをクリア","Limpar lista","清除清单"
"VSTR_LBL_DELETE_ALL","Delete All","Delete All","Smazat vše","Alles löschen","Удалить всё","Usuń wszystko","Minden törlése","Elimina tutto","Eliminar todo","Tout supprimer","全部刪除","すべて削除","Excluir tudo","全部删除"
"VSTR_LBL_SELECTED_ITEMS","Selected Items","Selected Items","Vybrané položky","Ausgewählte Items","Выбранные элементы","Wybrane pozycje","Kiválasztott elemek","Elementi selezionati","Elementos seleccionados","Éléments sélectionnés","已選項目","選択したアイテム","Itens selecionados","已选项目"
"VSTR_TITLE_ESP_TOOLS","ESP TOOLS","ESP TOOLS","ESP NÁSTROJE","ESP-TOOLS","ИНСТРУМЕНТЫ ESP","NARZĘDZIA ESP","ESP ESZKÖZÖK","STRUMENTI ESP","HERRAMIENTAS ESP","OUTILS ESP","ESP 工具","ESP ツール","FERRAMENTAS ESP","ESP 工具"
"VSTR_LBL_ACTIONS","Actions","Actions","Akce","Aktionen","Действия","Akcje","Műveletek","Azioni","Acciones","Actions","動作","アクション","Ações","动作"
"VSTR_LBL_CLEAR","Clear","Clear","Vyčistit","Leeren","Очистить","Wyczyść","Törlés","Pulisci","Limpiar","Vider","清空","クリア","Limpar","清空"
"VSTR_LBL_TOGGLE","Toggle","Toggle","Přepnout","Umschalten","Переключить","Przełącz","Váltás","Attiva/Disattiva","Alternar","Basculer","切換","切り替え","Alternar","切换"
"VSTR_LBL_SHOW_CLASSNAME","Show classname","Show classname","Zobrazit class name","Klassenname anzeigen","Показать class name","Pokaż class name","class name megjelenítése","Mostra class name","Mostrar class name","Afficher Class Name","顯示 class name","class name を表示","Mostrar class name","显示 class name"
"VSTR_LBL_DEL_RADIUS","Delete in Radius","Delete in Radius","Smazat v okruhu","Im Radius löschen","Удалить в радиусе","Usuń w promieniu","Törlés sugárban","Elimina nel raggio","Eliminar en radio","Supprimer dans le rayon","按半徑刪除","半径内を削除","Excluir no raio","按半径删除"
"VSTR_LBL_CLASS_NAME","class name","class name","class name","Klassenname","class name","class name","class name","class name","class name","class name","class name","class name","class name","更新间隔:"
"VSTR_LBL_UPDATE_INTERVAL","Update Interval:","Update Interval:","Interval aktualizace:","Aktualisierungsintervall:","Интервал обновления:","Interwał aktualizacji:","Frissítési intervallum:","Intervallo di aggiornamento:","Intervalo de actualización:","Intervalle actualisation","更新間隔:","更新間隔:","Intervalo de atualização:","更新间隔:"
"VSTR_LBL_SHOW_DETAILED_ESP","Show Detailed ESP:","Show Detailed ESP:","Zobrazit detailní ESP:","Detailiertes ESP anzeigen:","Показывать подробный ESP:","Pokaż szczegółowe ESP:","Részletes ESP megjelenítése:","Mostra ESP dettagliato:","Mostrar ESP detallado:","Afficher l'ESP détaillé:","顯示詳細 ESP:","詳細な ESP を表示:","Mostrar ESP detalhado:","显示详细 ESP:"
"VSTR_LBL_FILTERS","Filters","Filters","Filtry","Filter","Фильтры","Filtry","Szűrők","Filtri","Filtros","Filtres","篩選器","フィルター","Filtros","筛选器"
"VSTR_LBL_DEFAULTS","Defaults","Defaults","Výchozí","Standard","По умолчанию","Domyślne","Alapértelmezett","Predefiniti","Predeterminados","Par défaut","預設","デフォルト","Padrões","预设"
"VSTR_LBL_DISTANCE","Distance:","Distance:","Vzdálenost:","Entfernung:","Дистанция:","Dystans:","Távolság:","Distanza:","Distancia:","Distance:","距離:","距離:","Distância:","距离:"
"VSTR_ITEM_MANAGER_TITLE","ITEM MANAGER","ITEM MANAGER","SPRÁVCE ITEMŮ","ITEM-MANAGER","МЕНЕДЖЕР ПРЕДМЕТОВ","MENEDŻER PRZEDMIOTÓw","TÁRGYKEZELŐ","GESTORE OGGETTI","GESTOR DE OBJETOS","GESTIONNAIRE D'OBJETS","物品管理器","アイテムマネージャー","GERENCIADOR DE ITENS","物品管理器"
"VSTR_LBL_ITEM_SETS","Item Sets","Item Sets","Sady itemů","Item-Sets","Наборы предметов","Zestawy przedmiotów","Tárgykészletek","Set di oggetti","Sets de objetos","Sets d'objets","物品集合","アイテムセット","Conjuntos de itens","物品集合"
"VSTR_LBL_RELOAD","Reload","Reload","Obnovit","Aktualisieren","Перезагрузить","Przeładuj","Újratöltés","Aggiorna","Actualizar","Actualiser","重新整理","再読み込み","Recarregar","重新整理"
"VSTR_LBL_ITEMS","Items","Items","Položky","Items","Предметы","Przedmioty","Tárgyak","Oggetti","Objetos","Objets","物品","アイテム","Itens","物品列表"
"VSTR_LBL_ITEMS_LIST","Item List","Item List","Seznam položek","Item-Liste","Список предметов","Lista przedmiotów","Tárgylista","Elenco oggetti","Lista de objetos","Liste des objets","物品清單","アイテムリスト","Lista de itens","物品清单"
"VSTR_LBL_ITEM_PREVIEW","Item Preview","Item Preview","Náhled položky","Item-Vorschau","Предпросмотр предмета","Podgląd przedmiotu","Tárgy előnézete","Anteprima oggetto","Vista previa del objeto","Aperçu de l'objet","物品預覽","アイテムプレビュー","Prévia do item","物品预览"
"VSTR_ENABLE_PREVIEW","Enable Preview","Enable Preview","Povolit náhled","Vorschau aktivieren","Включить предпросмотр","Włącz podgląd","Előnézet engedélyezése","Abilita anteprima","Habilitar vista previa","Activer l'aperçu","啟用預覽","プレビューを有効化","Habilitar prévia","启用预览"
"VSTR_ENABLE_NO_CLIP","No Clip","No Clip","No Clip","No Clip","No Clip","No Clip","No Clip","No Clip","No Clip","No Clip","No Clip","No Clip","No Clip","无碰撞"
"VSTR_SPAWN_OPTIONS","Spawn Options","Spawn Options","Možnosti spawnu","Spawn-Optionen","Параметры спавна","Opcje spawnu","Spawn beállítások","Opzioni di spawn","Opciones de spawn","Options de spawn","生成選項","スポーンオプション","Opções de spawn","生成选项"
"VSTR_LBL_QUANTITY","Quantity:","Quantity:","Množství:","Menge:","Количество:","Ilość:","Mennyiség:","Quantità:","Cantidad:","Quantité:","數量:","数量:","Quantidade:","数量:"
"VSTR_LBL_CONDITION","Condition:","Condition:","Stav:","Zustand:","Состояние:","Stan:","Állapot:","Condizione:","Condición:","État:","狀態:","状態:","Condição:","状态:"
"VSTR_LBL_SPAWN_IN","Spawn in:","Spawn in:","Spawnovat do:","Spawnen in:","Спавнить в:","Spawnuj w:","Spawnolás ide:","Spawna in:","Spawnear en:","Spawner dans:","生成到:","スポーン先:","Spawnar em:","生成到:"
"VSTR_LBL_OTHER","Other:","Other:","Ostatní:","Sonstiges:","Другое:","Inne:","Egyéb:","Altro:","Otros:","Autres:","其他:","その他:","Outros:","其他:"
"VSTR_LBL_PRISTINE","Pristine","Pristine","Neopotřebené","Makellos","Как новый","Jak nowy","Újszerű","Come nuovo","Como nuevo","Comme neuf","全新","新品同様","Como novo","全新"
"VSTR_LBL_WORN","Worn","Worn","Onošené","Abgenutzt","Поношенный","Zużyty","Kopott","Usurato","Desgastado","Usé","已使用","使用感あり","Gasto","已使用"
"VSTR_LBL_DAMAGED","Damaged","Damaged","Poškozené","Beschädigt","Повреждённый","Uszkodzony","Sérült","Danneggiato","Dañado","Abîmé","受損","損傷あり","Danificado","受损"
"VSTR_LBL_BADLY_DAMAGED","Badly Damaged","Badly Damaged","Silně poškozené","Stark beschädigt","Сильно повреждённый","Mocno uszkodzony","Erősen sérült","Molto danneggiato","Muy dañado","Très abîmé","重度受損","大きな損傷","Muito danificado","重度受损"
"VSTR_LBL_RUIEND","Ruined","Ruined","Zničené","Zerstört","Сломанный","Zniszczony","Elromlott","Rovinato","Arruinado","Détruit","報廢","破損","Arruinado","报废"
"VSTR_LBL_IN_INENTORY","In Inventory","In Inventory","V inventáři","Im Inventar","В инвентаре","W ekwipunku","Az inventoryban","Nell'inventario","En el inventario","Dans l'inventaire","於背包","インベントリ","No inventário","于背包"
"VSTR_LBL_ON_GROUND","On Ground","On Ground","Na zemi","Am Boden","На земле","Na ziemi","A földön","A terra","En el suelo","Au sol","於地面","地面","No chão","于地面"
"VSTR_LBL_AT_CROSSHAIRS","At Crosshair","At Crosshair","V zaměřovači","Im Fadenkreuz","В прицеле","Na celowniku","A célkeresztben","Nel mirino","En la mira","Dans le viseur","於準星","照準上","Na mira","于准星"
"VSTR_LBL_ON_SELECTED_PLAYERS","On Selected Player(s)","On Selected Player(s)","Na vybraném hráči/hráčích","Bei ausgewähltem/n Spieler(n)","На выбранном игроке(ах)","Na wybranym graczu(-ach)","Kiválasztott játékos(ok)nál","Su giocatore/i selezionato/i","En el/los jugador(es) seleccionado(s)","Sur le(s) joueur(s) choisi(s)","於所選玩家","選択したプレイヤー","No(s) jogador(es) selecionado(s)","于所选玩家"
"VSTR_LBL_SAVED_ITEM_SETS","Saved Item Sets","Saved Item Sets","Uložené sady itemů","Gespeicherte Item-Sets","Сохранённые наборы предметов","Zapisane zestawy przedmiotów","Mentett tárgykészletek","Set di oggetti salvati","Sets de objetos guardados","Sets d'objets enregistrés","已儲存的物品集合","保存済みアイテムセット","Conjuntos de itens salvos","已储存的物品集合"
"VSTR_LBL_PRESET_ACTIONS","Preset Actions","Preset Actions","Akce s presety","Preset-Aktionen","Действия с пресетом","Akcje presetu","Preset műveletek","Azioni preset","Acciones de preset","Actions sur le preset","預設操作","プリセットアクション","Ações de preset","预设操作"
"VSTR_LBL_SPAWN_PRESET","Spawn Preset","Spawn Preset","Spawnout preset","Preset spawnen","Спавнить пресет","Zrespawnuj preset","Preset spawnolása","Spawna preset","Spawnear preset","Spawner le preset","生成預設","プリセットをスポーン","Spawnar preset","生成预设"
"VSTR_LBL_CREATE_PRESET","Create Preset","Create Preset","Vytvořit preset","Preset erstellen","Создать пресет","Utwórz preset","Preset létrehozása","Crea preset","Crear preset","Créer un preset","建立預設","プリセットを作成","Criar preset","建立预设"
"VSTR_LBL_DELETE_PRESET","Delete Selected Preset","Delete Selected Preset","Smazat vybraný preset","Ausgewähltes Preset löschen","Удалить выбранный пресет","Usuń wybrany preset","Kiválasztott preset törlése","Elimina preset selezionato","Eliminar preset seleccionado","Supprimer le preset sélectionné","刪除所選預設","選択したプリセットを削除","Excluir preset selecionado","删除所选预设"
"VSTR_LBL_SAVE_CHANGES","Save Changes","Save Changes","Uložit změny","Änderungen speichern","Сохранить изменения","Zapisz zmiany","Változtatások mentése","Salva modifiche","Guardar cambios","Enregistrer les modifications","儲存變更","変更を保存","Salvar alterações","储存变更"
"VSTR_LBL_NEW_PRESET_ATTS_ITEMMANAGER","NEW PRESET ATTRIBUTES","NEW PRESET ATTRIBUTES","NOVÉ ATRIBUTY PRESETU","NEUE PRESET-ATTRIBUTE","НОВЫЕ АТРИБУТЫ ПРЕСЕТА","NOWE ATRYBUTY PRESETU","ÚJ PRESET ATTRIBÚTUMOK","NUOVI ATTRIBUTI PRESET","NUEVOS ATRIBUTOS DE PRESET","NOUVEAUX ATTRIBUTS DU PRESET","新的預設屬性","新しいプリセット属性","NOVOS ATRIBUTOS DO PRESET","新的预设属性"
"VSTR_LBL_PRESET_NAME","preset name","preset name","název presetu","Preset-Name","название пресета","nazwa presetu","preset neve","nome preset","nombre del preset","nom du preset","預設名稱","プリセット名","nome do preset","预设名称"
"VSTR_LBL_SAVE","Save","Save","Uložit","Speichern","Сохранить","Zapisz","Mentés","Salva","Guardar","Enregistrer","儲存","保存","Salvar","储存"
"VSTR_LBL_SELECT","Select","Select","Vybrat","Auswählen","Выбрать","Wybierz","Kiválasztás","Seleziona","Seleccionar","Sélectionner","選取","選択","Selecionar","选取"
"VSTR_LBL_TYPE","Type:","Type:","Typ:","Typ:","Тип:","Typ:","Típus:","Tipo:","Tipo:","Type:","類型:","タイプ:","Tipo:","类型:"
"VSTR_LBL_YAW","Yaw:","Yaw:","Yaw:","Yaw:","Yaw:","Yaw:","Yaw:","Yaw:","Yaw:","Yaw:","Yaw:","Yaw:","Yaw:","Pitch:"
"VSTR_LBL_PITCH","Pitch:","Pitch:","Pitch:","Pitch:","Pitch:","Pitch:","Pitch:","Pitch:","Pitch:","Pitch:","Pitch:","Pitch:","Pitch:","Roll:"
"VSTR_LBL_ROLL","Roll:","Roll:","Roll:","Roll:","Roll:","Roll:","Roll:","Roll:","Roll:","Roll:","Roll:","Roll:","Roll:","建造集合属性"
"VSTR_LBL_BUILDING_SET_ATTS","BUILDING SET ATTRIBUTES","BUILDING SET ATTRIBUTES","ATRIBUTY STAVEBNÍ SADY","BAU-SET-ATTRIBUTE","АТРИБУТЫ СТРОИТЕЛЬНОЙ СЕРИИ","ATRYBUTY ZESTAWU BUDYNKÓW","ÉPÍTÉSI KÉSZLET ATTRIBÚTUMAI","ATTRIBUTI SET DI COSTRUZIONE","ATRIBUTOS DEL SET DE CONSTRUCCIÓN","ATTRIBUTS DU SET CONSTRUCTION","建築集合屬性","建築セット属性","ATRIBUTOS DO SET DE CONSTRUÇÃO","建筑集合属性"
"VSTR_LBL_BUILDING_SET_NAME","Building Set Name","Building Set Name","Název stavební sady","Name des Bausets","Название строительной серии","Nazwa zestawu budynków","Építési készlet neve","Nome set di costruzione","Nombre del set de construcción","Nom du set de construction","建築集合名稱","建築セット名","Nome do set de construção","建筑集合名称"
"VSTR_LBL_BLD_SET_ACTIVE","Set Active (Auto Spawns the set on server start)","Set Active (Auto Spawns the set on server start)","Nastavit jako aktivní (automaticky spawnovat sadu při startu serveru)","Aktivieren (spawnt das Set automatisch beim Serverstart)","Сделать активной (автоспавн серии при старте сервера)","Ustaw jako aktywny (automatycznie spawnuje zestaw przy starcie serwera)","Aktiválása (automatikusan spawnol induláskor)","Imposta attivo (autospawna il set all'avvio del server)","Establecer como activo (autospawnea el set al iniciar el servidor)","Définir comme actif (Chargement au démarrage)","設為啟用（伺服器啟動時自動生成集合）","アクティブにする（サーバー起動時に自動スポーン）","Definir como ativo (autospawna o set ao iniciar o servidor)","设为启用（服务器启动时自动生成集合）"
"VSTR_LBL_EXPORT_RAW","Export Raw","Export Raw","Exportovat Raw","Roh exportieren","Экспорт Raw","Eksportuj Raw","Nyers export","Esporta Raw","Exportar Raw","Exporter Raw en texte","匯出 Raw","Raw をエクスポート","Exportar Raw","汇出 Raw"
"VSTR_LBL_OK","OK","OK","OK","OK","ОК","OK","OK","OK","OK","OK","確定","OK","OK","确定"
"VSTR_BUILDING_ATTS","BUILDING ATTRIBUTES","BUILDING ATTRIBUTES","ATRIBUTY STAVBY","BAU-ATTRIBUTE","АТРИБУТЫ ПОСТРОЙКИ","ATRYBUTY BUDYNKU","ÉPÍTÉS ATTRIBÚTUMAI","ATTRIBUTI COSTRUZIONE","ATRIBUTOS DE LA CONSTRUCCIÓN","ATTRIBUTS DE LA CONSTRUCTION","建築屬性","建築属性","ATRIBUTOS DA CONSTRUÇÃO","建筑属性"
"VSTR_LBL_BLD_SET_ACTIVE_S","Set Active (Spawn it when the set is active)","Set Active (Spawn it when the set is active)","Nastavit jako aktivní (spawnovat, když je sada aktivní)","Aktivieren (spawnen, wenn das Set aktiv ist)","Сделать активным (спавнить, когда серия активна)","Ustaw jako aktywny (spawnuj, gdy zestaw jest aktywny)","Aktiválása (spawnol, ha a készlet aktív)","Imposta attivo (spawna quando il set è attivo)","Establecer como activo (spawnear cuando el set esté activo)","Définir comme actif (spawner lorsque le set est actif)","設為啟用（當集合啟用時生成）","アクティブにする（セットがアクティブのときにスポーン）","Definir como ativo (spawnar quando o set estiver ativo)","设为启用（当集合启用时生成）"
"VSTR_BUILDING_MANAGER_TITLE","OBJECT MANAGER","OBJECT MANAGER","SPRÁVCE OBJEKTŮ","OBJEKT-MANAGER","МЕНЕДЖЕР ОБЪЕКТОВ","MENEDŻER OBIEKTÓW","OBJEKTUMKEZELŐ","GESTORE OGGETTI","GESTOR DE OBJETOS","GESTIONNAIRE D'OBJETS","物件管理器","オブジェクトマネージャー","GERENCIADOR DE OBJETOS","对象管理器"
"VSTR_LBL_NEW_OBJ_ATT","New Object Attributes","New Object Attributes","Atributy nového objektu","Attribute neues Objekt","Атрибуты нового объекта","Atrybuty nowego obiektu","Új objektum attribútumai","Nuovi attributi oggetto","Nuevos atributos de objeto","Nouveaux attributs d'objet","新物件屬性","新規オブジェクトの属性","Novos atributos de objeto","新对象属性"
"VSTR_LBL_SEARCH_KEYWORD","Search Keyword","Search Keyword","Hledat klíčové slovo","Suchbegriff","Ключевое слово поиска","Słowo kluczowe wyszukiwania","Keresési kulcsszó","Parola chiave di ricerca","Palabra clave de búsqueda","Mot-clé de recherche","搜尋關鍵字","検索キーワード","Palavra‑chave de pesquisa","搜索关键字"
"VSTR_LBL_HELP","Help","Help","Nápověda","Hilfe","Справка","Pomoc","Súgó","Aiuto","Ayuda","Aide","說明","ヘルプ","Ajuda","说明"
"VSTR_LBL_OPTIONS","Options","Options","Možnosti","Optionen","Параметры","Opcje","Beállítások","Opzioni","Opciones","Options","選項","オプション","Opções","选项"
"VSTR_LBL_FREE_CAM","Free Camera","Free Camera","Volná kamera","Freie Kamera","Свободная камера","Wolna kamera","Szabad kamera","Telecamera libera","Cámara libre","Caméra libre","自由視角","フリーカメラ","Câmera livre","自由视角"
"VSTR_LBL_TOP_DOWN_VIEW","Top Down View","Top Down View","Pohled shora","Draufsicht","Вид сверху","Widok z góry","Felülnézet","Vista dall'alto","Vista superior","Vue de dessus","俯視","トップビュー","Visão superior","俯视"
"VSTR_LBL_FOV","FoV:","FoV:","FoV:","FoV:","FoV:","FoV:","FoV:","FoV:","FoV:","FoV:","FoV:","FoV:","FoV:","吸附到地形"
"VSTR_LBL_SNAP_ON_MOVE","Snap To Terrain","Snap To Terrain","Přichytit k terénu","Am Terrain ausrichten","Привязка к рельефу","Przyciągaj do terenu","Illesztés a terephez","Aggancia al terreno","Ajustar al terreno","Attacher au terrain","吸附至地形","地形にスナップ","Ajustar ao terreno","吸附至地形"
"VSTR_ENABLE_OBJ_SNAP","Snap-On-Surfaces","Snap-On-Surfaces","Přichytit na povrchy","An Oberflächen ausrichten","Привязка к поверхностям","Przyciągaj do powierzchni","Illesztés a felületekhez","Aggancia alle superfici","Ajustar a superficies","Attacher aux surfaces","吸附至表面","表面にスナップ","Ajustar às superfícies","吸附至表面"
"VSTR_LBL_BUILDING_SETS","Building Sets","Building Sets","Stavební sady","Bausets","Строительные серии","Zestawy budynków","Építési készletek","Set di costruzione","Sets de construcción","Sets de construction","建築集合","建築セット","Sets de construção","建筑集合"
"VSTR_LBL_CREATE_NEW_BUILD_SET","Create New Building Set","Create New Building Set","Vytvořit novou stavební sadu","Neues Bauset erstellen","Создать новую строительную серию","Utwórz nowy zestaw budynków","Új építési készlet létrehozása","Crea nuovo set di costruzione","Crear nuevo set de construcción","Créer un set de construction","建立新建築集合","新しい建築セットを作成","Criar novo set de construção","建立新建筑集合"
"VSTR_LBL_SAVE_EDITS","Save Edits","Save Edits","Uložit úpravy","Bearbeitungen speichern","Сохранить правки","Zapisz edycje","Szerkesztések mentése","Salva modifiche","Guardar ediciones","Enregistrer les modifications","儲存編輯","編集を保存","Salvar edições","储存编辑"
"VSTR_PERMISSIONS_MANAGER_TITLE","PERMISSIONS EDITOR","PERMISSIONS EDITOR","EDITOR OPRÁVNĚNÍ","BERECHTIGUNGS-EDITOR","РЕДАКТОР ПРАВ","EDYTOR UPRAWNIEŃ","JOGOSULTSÁG SZERKESZTŐ","EDITOR PERMESSI","EDITOR DE PERMISOS","ÉDITEUR D'AUTORISATIONS","權限編輯器","権限エディタ","EDITOR DE PERMISSÕES","权限编辑器"
"VSTR_LBL_AVA_PERMS","Available Permissions","Available Permissions","Dostupná oprávnění","Verfügbare Berechtigungen","Доступные разрешения","Dostępne uprawnienia","Elérhető jogosultságok","Permessi disponibili","Permisos disponibles","Autorisations disponibles","可用權限","利用可能な権限","Permissões disponíveis","可用权限"
"VSTR_LBL_USER_GROUPS","User Groups","User Groups","Uživatelské skupiny","Benutzergruppen","Группы пользователей","Grupy użytkowników","Felhasználói csoportok","Gruppi utenti","Grupos de usuarios","Groupes d'utilisateurs","使用者群組","ユーザーグループ","Grupos de usuários","用户群组"
"VSTR_LBL_ADD_MEMEBER","Add Member(s)","Add Member(s)","Přidat člena(členy)","Mitglied/er hinzufügen","Добавить участника(ов)","Dodaj członka(ów)","Tag(ok) hozzáadása","Aggiungi membro/i","Añadir miembro(s)","Ajouter membre(s)","新增成員","メンバーを追加","Adicionar membro(s)","新增成员"
"VSTR_LBL_UPDATE_PERMISSIONS","Update Permissions","Update Permissions","Aktualizovat oprávnění","Berechtigungen aktualisieren","Обновить разрешения","Aktualizuj uprawnienia","Jogosultságok frissítése","Aggiorna permessi","Actualizar permisos","Mettre à jour les autorisations","更新權限","権限を更新","Atualizar permissões","更新权限"
"VSTR_LBL_CREATE_GROUP","Create Group","Create Group","Vytvořit skupinu","Gruppe erstellen","Создать группу","Utwórz grupę","Csoport létrehozása","Crea gruppo","Crear grupo","Créer un Grp","建立群組","グループを作成","Criar grupo","建立群组"
"VSTR_LBL_DELETE_GROUP","Delete Group","Delete Group","Smazat skupinu","Gruppe löschen","Удалить группу","Usuń grupę","Csoport törlése","Elimina gruppo","Eliminar grupo","Supprimer Grp","刪除群組","グループを削除","Excluir grupo","删除群组"
"VSTR_LBL_UPDATE_GROUP_ATTS","USER GROUP ATTRIBUTES","USER GROUP ATTRIBUTES","ATRIBUTY UŽIVATELSKÉ SKUPINY","ATTRIBUTE DER BENUTZERGRUPPE","АТРИБУТЫ ГРУППЫ ПОЛЬЗОВАТЕЛЕЙ","ATRYBUTY GRUPY UŻYTKOWNIKÓW","FELHASZNÁLÓI CSOPORT ATTRIBÚTUMAI","ATTRIBUTI GRUPPO UTENTI","ATRIBUTOS DEL GRUPO DE USUARIOS","ATTRIBUTS DU GROUPE D'UTILISATEURS","使用者群組屬性","ユーザーグループ属性","ATRIBUTOS DO GRUPO DE USUÁRIOS","用户群组属性"
"VSTR_LBL_GROUP_NAME_FORCE","[Force Name]: Users within the usergroup will not be able to use the tools if their ingame name is not matching with the name saved within the group","[Force Name]: Users within the usergroup will not be able to use the tools if their ingame name is not matching with the name saved within the group","[Force Name]: Uživatelé ve skupině nebudou moci používat nástroje, pokud jejich herní jméno neodpovídá jménu uloženému ve skupině","[Force Name]: Benutzer in der Gruppe können die Tools nicht verwenden, wenn ihr Ingame-Name nicht mit dem in der Gruppe gespeicherten Namen übereinstimmt","[Force Name]: Пользователи в группе не смогут использовать инструменты, если их игровое имя не совпадает с именем, сохранённым в группе","[Force Name]: Użytkownicy w grupie nie będą mogli używać narzędzi, jeśli ich nick w grze nie odpowiada nazwie zapisanej w grupie","[Force Name]: A csoportba tartozó felhasználók nem használhatják az eszközöket, ha a játékbeli nevük nem egyezik a csoportban mentett névvel","[Force Name]: Gli utenti del gruppo non potranno usare gli strumenti se il loro nome in gioco non corrisponde al nome salvato nel gruppo","[Force Name]: Los usuarios del grupo no podrán usar las herramientas si su nombre en el juego no coincide con el nombre guardado en el grupo","[Force Name]: Les utilisateurs du groupe ne pourront pas utiliser les outils si leur nom en jeu ne correspond pas au nom enregistré dans le groupe","[Force Name]: 群組中的使用者若其遊戲內名稱與群組中儲存的名稱不符，將無法使用工具","[Force Name]: グループ内ユーザーは、ゲーム内の名前がグループに保存された名前と一致しない場合ツールを使用できません","[Force Name]: Usuários no grupo não poderão usar as ferramentas se o nome no jogo não corresponder ao nome salvo no grupo","[Force Name]: 群组中的用户若其游戏内名称与群组中储存的名称不符，将无法使用工具"
"VSTR_LBL_GROUP_NAME","Group Name:","Group Name:","Název skupiny:","Gruppenname:","Имя группы:","Nazwa grupy:","Csoport neve:","Nome gruppo:","Nombre del grupo:","Nom du groupe:","群組名稱:","グループ名:","Nome do grupo:","群组名称:"
"VSTR_LBL_GROUP_TOTAL_MEMBERS","Total Members:","Total Members:","Celkem členů:","Mitglieder gesamt:","Всего участников:","Łącznie członków:","Összes tag:","Totale membri:","Total de miembros:","Total des membres:","成員總數:","メンバー総数:","Total de membros:","成员总数:"
"VSTR_LBL_GROUP_PERMS_LVL","Permission Level:","Permission Level:","Úroveň oprávnění:","Berechtigungsstufe:","Уровень прав:","Poziom uprawnień:","Jogosultsági szint:","Livello permessi:","Nivel de permisos:","Niveau d'autorisation:","權限等級:","権限レベル:","Nível de permissão:","权限等级:"
"VSTR_PLAYER_MANAGER_TITLE","PLAYER MANAGER","PLAYER MANAGER","SPRÁVCE HRÁČŮ","SPIELER-MANAGER","МЕНЕДЖЕР ИГРОКОВ","MENEDŻER GRACZY","JÁTÉKOSKEZELŐ","GESTORE GIOCATORI","GESTOR DE JUGADORES","GESTIONNAIRE DE JOUEURS","玩家管理器","プレイヤーマネージャー","GERENCIADOR DE JOGADORES","玩家管理器"
"VSTR_LBL_PLAYERS_LIST","Player List","Player List","Seznam hráčů","Spielerliste","Список игроков","Lista graczy","Játékoslista","Elenco giocatori","Lista de jugadores","Liste des joueurs","玩家清單","プレイヤーリスト","Lista de jogadores","玩家清单"
"VSTR_LBL_PLAYERS_DETAILS","Player Details","Player Details","Detaily hráče","Spielerdetails","Детали игрока","Szczegóły gracza","Játékos részletei","Dettagli giocatore","Detalles del jugador","Détails du joueur","玩家詳細資訊","プレイヤー詳細","Detalhes do jogador","玩家详细信息"
"VSTR_LBL_MODIFIERS","Modifiers","Modifiers","Modifikátory","Modifikatoren","Модификаторы","Modyfikatory","Módosítók","Modificatori","Modificadores","Modificateurs","修飾項","モディファイア","Modificadores","修饰项"
"VSTR_LBL_HEAL_PLAYERS","HEAL","HEAL","VYLÉČIT","HEILEN","ВЫЛЕЧИТЬ","WYLECZ","GYÓGYÍT","GUARISCI","CURAR","SOIGNER","治療","回復","CURAR","治疗"
"VSTR_LBL_KILL_PLAYERS","KILL","KILL","ZABÍT","TÖTEN","УБИТЬ","ZABIJ","MEGÖL","UCCIDI","MATAR","TUER","殺死","キル","MATAR","杀死"
"VSTR_LBL_TP_TO_ME","BRING","BRING","PŘIVÉST","HERBRINGEN","ПРИВЕСТИ","PRZYWIEŹ","ODAHOZ","PORTA QUI","TRAER AQUÍ","AMENER ICI","帶來","呼び寄せ","TRAZER AQUI","带来"
"VSTR_LBL_SEND_MESSAGE","Send Message","Send Message","Odeslat zprávu","Nachricht senden","Отправить сообщение","Wyślij wiadomość","Üzenet küldése","Invia messaggio","Enviar mensaje","Écrire message","傳送訊息","メッセージ送信","Enviar mensagem","传送讯息"
"VSTR_LBL_TP_ME_TO","GOTO","GOTO","GOTO","GOTO","GOTO","GOTO","GOTO","GOTO","GOTO","ALLER À","GOTO","GOTO","GOTO","封禁玩家"
"VSTR_LBL_KICK_PLAYERS","KICK","KICK","VYHODIT","KICK","КИК","KICK","KICK","KICK","KICK","KICK","KICK","KICK","KICK","踢出"
"VSTR_LBL_BAN_PLAYERS","Ban Player(s)","Ban Player(s)","Zabanovat hráče","Spieler bannen","Забанить игрока","Zbanuj gracza","Játékos kitiltása","Banna giocatore","Banear jugador","Bannir le joueur","封禁玩家","プレイヤーを BAN","Banir jogador","封禁玩家"
"VSTR_LBL_SPECTATE_PLAYER","SPECTATE","SPECTATE","SPECTATE","ZUSCHAUEN","SPECTATE","SPECTATE","SPECTATE","SPECTATE","SPECTATE","Spectateur","SPECTATE","SPECTATE","SPECTATE","旁观"
"VSTR_LBL_MAKE_VOMIT","Force Vomit","Force Vomit","Vynutit zvracení","Erbrechen erzwingen","Вынудить рвоту","Wymuś wymioty","Hányás kényszerítése","Forza vomito","Forzar vómito","FAIRE VOMIR","強制嘔吐","嘔吐を強制","Forçar vômito","强制呕吐"
"VSTR_LBL_GODMODE","GODMODE","GODMODE","GODMODE","GODMODE","GODMODE","GODMODE","GODMODE","GODMODE","GODMODE","GODMODE","GODMODE","GODMODE","GODMODE","设置隐形"
"VSTR_LBL_UNLIM_AMMO","Unlimited Ammo","Unlimited Ammo","Unlimited Ammo","Unlimited Ammo","Unlimited Ammo","Unlimited Ammo","Unlimited Ammo","Unlimited Ammo","Unlimited Ammo","Balles infinies","Unlimited Ammo","Unlimited Ammo","Unlimited Ammo","冻结"
"VSTR_LBL_SET_INVIS","Set Invisibility","Set Invisibility","Nastavit neviditelnost","Unsichtbarkeit setzen","Включить невидимость","Ustaw niewidzialność","Láthatatlanság beállítása","Imposta invisibilità","Establecer invisibilidad","Rendre invisible","設定隱形","不可視を設定","Definir invisibilidade","设定隐形"
"VSTR_LBL_FREEZE_PLAYER","FREEZE","FREEZE","ZMRAZIT","EINFRIEREN","ЗАМОРОЗИТЬ","ZAMROŹ","MEGFAGYASZT","CONGELA","CONGELAR","FIGER","凍結","凍結","CONGELAR","冻结"
"VSTR_LBL_USER_GROUP","User Group:","User Group:","Uživatelská skupina:","Benutzergruppe:","Группа пользователей:","Grupa użytkowników:","Felhasználói csoport:","Gruppo utenti:","Grupo de usuarios:","Groupe d'utilisateurs:","使用者群組:","ユーザーグループ:","Grupo de usuários:","用户群组:"
"VSTR_LBL_COPY_INFO","Copy Information","Copy Information","Kopírovat informace","Informationen kopieren","Копировать информацию","Kopiuj informacje","Információk másolása","Copia informazioni","Copiar información","Copier les informations","複製資訊","情報をコピー","Copiar informações","复制信息"
"VSTR_SERVER_MANAGER_TITLE","SERVER MANAGER","SERVER MANAGER","SPRÁVCE SERVERU","SERVER-MANAGER","МЕНЕДЖЕР СЕРВЕРА","MENEDŻER SERWERA","SZERVERKEZELŐ","GESTORE SERVER","GESTOR DEL SERVIDOR","GESTIONNAIRE DU SERVEUR","伺服器管理器","サーバーマネージャー","GERENCIADOR DO SERVIDOR","服务器管理器"
"VSTR_LBL_ACTIVVITY_MAP","Activity Map","Activity Map","Mapa aktivity","Aktivitätskarte","Карта активности","Mapa aktywności","Aktivitás térkép","Mappa attività","Mapa de actividad","Carte d'activité","活動地圖","アクティビティマップ","Mapa de atividade","活动地图"
"VSTR_LBL_SCRIPT_LOADER","Script Loader","Script Loader","Nahrávač skriptů","Skriptlader","Загрузчик скриптов","Ładowarka skryptów","Szkriptbetöltő","Caricatore script","Cargador de scripts","Chargeur de scripts","腳本載入器","スクリプトローダー","Carregador de scripts","脚本载入器"
"VSTR_LBL_REFRESH_LIST","Refresh List","Refresh List","Obnovit seznam","Liste aktualisieren","Обновить список","Odśwież listę","Lista frissítése","Aggiorna elenco","Actualizar lista","Actualiser la liste","重新整理清單","リストを更新","Atualizar lista","重新整理清单"
"VSTR_LBL_WRITE","Write","Write","Zapsat","Schreiben","Записать","Zapisz","Írás","Scrivi","Escribir","Écrire","寫入","書き込み","Gravar","写入"
"VSTR_LBL_VIEW","View","View","Zobrazit","Anzeigen","Просмотр","Podgląd","Megtekintés","Visualizza","Ver","Afficher","顯示","表示","Exibir","显示"
"VSTR_LBL_LOAD","Load","Load","Načíst","Laden","Загрузить","Wczytaj","Betöltés","Carica","Cargar","Charger","載入","読み込み","Carregar","载入"
"VSTR_LBL_RELEASE","Release","Release","Uvolnit","Freigeben","Освободить","Zwolnij","Feloldás","Rilascia","Liberar","Libérer","釋放","解放","Liberar","释放"
"VSTR_LBL_ADMIN_LOGIN","Admin Login","Admin Login","Přihlášení admina","Admin-Login","Вход администратора","Logowanie admina","Admin bejelentkezés","Login admin","Inicio de sesión admin","Connexion admin","管理員登入","管理者ログイン","Login de admin","管理员登入"
"VSTR_LBL_PASSWORD","Password:","Password:","Heslo:","Passwort:","Пароль:","Hasło:","Jelszó:","Password:","Contraseña:","Mot de passe:","密碼:","パスワード:","Senha:","密码:"
"VSTR_LBL_SERVER_MONITOR","Server Status Monitor","Server Status Monitor","Monitor stavu serveru","Serverstatus-Monitor","Монитор состояния сервера","Monitor stanu serwera","Szerver állapot monitor","Monitor stato server","Monitor de estado del servidor","Moniteur d'état du serveur","伺服器狀態監視器","サーバーステータスモニター","Monitor de status do servidor","服务器状态监视器"
"VSTR_LBL_SERVER_FPS","Server FPS:","Server FPS:","FPS serveru:","Server-FPS:","FPS сервера:","FPS serwera:","Szerver FPS:","FPS server:","FPS del servidor:","FPS du serveur:","伺服器 FPS:","サーバー FPS:","FPS do servidor:","服务器 FPS:"
"VSTR_LBL_ONLINE_PLAYERS","Online Players:","Online Players:","Online hráči:","Spieler online:","Игроков онлайн:","Graczy online:","Online játékosok:","Giocatori online:","Jugadores en línea:","Joueurs en ligne:","線上玩家:","オンラインプレイヤー:","Jogadores online:","线上玩家:"
"VSTR_LBL_SERVER_UPTIME","Server Up Time:","Server Up Time:","Doba běhu serveru:","Serverlaufzeit:","Время работы сервера:","Czas działania serwera:","Szerver futási ideje:","Uptime server:","Tiempo activo del servidor:","Temps de fonctionnement :","伺服器執行時間:","サーバー稼働時間:","Uptime do servidor:","服务器执行时间:"
"VSTR_LBL_MEM_USED","Memory Used:","Memory Used:","Využitá paměť:","Genutzter Speicher:","Использовано памяти:","Wykorzystana pamięć:","Felhasznált memória:","Memoria usata:","Memoria usada:","Mémoire utilisée:","已用記憶體:","使用メモリ:","Memória usada:","已用内存:"
"VSTR_LBL_NETWORK_TRAFFIC","Network out Kbps:","Network out Kbps:","Síť odchozí Kbps:","Netzwerk aus Kbps:","Исходящий трафик, Kbps:","Sieć wychodząca Kbps:","Kimenő hálózat Kbps:","Rete in uscita Kbps:","Red saliente Kbps:","Réseau sortant Kbps:","輸出網路 Kbps:","送信ネットワーク Kbps:","Rede de saída Kbps:","输出网络 Kbps:"
"VSTR_LBL_NETWORK_TRAFFIC2","Network In Kbps:","Network In Kbps:","Síť příchozí Kbps:","Netzwerk ein Kbps:","Входящий трафик, Kbps:","Sieć przychodząca Kbps:","Bejövő hálózat Kbps:","Rete in entrata Kbps:","Red entrante Kbps:","Réseau entrant Kbps:","輸入網路 Kbps:","受信ネットワーク Kbps:","Rede de entrada Kbps:","输入网络 Kbps:"
"VSTR_LBL_ACTIVE_AI","Active AIs:","Active AIs:","Aktivní AI:","Aktive AIs:","Активных ИИ:","Aktywne AI:","Aktív MI-k:","AI attive:","IA activas:","IA actives:","啟用中的 AI:","アクティブな AI:","IAs ativas:","启用中的 AI:"
"VSTR_LBL_REFRESH_ACTIVITY","Refresh Activity","Refresh Activity","Obnovit aktivitu","Aktivität aktualisieren","Обновить активность","Odśwież aktywność","Aktivitás frissítése","Aggiorna attività","Actualizar actividad","Actualiser l'activité","重新整理活動","アクティビティを更新","Atualizar atividade","重新整理活动"
"VSTR_LBL_AUTO_UPDATE_ACTIVITY","Auto Update Activity","Auto Update Activity","Automaticky aktualizovat aktivitu","Aktivität automatisch aktualisieren","Автообновление активности","Auto‑aktualizacja aktywności","Aktivitás automatikus frissítése","Aggiorna attività automaticamente","Actualizar actividad automáticamente","Automatique","自動更新活動","アクティビティを自動更新","Atualizar atividade automaticamente","自动更新活动"
"VSTR_LBL_RESTART_SERVER","Restart Server","Restart Server","Restartovat server","Server neu starten","Перезапустить сервер","Zrestartuj serwer","Szerver újraindítása","Riavvia server","Reiniciar servidor","Redémarrer !","重新啟動伺服器","サーバーを再起動","Reiniciar servidor","重新启动服务器"
"VSTR_LBL_LOCKSERVER","Lock Server","Lock Server","Zamknout server","Server sperren","Заблокировать сервер","Zablokuj serwer","Szerver zárolása","Blocca server","Bloquear servidor","Verrouiller !","鎖定伺服器","サーバーをロック","Bloquear servidor","锁定服务器"
"VSTR_LBL_KILL_ALL_PLAYERS","Kick All Players","Kick All Players","Vyhodit všechny hráče","Alle Spieler kicken","Кикнуть всех игроков","Wyrzuć wszystkich graczy","Minden játékos kirúgása","Espelli tutti i giocatori","Expulsar a todos los jugadores","Kick tous joueurs","踢出所有玩家","全プレイヤーをキック","Expulsar todos os jogadores","踢出所有玩家"
"VSTR_LBL_RETURN_PLAYERS","RETURN","RETURN","ZPĚT","ZURÜCK","НАЗАД","POWRÓT","VISSZA","RITORNA","VOLVER","RETOUR","返回","戻る","VOLTAR","返回"
"VSTR_TELEPORT_MANAGER_TITLE","TELEPORT MANAGER","TELEPORT MANAGER","SPRÁVCE TELEPORTŮ","TELEPORT-MANAGER","МЕНЕДЖЕР ТЕЛЕПОРТА","MENEDŻER TELEPORTÓW","TELEPORT KEZELŐ","GESTORE TELETRASPORTI","GESTOR DE TELETRANSPORTES","GESTIONNAIRE DE TÉLÉPORTATION","傳送管理器","テレポートマネージャー","GERENCIADOR DE TELEPORTE","传送管理器"
"VSTR_LBL_SAVED_POSITIONS","Saved Positions","Saved Positions","Uložené pozice","Gespeicherte Positionen","Сохранённые позиции","Zapisane pozycje","Mentett pozíciók","Posizioni salvate","Posiciones guardadas","Positions enregistrées","已儲存的位置","保存済み位置","Posições salvas","已储存的位置"
"VSTR_LBL_ADD_NEW_POS","Add New Position","Add New Position","Přidat novou pozici","Neue Position hinzufügen","Добавить новую позицию","Dodaj nową pozycję","Új pozíció hozzáadása","Aggiungi nuova posizione","Añadir nueva posición","Ajouter une nouvelle position","新增位置","新しい位置を追加","Adicionar nova posição","新增位置"
"VSTR_LBL_EDIT_SEL_POS","Edit Selected Position","Edit Selected Position","Upravit vybranou pozici","Ausgewählte Position bearbeiten","Редактировать выбранную позицию","Edytuj wybraną pozycję","Kiválasztott pozíció szerkesztése","Modifica posizione selezionata","Editar posición seleccionada","Modifier la position sélectionnée","編輯所選位置","選択した位置を編集","Editar posição selecionada","编辑所选位置"
"VSTR_LBL_DEL_SEL_POS","Delete Selected Position(s)","Delete Selected Position(s)","Smazat vybranou/é pozici/e","Ausgewählte Position(en) löschen","Удалить выбранную(ые) позицию(и)","Usuń wybraną(e) pozycję(e)","Kiválasztott pozíció(k) törlése","Elimina posizione/i selezionata/e","Eliminar posición(es) seleccionada(s)","Supprimer la/les position(s) sélectionnée(s)","刪除所選位置","選択した位置を削除","Excluir posição(ões) selecionada(s)","删除所选位置"
"VSTR_LBL_TP_TO_SEL_PLAYERS","Teleport Selected Player(s)","Teleport Selected Player(s)","Teleportovat vybraného/é hráče","Ausgewählten Spieler/Spieler teleportieren","Телепортировать выбранного(ых) игрока(ов)","Teleportuj wybranego(-ych) gracza(-y)","Kiválasztott játékos(ok) teleportálása","Teletrasporta giocatore/i selezionato/i","Teletransportar jugador(es) seleccionado(s)","Téléporter le(s) joueur(s) sélectionné(s)","傳送所選玩家","選択したプレイヤーをテレポート","Teletransportar jogador(es) selecionado(s)","传送所选玩家"
"VSTR_LBL_TP_TO_POS","Teleport to Position","Teleport to Position","Teleportovat na pozici","Zu Position teleportieren","Телепортироваться на позицию","Teleportuj na pozycję","Teleportálás pozícióra","Teletrasportati alla posizione","Teletransportarse a la posición","Se téléporter à la position","傳送至位置","位置へテレポート","Teletransportar para a posição","传送至位置"
"VSTR_LBL_NEW_TP_POS_ATTS","NEW POSITION ATTRIBUTES","NEW POSITION ATTRIBUTES","NOVÉ ATRIBUTY POZICE","NEUE POSITIONS-ATTRIBUTE","АТРИБУТЫ НОВОЙ ПОЗИЦИИ","NOWE ATRYBUTY POZYCJI","ÚJ POZÍCIÓ ATTRIBÚTUMAI","NUOVI ATTRIBUTI POSIZIONE","NUEVOS ATRIBUTOS DE POSICIÓN","NOUVEAUX ATTRIBUTS DE POSITION","新位置屬性","新しい位置の属性","NOVOS ATRIBUTOS DE POSIÇÃO","新位置属性"
"VSTR_LBL_POS","Position:","Position:","Pozice:","Position:","Позиция:","Pozycja:","Pozíció:","Posizione:","Posición:","Position:","位置:","位置:","Posição:","位置:"
"VSTR_WEATHER_MANAGER","WEATHER MANAGER","WEATHER MANAGER","SPRÁVCE POČASÍ","WETTER-MANAGER","МЕНЕДЖЕР ПОГОДЫ","MENEDŻER POGODY","IDŐJÁRÁS KEZELŐ","GESTORE METEO","GESTOR DEL CLIMA","GESTIONNAIRE MÉTÉO","天氣管理器","天気マネージャー","GERENCIADOR DO CLIMA","天气管理器"
"VSTR_LBL_PRESETS","Presets","Presets","Presety","Presets","Пресеты","Presety","Presetek","Preset","Presets","Presets","預設","プリセット","Presets","预设"
"VSTR_LBL_INFORMATION","Information","Information","Informace","Informationen","Информация","Informacje","Információ","Informazioni","Información","Informations","資訊","情報","Informações","信息"
"VSTR_LBL_TIME","Time:","Time:","Čas:","Zeit:","Время:","Czas:","Idő:","Ora:","Hora:","Heure:","小時:","時間:","Hora:","小时:"
"VSTR_LBL_DATE","Date:","Date:","Datum:","Datum:","Дата:","Data:","Dátum:","Data:","Fecha:","Date:","日期:","日付:","Data:","日期:"
"VSTR_LBL_RAIN","Rain:","Rain:","Déšť:","Regen:","Дождь:","Deszcz:","Eső:","Pioggia:","Lluvia:","Pluie:","降雨:","雨:","Chuva:","降雨:"
"VSTR_LBL_OVERCAST","Overcast:","Overcast:","Zataženo:","Bewölkung:","Облачность:","Zachmurzenie:","Felhőzet:","Nebulosità:","Nubosidad:","Nébulosité:","雲量:","雲量:","Nebulosidade:","云量:"
"VSTR_LBL_FOG","Fog:","Fog:","Mlha:","Nebel:","Туман:","Mgła:","Köd:","Nebbia:","Niebla:","Brouillard:","霧:","霧:","Névoa:","雾:"
"VSTR_LBL_WIND_FORCE","Wind Force:","Wind Force:","Síla větru:","Windstärke:","Сила ветра:","Siła wiatru:","Szél erőssége:","Forza del vento:","Fuerza del viento:","Force du vent:","風力:","風力:","Força do vento:","风力:"
"VSTR_LBL_WORLD_TIME","World Time","World Time","Světový čas","Weltzeit","Мировое время","Czas świata","Világidő","Ora del mondo","Hora del mundo","Heure du monde","世界時間","ワールド時刻","Hora do mundo","世界时间"
"VSTR_LBL_HOUR","Hour:","Hour:","Hodina:","Stunde:","Час:","Godzina:","Óra:","Ora:","Hora:","Heure:","小時:","時:","Hora:","小时:"
"VSTR_LBL_MINUTE","Minute:","Minute:","Minuta:","Minute:","Минута:","Minuta:","Perc:","Minuto:","Minuto:","Minute:","分鐘:","分:","Minuto:","分钟:"
"VSTR_LBL_DAY","Day:","Day:","Den:","Tag:","День:","Dzień:","Nap:","Giorno:","Día:","Jour:","日:","日:","Dia:","日:"
"VSTR_LBL_MONTH","Month:","Month:","Měsíc:","Monat:","Месяц:","Miesiąc:","Hónap:","Mese:","Mes:","Mois:","月:","月:","Mês:","月:"
"VSTR_LBL_YEAR","Year:","Year:","Rok:","Jahr:","Год:","Rok:","Év:","Anno:","Año:","Année:","年:","年:","Ano:","年:"
"VSTR_LBL_APPLY_PRESET","Apply Preset","Apply Preset","Aplikovat preset","Preset anwenden","Применить пресет","Zastosuj preset","Preset alkalmazása","Applica preset","Aplicar preset","Appliquer preset","套用預設","プリセットを適用","Aplicar preset","套用预设"
"VSTR_LBL_USE_CURRENT_TIME","Use Current Time","Use Current Time","Použít aktuální čas","Aktuelle Zeit verwenden","Текущее время","Use Current Time","Use Current Time","Use Current Time","Use Current Time","Utiliser heure actuel","Use Current Time","Use Current Time","Use Current Time","输入名称"
"VSTR_LBL_DELETE_W_PRESET","Delete Preset","Delete Preset","Smazat preset","Preset löschen","Удалить пресет","Usuń preset","Preset törlése","Elimina preset","Eliminar preset","Supprimer preset","刪除預設","プリセットを削除","Excluir preset","删除预设"
"VSTR_LBL_ENTER_NAME","Enter Name","Enter Name","Zadejte název","Name eingeben","Введите имя","Wpisz nazwę","Név megadása","Inserisci nome","Introducir nombre","Saisir un nom","輸入名稱","名前を入力","Inserir nome","输入名称"
"VSTR_LBL_WEATHER_CONFG","Weather Configuration","Weather Configuration","Konfigurace počasí","Wetterkonfiguration","Конфигурация погоды","Konfiguracja pogody","Időjárás konfiguráció","Configurazione meteo","Configuración del clima","Configuration météo","天氣設定","天気設定","Configuração de clima","天气设定"
"VSTR_LBL_RATE_OF_CHANGE","Rate Of Change:","Rate Of Change:","Rychlost změny:","Änderungsrate:","Скорость изменения:","Szybkość zmian:","Változás üteme:","Tasso di variazione:","Tasa de cambio:","Taux de variation:","變化速率:","変化率:","Taxa de variação:","变化速率:"
"VSTR_LBL_DURATION","Duration:","Duration:","Doba trvání:","Dauer:","Длительность:","Czas trwania:","Időtartam:","Durata:","Duración:","Durée:","持續時間:","持続時間:","Duração:","持续时间:"
"VSTR_WEB_HOOKS_MANAGER_TITLE","WebHooks Manager","WebHooks Manager","Správce WebHooks","WebHooks-Manager","Менеджер WebHooks","Menedżer WebHooks","WebHooks kezelő","Gestore WebHooks","Gestor de WebHooks","Gestionnaire WebHooks","WebHooks 管理器","WebHooks マネージャー","Gerenciador de WebHooks","WebHooks 管理器"
"VSTR_LBL_WEBHOOKS","WebHooks","WebHooks","WebHooks","WebHooks","WebHooks","WebHooks","WebHooks","WebHooks","WebHooks","WebHooks","WebHooks","WebHooks","WebHooks","WebHooks"
"VSTR_LBL_WEBHOOKS_ATTS","WebHook Attributes","WebHook Attributes","Atributy WebHooku","WebHook-Attribute","Атрибуты WebHook","Atrybuty WebHook","WebHook attribútumok","Attributi WebHook","Atributos del WebHook","Attributs WebHook","WebHook 屬性","WebHook 属性","Atributos do WebHook","WebHook 属性"
"VSTR_LBL_SEND_DEATH_LOGS","Send Kill / Death logs","Send Kill / Death logs","Odesílat logy Kill/Death","Kill-/Death-Logs senden","Отправлять логи убийств/смертей","Wysyłaj logi Kill/Death","Kill/Death logok küldése","Invia log di Kill/Death","Enviar logs de Kill/Death","Envoyer les logs Kill / Mort","送出擊殺/死亡日誌","Kill/Death ログを送信","Enviar logs de Kill/Death","送出击杀/死亡日志"
"VSTR_LBL_SIMPLIFIED_LOGS","Simplified message format","Simplified message format","Zjednodušený formát zpráv","Vereinfachtes Nachrichtenformat","Упрощённый формат сообщений","Uproszczony format wiadomości","Egyszerűsített üzenetformátum","Formato messaggio semplificato","Formato de mensaje simplificado","Format de message simplifié","簡化訊息格式","簡易メッセージ形式","Formato de mensagem simplificado","简化讯息格式"
"VSTR_LBL_SEND_ADMIN_LOGS","Send Admin Activity Logs","Send Admin Activity Logs","Odesílat logy aktivity admina","Admin-Aktivitätslogs senden","Отправлять логи активности админа","Wysyłaj logi aktywności admina","Admin aktivitás logok küldése","Invia log attività admin","Enviar logs de actividad de admin","Envoyer les logs d'activité admin","送出管理員活動日誌","管理者アクティビティログを送信","Enviar logs de atividade de admin","送出管理员活动日志"
"VSTR_LBL_SEND_HIT_LOGS","Send Player Hit / Damage Logs","Send Player Hit / Damage Logs","Odesílat logy zásahů/poškození hráčů","Spieler-Treffer-/Schaden-Logs senden","Отправлять логи попаданий/урона игрока","Wysyłaj logi trafień/obrażeń gracza","Játékos találat/sebzés logok küldése","Invia log colpi/danni giocatore","Enviar logs de impactos/daño del jugador","Envoyer les logs coups/dégâts des joueurs","送出玩家擊中/傷害日誌","プレイヤーの命中/ダメージログを送信","Enviar logs de acerto/dano de jogador","送出玩家击中/伤害日志"
"VSTR_LBL_SEND_PLAYER_LEAVE_JOIN_LOGS","Send Player Join / Leave Logs","Send Player Join / Leave Logs","Odesílat logy připojení/odpojení hráčů","Spieler-Join-/Leave-Logs senden","Отправлять логи входа/выхода игроков","Wysyłaj logi dołączania/opuszczania przez graczy","Játékos csatlakozás/elhagyás logok küldése","Invia log entrata/uscita giocatori","Enviar logs de entrada/salida de jugadores","Envoyer les logs arrivé/départ des joueurs","送出玩家連線/斷線日誌","プレイヤーの入退室ログを送信","Enviar logs de entrada/saída de jogadores","送出玩家连线/断线日志"
"VSTR_LBL_URL","URL:","URL:","URL:","URL:","URL:","URL:","URL:","URL:","URL:","URL:","URL:","URL:","URL:","URL:"
"VSTR_LBL_WEBHOOKS_TIP","Currently only Discord WebHooks are supported as the requests format (json) are suited for Discord","Currently only Discord WebHooks are supported as the requests format (json) are suited for Discord","Momentálně jsou podporovány pouze Discord WebHooky, protože formát požadavků (json) je uzpůsoben pro Discord","Derzeit werden nur Discord WebHooks unterstützt, da das Anforderungsformat (json) für Discord geeignet ist","В настоящее время поддерживаются только Discord WebHooks, так как формат запросов (json) подходит для Discord","Obecnie obsługiwane są tylko Discord WebHooks, ponieważ format żądań (json) pasuje do Discorda","Jelenleg csak a Discord WebHooks támogatott, mivel a kérésformátum (json) a Discordhoz igazodik","Al momento sono supportati solo i Discord WebHooks perché il formato delle richieste (json) è adatto a Discord","Actualmente solo se admiten Discord WebHooks porque el formato de solicitud (json) se adapta a Discord","Actuellement seuls les Discord WebHooks sont pris en charge car le format de requête (json) convient à Discord","目前僅支援 Discord WebHooks，因為請求格式（json）是為 Discord 設計","現在は Discord WebHooks のみ対応（リクエスト形式（json）が Discord 向けのため）","Atualmente apenas Discord WebHooks são suportados, pois o formato de requisição (json) se adequa ao Discord","目前仅支援 Discord WebHooks，因为请求格式（json）是为 Discord 设计"
"VSTR_LBL_CREATE_NEW_PRESET","Create New","Create New","Vytvořit nový","Neu erstellen","Создать новый","Utwórz nowy","Új létrehozása","Crea nuovo","Crear nuevo","Créer un nouveau","建立新的","新規作成","Criar novo","建立新的"
"VSTR_LBL_PLEASE_WAIT","Please wait...","Please wait...","Prosím čekejte...","Bitte warten...","Пожалуйста, подождите...","Proszę czekać...","Kérlek várj...","Attendere prego...","Por favor espera...","Veuillez patienter...","請稍候...","しばらくお待ちください...","Aguarde...","请稍候..."
"VSTR_LBL_APPLY_CHANGES","Apply Changes","Apply Changes","Aplikovat změny","Änderungen anwenden","Применить изменения","Zastosuj zmiany","Változtatások alkalmazása","Applica modifiche","Aplicar cambios","Sauver les modifications","套用變更","変更を適用","Aplicar alterações","套用变更"
"VSTR_LBL_LOAD_SELECTED","Load Selected","Load Selected","Načíst vybrané","Auswahl laden","Загрузить выбранное","Wczytaj wybrane","Kiválasztott betöltése","Carica selezionato","Cargar seleccionado","Charger la sélection","載入所選","選択を読み込み","Carregar selecionado","载入所选"
"VSTR_LBL_GET_ITEM_STATS","Get Item Stats","Get Item Stats","Získat statistiky položky","Item-Statistiken abrufen","Получить статистику предмета","Pobierz statystyki przedmiotu","Tárgy statisztikák lekérése","Ottieni statistiche oggetto","Obtener estadísticas de objeto","Avoir stats de l'objet","取得物品統計","アイテム統計を取得","Obter estatísticas do item","取得物品统计"
"VSTR_XML_EDITOR_TITLE","XML Editor","XML Editor","XML Editor","XML-Editor","XML‑редактор","Edytor XML","XML szerkesztő","Editor XML","Editor XML","Éditeur XML","XML 編輯器","XML エディタ","Editor XML","XML 编辑器"
"VSTR_XML_MENU_TOOLTIP","If you are getting values back from the server as 'not defined' then make sure you have copied over the type.xml file from your mission to VPPAdminTools/Export/ folder located in your profiles <br /> No server restart is required the file will be picked up by the system","If you are getting values back from the server as 'not defined' then make sure you have copied over the type.xml file from your mission to VPPAdminTools/Export/ folder located in your profiles <br /> No server restart is required the file will be picked up by the system","Pokud ze serveru dostáváte hodnoty jako ‚not defined‘","Wenn du vom Server Werte als ‚not defined‘ zurückbekommst, stelle sicher, dass du die Datei type.xml aus deiner Mission in den Ordner VPPAdminTools/Export/ in deinem Profil kopiert hast <br /> Ein Serverneustart ist nicht erforderlich, die Datei wird vom System erkannt","Если сервер возвращает значения «not defined», убедитесь, что вы скопировали файл type.xml из вашей миссии в папку VPPAdminTools/Export/ в профилях <br /> Перезапуск сервера не требуется — файл будет подхвачен системой","Jeśli z serwera wracają wartości „not defined”, upewnij się, że skopiowałeś plik type.xml z twojej misji do folderu VPPAdminTools/Export/ w twoich profilach <br /> Restart serwera nie jest wymagany — plik zostanie podjęty przez system","Ha a szerver „not defined” értékeket ad vissza, győződj meg róla, hogy a type.xml fájlt átmásoltad a küldetésedből a VPPAdminTools/Export/ mappába a profiljaidban <br /> Szerver újraindítása nem szükséges — a rendszer fel fogja venni a fájlt","Se stai ricevendo dal server valori come 'not defined', assicurati di aver copiato il file type.xml dalla tua missione nella cartella VPPAdminTools/Export/ nel tuo profilo <br /> Non è richiesto il riavvio del server: il file verrà rilevato dal sistema","Si recibes valores del servidor como 'not defined', asegúrate de haber copiado el archivo type.xml de tu misión a la carpeta VPPAdminTools/Export/ en tu perfil <br /> No es necesario reiniciar el servidor: el sistema detectará el archivo","Si vous recevez du serveur des valeurs «not defined», assurez-vous d'avoir copié le fichier type.xml de votre mission dans le dossier VPPAdminTools/Export/ de votre profil <br /> Aucun redémarrage du serveur n'est requis: le fichier sera détecté par le système","若你從伺服器收到「not defined」之類的值，請確保已將你的任務中的 type.xml 複製到設定檔中的 VPPAdminTools/Export/ 資料夾 <br /> 不需要重新啟動伺服器；系統會載入該檔案","サーバーから「not defined」などの値が返る場合は、ミッションの type.xml をプロファイルの VPPAdminTools/Export/ フォルダにコピーしたか確認してください <br /> サーバーの再起動は不要です。システムがファイルを検出します","Se você está recebendo do servidor valores como 'not defined', certifique‑se de ter copiado o arquivo type.xml da sua missão para a pasta VPPAdminTools/Export/ no seu perfil <br /> Não é necessário reiniciar o servidor: o sistema detectará o arquivo","若你从服务器收到“not defined”之类的值，请确保已将你的任务中的 type.xml 复制到设定档中的 VPPAdminTools/Export/ 文件夹 <br /> 不需要重新启动服务器；系统会载入该文件"
"VSTR_LBL_TP_SHOW_MARKERS","Show teleport pos markers","Show teleport pos markers","Zobrazit markery teleport pozic","Teleport-Positionsmarkierungen anzeigen","Показывать маркеры позиций телепорта","Pokaż markery pozycji teleportu","Teleport pozíció jelölők megjelenítése","Mostra marker posizioni teletrasporto","Mostrar marcadores de posiciones de teletransporte","Afficher marqueurs des positions de TP","顯示傳送位置標記","テレポート位置のマーカーを表示","Mostrar marcadores de posições de teleporte","显示传送位置标记"
"VSTR_LBL_USE_CE","Use CE/XML Setup","Use CE/XML Setup","Použít CE/XML nastavení","CE/XML-Setup verwenden","Использовать настройку CE/XML","Użyj konfiguracji CE/XML","CE/XML beállítás használata","Usa configurazione CE/XML","Usar configuración CE/XML","Utiliser la config CE/XML","使用 CE/XML 設定","CE/XML 設定を使用","Usar configuração CE/XML","使用 CE/XML 设定"
"VSTR_XML_TITLE_RADIUS","Search Radius","Search Radius","Vyhledávací radius","Suchradius","Радиус поиска","Promień wyszukiwania","Keresési sugár","Raggio di ricerca","Radio de búsqueda","Rayon de recherche","搜尋半徑","検索半径","Raio de busca","搜索半径"
"VSTR_XML_RADIUS","Set the size of the world (Chernarus default is 15360)","Set the size of the world (Chernarus default is 15360)","Nastavte velikost světa (výchozí pro Chernarus je 15360)","Weltgröße festlegen (Standard für Chernarus ist 15360)","Задайте размер мира (для Chernarus по умолчанию 15360)","Ustaw rozmiar świata (domyślnie dla Chernarusa 15360)","Állítsd be a világ méretét (Chernarus alapértelmezett értéke 15360)","Imposta la dimensione del mondo (predefinita per Chernarus è 15360)","Establecer el tamaño del mundo (por defecto para Chernarus es 15360)","Définissez la taille du monde (valeur par défaut pour Chernarus: 15360)","設定世界大小（Chernarus 的預設為 15360）","ワールドサイズを設定（Chernarus のデフォルトは 15360）","Definir o tamanho do mundo (padrão para Chernarus é 15360)","设定世界大小（Chernarus 的预设为 15360）"
"VSTR_PLACE_HOLDER","...","...","...","...","...","...","...","...","...","...","...","...","...","..."
"VSTR_ESP_SUBTITLE","Track and act on world entities.","Track and act on world entities.","Sleduj herní objekty a zasahuj proti nim.","Welt-Entitäten verfolgen und beeinflussen.","Отслеживание и действия над объектами мира.","Śledź obiekty świata i reaguj na nie.","Világobjektumok követése és kezelése.","Traccia e agisci sulle entità del mondo.","Rastrea entidades del mundo y actúa sobre ellas.","Suivez et agissez sur les entités du monde.","追蹤並操作世界中的實體。","ワールドエンティティを追跡し、操作する。","Rastreie e atue sobre entidades do mundo.","追踪并操作世界实体。"
"VSTR_LBL_SELECT_ALL","Select all","Select all","Vybrat vše","Alle auswählen","Выбрать все","Zaznacz wszystko","Összes kijelölése","Seleziona tutto","Seleccionar todo","Tout cocher","全選","すべて選択","Selecionar tudo","全选"
"VSTR_LBL_SCAN_RADIUS","Scan radius","Scan radius","Poloměr skenování","Scan-Radius","Радиус сканирования","Promień skanowania","Letapogatási sugár","Raggio di scansione","Radio de escaneo","Rayon de scan","掃描半徑","スキャン範囲","Raio de deteção","扫描半径"
"VSTR_LBL_SHOW_DEAD","Show Dead Players","Show Dead Players","Zobrazit mrtvé hráče","Tote Spieler anzeigen","Показывать мёртвых игроков","Pokaż martwych graczy","Halott játékosok megjelenítése","Mostra giocatori morti","Mostrar jugadores muertos","Afficher les joueurs morts","顯示死亡玩家","死亡プレイヤーを表示","Mostrar jogadores mortos","显示死亡玩家"
"VSTR_ESP_PICK_COLOR","Pick a color","Pick a color","Vyber barvu","Farbe wählen","Выберите цвет","Wybierz kolor","Válassz színt","Scegli un colore","Elige un color","Choisir une couleur","選擇顏色","色を選択","Escolher uma cor","选择颜色"
"VSTR_ESP_COLOR_WHITE","White","White","Bílá","Weiß","Белый","Biały","Fehér","Bianco","Blanco","Blanc","白色","白","Branco","白色"
"VSTR_ESP_COLOR_GREEN","Green","Green","Zelená","Grün","Зелёный","Zielony","Zöld","Verde","Verde","Vert","綠色","緑","Verde","绿色"
"VSTR_ESP_COLOR_BLUE","Blue","Blue","Modrá","Blau","Синий","Niebieski","Kék","Blu","Azul","Bleu","藍色","青","Azul","蓝色"
"VSTR_ESP_COLOR_YELLOW","Yellow","Yellow","Žlutá","Gelb","Жёлтый","Żółty","Sárga","Giallo","Amarillo","Jaune","黃色","黄","Amarelo","黄色"
"VSTR_ESP_COLOR_ORANGE","Orange","Orange","Oranžová","Orange","Оранжевый","Pomarańczowy","Narancssárga","Arancione","Naranja","Orange","橙色","オレンジ","Laranja","橙色"
"VSTR_ESP_COLOR_RED","Red","Red","Červená","Rot","Красный","Czerwony","Piros","Rosso","Rojo","Rouge","紅色","赤","Vermelho","红色"
"VSTR_ESP_COLOR_PURPLE","Purple","Purple","Fialová","Lila","Фиолетовый","Fioletowy","Lila","Viola","Morado","Violet","紫色","紫","Roxo","紫色"
"VSTR_ESP_COLOR_BLACK","Black","Black","Černá","Schwarz","Чёрный","Czarny","Fekete","Nero","Negro","Noir","黑色","黒","Preto","黑色"
"VSTR_PLAYER_MANAGER_SUBTITLE","Manage connected players and perform administrative actions.","Manage connected players and perform administrative actions.","Spravujte připojené hráče a provádějte administrátorské akce.","Verbundene Spieler verwalten und administrative Aktionen ausführen.","Управление подключёнными игроками и выполнение административных действий.","Zarządzaj połączonymi graczami i wykonuj działania administracyjne.","Csatlakozott játékosok kezelése és adminisztratív műveletek végrehajtása.","Gestisci i giocatori connessi ed esegui azioni amministrative.","Gestiona los jugadores conectados y realiza acciones administrativas.","Gérez les joueurs connectés et effectuez des actions administratives.","管理線上玩家並執行管理操作。","接続中のプレイヤーを管理し、管理者操作を実行します。","Gerir jogadores ligados e executar ações administrativas.","管理在线玩家并执行管理操作。"
"VSTR_LBL_ADD_TO_USER_GROUP","Add to a user group","Add to a user group","Přidat do skupiny uživatelů","Zu Benutzergruppe hinzufügen","Добавить в группу пользователей","Dodaj do grupy użytkowników","Hozzáadás felhasználói csoporthoz","Aggiungi a un gruppo utenti","Añadir a un grupo de usuarios","Ajouter à un groupe d'utilisateurs","加入使用者群組","ユーザーグループに追加","Adicionar a um grupo de utilizadores","添加到用户组"
"VSTR_LBL_EDIT_VITALS","EDIT VITALS","EDIT VITALS","UPRAVIT STAVY","VITALWERTE BEARBEITEN","ИЗМЕНИТЬ ПОКАЗАТЕЛИ","EDYTUJ STAN ŻYCIOWY","ÉLETJELEK SZERKESZTÉSE","MODIFICA VITALITÀ","EDITAR CONSTANTES","MODIFIER CONSTANTES","編輯生命狀態","バイタル編集","EDITAR SINAIS VITAIS","编辑生命状态"
"VSTR_LBL_HEALTH","HEALTH","HEALTH","ZDRAVÍ","GESUNDHEIT","ЗДОРОВЬЕ","ZDROWIE","ÉLET","SALUTE","SALUD","SANTÉ","生命值","体力","SAÚDE","生命值"
"VSTR_LBL_BLOOD","BLOOD","BLOOD","KREV","BLUT","КРОВЬ","KREW","VÉR","SANGUE","SANGRE","SANG","血量","血液","SANGUE","血量"
"VSTR_LBL_SHOCK","SHOCK","SHOCK","ŠOK","SCHOCK","ШОК","SZOK","SOKK","SHOCK","SHOCK","CHOC","休克值","ショック","CHOQUE","休克"
"VSTR_LBL_WATER","WATER","WATER","VODA","WASSER","ВОДА","WODA","VÍZ","ACQUA","AGUA","EAU","水分","水分","ÁGUA","水分"
"VSTR_LBL_ENERGY","ENERGY","ENERGY","ENERGIE","ENERGIE","ЭНЕРГИЯ","ENERGIA","ENERGIA","ENERGIA","ENERGÍA","ÉNERGIE","能量","エネルギー","ENERGIA","能量"
"VSTR_LBL_TEMP","TEMP","TEMP","TEPL.","TEMP","ТЕМП.","TEMP.","HŐM","TEMP","TEMP","TEMP","體溫","体温","TEMP","体温"
"VSTR_LBL_HEAT_BUFF","HEAT BUFF","HEAT BUFF","TEPEL. REZ.","WÄRMEPUFFER","ТЕПЛО","BUF. CIEPŁA","HŐPUFFER","RIS. CALORE","CALOR","RÉS. CHALEUR","熱緩衝","熱バッファ","RES. CALOR","热缓冲"
"VSTR_LBL_PLAYER_MANAGEMENT","PLAYER MANAGEMENT","PLAYER MANAGEMENT","SPRÁVA HRÁČŮ","SPIELERVERWALTUNG","УПРАВЛЕНИЕ ИГРОКОМ","ZARZĄDZANIE GRACZAMI","JÁTÉKOSKEZELÉS","GESTIONE GIOCATORI","GESTIÓN DE JUGADORES","GESTION DES JOUEURS","玩家管理","プレイヤー管理","GESTÃO DE JOGADORES","玩家管理"
"VSTR_LBL_MOVEMENT","MOVEMENT","MOVEMENT","POHYB","BEWEGUNG","ПЕРЕМЕЩЕНИЕ","RUCH","MOZGÁS","MOVIMENTO","MOVIMIENTO","DÉPLACEMENT","移動","移動","MOVIMENTO","移动"
"VSTR_LBL_STATE_EFFECTS","STATE & EFFECTS","STATE & EFFECTS","STAV A EFEKTY","ZUSTAND & EFFEKTE","СОСТОЯНИЕ И ЭФФЕКТЫ","STAN I EFEKTY","ÁLLAPOT ÉS HATÁSOK","STATO ED EFFETTI","ESTADO Y EFECTOS","ÉTAT & EFFETS","狀態與效果","状態・効果","ESTADO E EFEITOS","状态与效果"
"VSTR_LBL_INVENTORY_GEAR","INVENTORY & GEAR","INVENTORY & GEAR","INVENTÁŘ A VYBAVENÍ","INVENTAR & AUSRÜSTUNG","ИНВЕНТАРЬ И СНАРЯЖЕНИЕ","EKWIPUNEK I WYPOSAŻENIE","LELTÁR ÉS FELSZERELÉS","INVENTARIO ED EQUIP.","INVENTARIO Y EQUIPO","INVENTAIRE & ÉQUIPEMENT","物品欄與裝備","インベントリ・装備","INVENTÁRIO E EQUIPAMENTO","物品栏与装备"
"VSTR_LBL_TOOLS","TOOLS","TOOLS","NÁSTROJE","WERKZEUGE","ИНСТРУМЕНТЫ","NARZĘDZIA","ESZKÖZÖK","STRUMENTI","HERRAMIENTAS","OUTILS","工具","ツール","FERRAMENTAS","工具"
"VSTR_LBL_SET_POSITION","Set Position","Set Position","Nastavit pozici","Position setzen","Задать позицию","Ustaw pozycję","Pozíció beállítása","Imposta posizione","Fijar posición","Définir la position","設定位置","座標を設定","Definir Posição","设置位置"
"VSTR_LBL_UNFREEZE","Unfreeze","Unfreeze","Odemrazit","Entsperren","Разморозить","Odblokuj","Feloldás","Sblocca","Descongelar","Défigé","解除凍結","フリーズ解除","Descongelar","解除冻结"
"VSTR_LBL_STOP_BLEEDING","Stop Bleeding","Stop Bleeding","Zastavit krvácení","Blutung stoppen","Остановить кровотечение","Zatamuj krwawienie","Vérzés elállítása","Ferma emorragia","Detener hemorragia","Stopper saignement","止血","出血を止める","Parar Hemorragia","止血"
"VSTR_LBL_SET_SCALE","Set Scale","Set Scale","Nastavit velikost","Größe setzen","Задать размер","Ustaw skalę","Méret beállítása","Imposta scala","Fijar tamaño","Définir l'échelle","設定大小","スケールを設定","Definir Escala","设置缩放"
"VSTR_LBL_CLEAR_INVENTORY","Clear Inventory","Clear Inventory","Vyprázdnit inventář","Inventar leeren","Очистить инвентарь","Wyczyść ekwipunek","Leltár kiürítése","Svuota inventario","Vaciar inventario","Vider l'inventaire","清空物品欄","インベントリを空にする","Limpar Inventário","清空物品栏"
"VSTR_LBL_IDENTITY","IDENTITY","IDENTITY","IDENTITA","IDENTITÄT","ЛИЧНОСТЬ","TOŻSAMOŚĆ","AZONOSÍTÓ","IDENTITÀ","IDENTIDAD","IDENTITÉ","身分","アイデンティティ","IDENTIDADE","身份信息"
"VSTR_LBL_VITALS","VITALS","VITALS","STAVY","VITALWERTE","ПОКАЗАТЕЛИ","STAN ŻYCIOWY","ÉLETJELEK","VITALITÀ","CONSTANTES","CONSTANTES","生命狀態","バイタル","SINAIS VITAIS","生命状态"
"VSTR_LBL_ADMIN_FLAGS","ADMIN FLAGS","ADMIN FLAGS","ADMIN PŘÍZNAKY","ADMIN-FLAGS","АДМИН-ФЛАГИ","FLAGI ADMINA","ADMIN JELZŐK","FLAG ADMIN","PERMISOS DE ADMIN","OPTIONS ADMIN","管理員標記","管理者フラグ","FLAGS DE ADMIN","管理标记"
"VSTR_LBL_GOD_MODE","God Mode","God Mode","Nesmrtelnost","Gott-Modus","Режим бога","Tryb boga","Sebezhetetlenség","Modalità Dio","Modo Dios","Mode Dieu","無敵模式","ゴッドモード","Modo Deus","无敌模式"
"VSTR_LBL_INVISIBLE","Invisible","Invisible","Neviditelnost","Unsichtbar","Невидимость","Niewidzialność","Láthatatlan","Invisibile","Invisible","Invisible","隱形","透明化","Invisível","隐身"
"VSTR_LBL_FROZEN","Frozen","Frozen","Zmrazený","Eingefroren","Заморожен","Zamrożony","Befagyasztva","Bloccato","Congelado","Figé","凍結","フリーズ","Congelado","冻结"
"VSTR_LBL_ITEM_IN_HANDS","Item In Hands:","Item In Hands:","Předmět v rukou:","Gegenstand in Händen:","Предмет в руках:","Przedmiot w rękach:","Tárgy a kézben:","Oggetto in mano:","Objeto en manos:","Objet en main :","手持物品：","手持ちアイテム:","Item nas Mãos:","手持物品："
"VSTR_ITEM_MANAGER_SUBTITLE","Browse the item catalog, spawn items and manage presets.","Browse the item catalog, spawn items and manage presets.","Procházejte katalog předmětů, vytvářejte předměty a spravujte předvolby.","Gegenstandskatalog durchsuchen, Gegenstände spawnen und Vorlagen verwalten.","Просмотр каталога предметов, создание предметов и управление пресетами.","Przeglądaj katalog przedmiotów, spawnuj przedmioty i zarządzaj presetami.","Tárgykatalógus böngészése, tárgyak létrehozása és sablonok kezelése.","Sfoglia il catalogo oggetti, genera oggetti e gestisci i preset.","Explora el catálogo de objetos, genera objetos y gestiona preajustes.","Parcourez le catalogue d'objets, générez des objets et gérez les préréglages.","瀏覽物品目錄、生成物品並管理預設組。","アイテムカタログを閲覧し、アイテムをスポーンしてプリセットを管理します。","Explorar o catálogo de itens, gerar itens e gerir predefinições.","浏览物品目录、生成物品并管理预设。"
"VSTR_LBL_ITEM_CATALOG","ITEM CATALOG","ITEM CATALOG","KATALOG PŘEDMĚTŮ","GEGENSTANDSKATALOG","КАТАЛОГ ПРЕДМЕТОВ","KATALOG PRZEDMIOTÓW","TÁRGYKATALÓGUS","CATALOGO OGGETTI","CATÁLOGO DE OBJETOS","CATALOGUE D'OBJETS","物品目錄","アイテムカタログ","CATÁLOGO DE ITENS","物品目录"
"VSTR_LBL_NO_ITEM_SELECTED","No item selected","No item selected","Není vybrán žádný předmět","Kein Gegenstand ausgewählt","Предмет не выбран","Nie wybrano przedmiotu","Nincs kiválasztott tárgy","Nessun oggetto selezionato","Ningún objeto seleccionado","Aucun objet sélectionné","未選擇物品","アイテムが選択されていません","Nenhum item selecionado","未选择物品"
"VSTR_LBL_PICK_ITEM_HINT","Pick an item from the list above","Pick an item from the list above","Vyberte předmět ze seznamu výše","Wähle einen Gegenstand aus der Liste oben","Выберите предмет из списка выше","Wybierz przedmiot z listy powyżej","Válassz egy tárgyat a fenti listából","Scegli un oggetto dalla lista qui sopra","Elige un objeto de la lista de arriba","Choisissez un objet dans la liste ci-dessus","請從上方清單選擇物品","上のリストからアイテムを選択してください","Escolha um item da lista acima","从上方列表中选择一件物品"
"VSTR_LBL_TAB_SPAWN","SPAWN","SPAWN","VYTVOŘIT","SPAWNEN","СОЗДАТЬ","SPAWN","LÉTREHOZÁS","GENERA","GENERAR","GÉNÉRER","生成","スポーン","GERAR","生成"
"VSTR_LBL_MAX","MAX","MAX","MAX","MAX","МАКС","MAKS.","MAX","MAX","MÁX","MAX","最大","最大","MÁX","最大"
"VSTR_LBL_SPAWN_ITEM","SPAWN ITEM","SPAWN ITEM","VYTVOŘIT PŘEDMĚT","GEGENSTAND SPAWNEN","СОЗДАТЬ ПРЕДМЕТ","SPAWNUJ PRZEDMIOT","TÁRGY LÉTREHOZÁSA","GENERA OGGETTO","GENERAR OBJETO","GÉNÉRER L'OBJET","生成物品","アイテムをスポーン","GERAR ITEM","生成物品"
"VSTR_LBL_LIBRARY","LIBRARY","LIBRARY","KNIHOVNA","BIBLIOTHEK","БИБЛИОТЕКА","BIBLIOTEKA","KÖNYVTÁR","LIBRERIA","BIBLIOTECA","BIBLIOTHÈQUE","資料庫","ライブラリ","BIBLIOTECA","预设库"
"VSTR_LBL_CONTENTS","CONTENTS","CONTENTS","OBSAH","INHALT","СОДЕРЖИМОЕ","ZAWARTOŚĆ","TARTALOM","CONTENUTO","CONTENIDO","CONTENU","內容","内容","CONTEÚDO","内容"
"VSTR_LBL_SELECT_A_PRESET","Select a preset","Select a preset","Vyberte předvolbu","Vorlage auswählen","Выберите пресет","Wybierz preset","Válassz egy sablont","Seleziona un preset","Selecciona un preajuste","Sélectionnez un préréglage","請選擇預設組","プリセットを選択","Selecione uma predefinição","选择一个预设"
"VSTR_LBL_NO_PRESET","No preset","No preset","Žádná předvolba","Keine Vorlage","Нет пресета","Brak presetu","Nincs sablon","Nessun preset","Sin preajuste","Aucun préréglage","無預設組","プリセットなし","Sem predefinição","无预设"
"VSTR_LBL_NEW","New","New","Nová","Neu","Новый","Nowy","Új","Nuovo","Nuevo","Nouveau","新增","新規","Nova","新建"
"VSTR_LBL_DELETE","Delete","Delete","Smazat","Löschen","Удалить","Usuń","Törlés","Elimina","Eliminar","Supprimer","刪除","削除","Eliminar","删除"
"VSTR_LBL_NEW_PRESET","NEW PRESET","NEW PRESET","NOVÁ PŘEDVOLBA","NEUE VORLAGE","НОВЫЙ ПРЕСЕТ","NOWY PRESET","ÚJ SABLON","NUOVO PRESET","NUEVO PREAJUSTE","NOUVEAU PRÉRÉGLAGE","新增預設組","新規プリセット","NOVA PREDEFINIÇÃO","新建预设"
"VSTR_TP_SUBTITLE","Save locations, teleport players and mark positions on the map.","Save locations, teleport players and mark positions on the map.","Ukládejte lokace, teleportujte hráče a označujte pozice na mapě.","Orte speichern, Spieler teleportieren und Positionen auf der Karte markieren.","Сохранение точек, телепортация игроков и отметки позиций на карте.","Zapisuj lokalizacje, teleportuj graczy i oznaczaj pozycje na mapie.","Helyek mentése, játékosok teleportálása és pozíciók jelölése a térképen.","Salva posizioni, teletrasporta giocatori e segna punti sulla mappa.","Guarda ubicaciones, teletransporta jugadores y marca posiciones en el mapa.","Enregistrez des positions, téléportez des joueurs et marquez des positions sur la carte.","儲存地點、傳送玩家並在地圖上標記位置。","座標を保存し、プレイヤーをテレポートしてマップに位置をマークします。","Guardar localizações, teletransportar jogadores e marcar posições no mapa.","保存地点、传送玩家并在地图上标记位置。"
"VSTR_LBL_SAVED_LOCATIONS","SAVED LOCATIONS","SAVED LOCATIONS","ULOŽENÉ LOKACE","GESPEICHERTE ORTE","СОХРАНЁННЫЕ ТОЧКИ","ZAPISANE LOKALIZACJE","MENTETT HELYEK","POSIZIONI SALVATE","UBICACIONES GUARDADAS","POSITIONS ENREGISTRÉS","已儲存地點","保存済み座標","LOCALIZAÇÕES GUARDADAS","已保存地点"
"VSTR_LBL_ADD_LOCATION","Add Location","Add Location","Přidat lokaci","Ort hinzufügen","Добавить точку","Dodaj lokalizację","Hely hozzáadása","Aggiungi posizione","Añadir ubicación","Ajouter Position","新增地點","座標を追加","Adicionar Localização","添加地点"
"VSTR_LBL_DELETE_SELECTED","Delete Selected","Delete Selected","Smazat vybrané","Auswahl löschen","Удалить выбранное","Usuń zaznaczone","Kijelöltek törlése","Elimina selezionati","Eliminar selección","Suppr. Position","刪除所選","選択項目を削除","Eliminar Selecionado","删除所选"
"VSTR_LBL_SELF","Self","Self","Sebe","Selbst","Себя","Ja","Magam","Sé","Yo","TP Soi-même","自己","自分","Próprio","自己"
"VSTR_LBL_SELECTED_PLAYERS","Selected Players","Selected Players","Vybraní hráči","Ausgewählte Spieler","Выбранные игроки","Wybrani gracze","Kijelölt játékosok","Giocatori selezionati","Jugadores seleccionados","TP Joueurs select.","所選玩家","選択中のプレイヤー","Jogadores Selecionados","所选玩家"
"VSTR_LBL_SHOW_MARKERS","Show Markers","Show Markers","Zobrazit značky","Markierungen anzeigen","Показать маркеры","Pokaż znaczniki","Jelölők mutatása","Mostra marcatori","Mostrar marcadores","Afficher marqueurs","顯示標記","マーカーを表示","Mostrar Marcadores","显示标记"
"VSTR_LBL_TELEPORT","TELEPORT","TELEPORT","TELEPORT","TELEPORTIEREN","ТЕЛЕПОРТ","TELEPORTUJ","TELEPORT","TELETRASPORTO","TELETRANSPORTAR","TÉLÉPORTER","傳送","テレポート","TELETRANSPORTAR","传送"
"VSTR_LBL_WORLD_MAP","WORLD MAP","WORLD MAP","MAPA SVĚTA","WELTKARTE","КАРТА МИРА","MAPA ŚWIATA","VILÁGTÉRKÉP","MAPPA DEL MONDO","MAPA DEL MUNDO","CARTE DU MONDE","世界地圖","ワールドマップ","MAPA DO MUNDO","世界地图"
"VSTR_LBL_NEW_LOCATION","NEW LOCATION","NEW LOCATION","NOVÁ LOKACE","NEUER ORT","НОВАЯ ТОЧКА","NOWA LOKALIZACJA","ÚJ HELY","NUOVA POSIZIONE","NUEVA UBICACIÓN","NOUVELLE POSITION","新增地點","新規座標","NOVA LOCALIZAÇÃO","新建地点"
"VSTR_TP_MAP_HINT","Double-click: teleport here     Ctrl+double-click: add location     Double Right-click: copy coords","Double-click: teleport here     Ctrl+double-click: add location     Double Right-click: copy coords","Dvojklik: teleport sem     Ctrl+dvojklik: přidat lokaci     Dvojitý pravý klik: kopírovat souřadnice","Doppelklick: hierher teleportieren     Strg+Doppelklick: Ort hinzufügen     Doppelter Rechtsklick: Koordinaten kopieren","Двойной клик: телепорт сюда     Ctrl+двойной клик: добавить точку     Двойной правый клик: копировать координаты","Podwójne kliknięcie: teleportuj tutaj     Ctrl+podwójne kliknięcie: dodaj lokalizację     Podwójne kliknięcie PPM: kopiuj współrzędne","Dupla kattintás: teleport ide     Ctrl+dupla kattintás: hely hozzáadása     Dupla jobb kattintás: koordináták másolása","Doppio clic: teletrasporta qui     Ctrl+doppio clic: aggiungi posizione     Doppio clic destro: copia coordinate","Doble clic: teletransportarse aquí     Ctrl+doble clic: añadir ubicación     Doble clic derecho: copiar coordenadas","Double-clic: se téléporter là | Ctrl+double-clic: ajouter une position | Double-clic droit: copier coordonnées","雙擊：傳送至此     Ctrl+雙擊：新增地點     雙擊右鍵：複製座標","ダブルクリック: ここへテレポート     Ctrl+ダブルクリック: 座標を追加     右ダブルクリック: 座標をコピー","Duplo clique: teletransportar para aqui     Ctrl+duplo clique: adicionar localização     Duplo clique direito: copiar coordenadas","双击：传送到此处     Ctrl+双击：添加地点     双击右键：复制坐标"
"VSTR_LBL_COPY","Copy","Copy","Kopírovat","Kopieren","Копировать","Kopiuj","Másolás","Copia","Copiar","Copier","複製","コピー","Copiar","复制"
"VSTR_LBL_COPY_ALL","Copy All","Copy All","Kopírovat vše","Alles kopieren","Копировать всё","Kopiuj wszystko","Összes másolása","Copia tutto","Copiar todo","Tout copier","全部複製","すべてコピー","Copiar Tudo","全部复制"
"VSTR_LBL_SELECT_IN_PM","Select In PlayerManager","Select In PlayerManager","Vybrat ve Správci hráčů","Im Spielermanager auswählen","Выбрать в менеджере игроков","Wybierz w Menedżerze graczy","Kijelölés a Játékoskezelőben","Seleziona in Gestione Giocatori","Seleccionar en Gestor de jugadores","Sélectionner dans le Gestionnaire de joueurs","在玩家管理中選擇","プレイヤー管理で選択","Selecionar no Gestor de Jogadores","在玩家管理器中选择"
"VSTR_LBL_BRING_TO_ME","Bring to me:","Bring to me:","Přenést ke mně:","Zu mir bringen:","Переместить ко мне:","Przyprowadź do mnie:","Hozzám hozás:","Porta da me:","Traer hasta mí:","Amener vers moi :","帶到我身邊：","自分の元へ呼ぶ:","Trazer até mim:","传送到我处："
"VSTR_LBL_TO_ME","To me","To me","Ke mně","Zu mir","Ко мне","Do mnie","Hozzám","Da me","Hasta mí","Vers moi","帶過來","自分へ","Até mim","到我处"
"VSTR_LBL_TELEPORT_TO","Teleport to:","Teleport to:","Teleportovat na:","Teleportieren zu:","Телепорт к:","Teleportuj do:","Teleportálás ide:","Teletrasporta a:","Teletransportarse a:","Se téléporter vers :","傳送至：","テレポート先:","Teletransportar para:","传送至："
"VSTR_LBL_GO_TO","Go to","Go to","Jít na","Hingehen","Перейти","Idź do","Odamegyek","Vai a","Ir a","Aller à","前往","移動","Ir para","前往"
"VSTR_LBL_RETURN_TO","Return:","Return:","Vrátit:","Zurück:","Вернуть:","Cofnij:","Visszaküldés:","Riporta:","Devolver:","Renvoyer :","返回：","戻す:","Devolver:","返回："
"VSTR_LBL_PASSCODE","Passcode:","Passcode:","Heslo:","Code:","Код:","Kod:","Jelszó:","Codice:","Código:","Code :","密碼：","暗証番号:","Código:","密码："
"VSTR_SERVER_MANAGER_SUBTITLE","Monitor server health, run scripts and issue commands.","Monitor server health, run scripts and issue commands.","Sleduj stav serveru, spouštěj skripty a zadávej příkazy.","Serverzustand überwachen, Skripte ausführen und Befehle erteilen.","Мониторинг сервера, запуск скриптов и выдача команд.","Monitoruj serwer, uruchamiaj skrypty i wydawaj polecenia.","Szerver figyelése, szkriptek futtatása és parancsok kiadása.","Monitora il server, esegui script e impartisci comandi.","Supervisa el servidor, ejecuta scripts y emite comandos.","Surveillez le serveur, exécutez des scripts et donnez des commandes.","監控伺服器狀態、執行腳本並下達指令。","サーバーの状態を監視し、スクリプトを実行してコマンドを発行します。","Monitorize o servidor, execute scripts e emita comandos.","监控服务器状态、运行脚本并发出命令。"
"VSTR_LBL_LOGIN","Login","Login","Přihlásit","Anmelden","Войти","Zaloguj","Bejelentkezés","Accedi","Iniciar sesión","Connexion","登入","ログイン","Entrar","登录"
"VSTR_LBL_LOGOUT","Logout","Logout","Odhlásit","Abmelden","Выйти","Wyloguj","Kijelentkezés","Esci","Cerrar sesión","Déconnexion","登出","ログアウト","Sair","登出"
"VSTR_LBL_QUICK_COMMANDS","QUICK COMMANDS","QUICK COMMANDS","RYCHLÉ PŘÍKAZY","SCHNELLBEFEHLE","БЫСТРЫЕ КОМАНДЫ","SZYBKIE POLECENIA","GYORS PARANCSOK","COMANDI RAPIDI","COMANDOS RÁPIDOS","COMMANDES RAPIDES","快速指令","クイックコマンド","COMANDOS RÁPIDOS","快捷命令"
"VSTR_TOOLTIP_TITLE_ADMINLOGIN","Admin Login","Admin Login","Přihlášení admina","Admin-Anmeldung","Вход администратора","Logowanie administratora","Admin bejelentkezés","Accesso admin","Acceso de administrador","Connexion admin","管理員登入","管理者ログイン","Login de administrador","管理员登录"
"VSTR_TOOLTIP_ADMINLOGIN","Use the 'passwordAdmin' value from your serverDZ.cfg - the same password used for in-game chat login (#login).","Use the 'passwordAdmin' value from your serverDZ.cfg - the same password used for in-game chat login (#login).","Použij hodnotu 'passwordAdmin' z tvého serverDZ.cfg - stejné heslo jako pro přihlášení v chatu (#login).","Verwende den Wert 'passwordAdmin' aus deiner serverDZ.cfg - dasselbe Passwort wie für den Chat-Login (#login).","Используйте значение 'passwordAdmin' из вашего serverDZ.cfg - тот же пароль, что и для входа в чате (#login).","Użyj wartości 'passwordAdmin' z serverDZ.cfg - tego samego hasła co przy logowaniu na czacie (#login).","Használd a 'passwordAdmin' értéket a serverDZ.cfg fájlból - ugyanaz a jelszó, mint a chat-bejelentkezéshez (#login).","Usa il valore 'passwordAdmin' del tuo serverDZ.cfg - la stessa password usata per il login in chat (#login).","Usa el valor 'passwordAdmin' de tu serverDZ.cfg - la misma contraseña que para el inicio de sesión en el chat (#login).","Utilisez la valeur 'passwordAdmin' de votre serverDZ.cfg - le même mot de passe que pour la connexion au chat (#login).","使用 serverDZ.cfg 中的「passwordAdmin」值 - 與聊天室登入 (#login) 使用相同的密碼。","serverDZ.cfg の「passwordAdmin」の値を使用します - チャットログイン (#login) と同じパスワードです。","Use o valor 'passwordAdmin' do seu serverDZ.cfg - a mesma palavra-passe usada para o login no chat (#login).","使用 serverDZ.cfg 中的“passwordAdmin”值 - 与聊天登录 (#login) 使用相同的密码。"
"VSTR_CMD_SUBTITLE","Execute admin commands","Execute admin commands","Spouštěj administrátorské příkazy","Admin-Befehle ausführen","Выполнение админ-команд","Wykonuj komendy administratora","Admin parancsok futtatása","Esegui comandi admin","Ejecuta comandos de administrador","Exécuter des commandes admin","執行管理員指令","管理者コマンドを実行","Executar comandos de admin","执行管理员命令"
"VSTR_LBL_CMD_HISTORY","HISTORY","HISTORY","HISTORIE","VERLAUF","ИСТОРИЯ","HISTORIA","ELŐZMÉNYEK","CRONOLOGIA","HISTORIAL","HISTORIQUE","歷史紀錄","履歴","HISTÓRICO","历史记录"
"VSTR_LBL_CMD_COMMAND","Command:","Command:","Příkaz:","Befehl:","Команда:","Komenda:","Parancs:","Comando:","Comando:","Commande :","指令:","コマンド:","Comando:","命令:"
"VSTR_LBL_CMD_ACTION","Action:","Action:","Akce:","Aktion:","Действие:","Akcja:","Művelet:","Azione:","Acción:","Action :","動作:","アクション:","Ação:","操作:"
"VSTR_LBL_CMD_EXAMPLE","Example:","Example:","Příklad:","Beispiel:","Пример:","Przykład:","Példa:","Esempio:","Ejemplo:","Exemple :","範例:","例:","Exemplo:","示例:"
"VSTR_WEATHER_SUBTITLE","Control weather, time and presets","Control weather, time and presets","Ovládej počasí, čas a presety","Wetter, Zeit und Presets steuern","Управление погодой, временем и пресетами","Steruj pogodą, czasem i presetami","Időjárás, idő és presetek vezérlése","Controlla meteo, ora e preset","Controla el clima, la hora y los ajustes","Gérer la météo, l'heure et les préréglages","控制天氣、時間與預設","天候・時刻・プリセットを制御","Controle o clima, a hora e as predefinições","控制天气、时间和预设"
"VSTR_LBL_SET_WEATHER","Set Weather","Set Weather","Nastavit počasí","Wetter setzen","Задать погоду","Ustaw pogodę","Időjárás beállítása","Imposta meteo","Aplicar clima","Définir la météo","設定天氣","天候を設定","Definir clima","设置天气"
"VSTR_LBL_SET_DATE","Set Date","Set Date","Nastavit datum","Datum setzen","Задать дату","Ustaw datę","Dátum beállítása","Imposta data","Aplicar fecha","Définir la date","設定日期","日付を設定","Definir data","设置日期"
"VSTR_LBL_WEATHER_PRESETS","WEATHER PRESETS","WEATHER PRESETS","PRESETY POČASÍ","WETTER-PRESETS","ПРЕСЕТЫ ПОГОДЫ","PRESETY POGODY","IDŐJÁRÁS PRESETEK","PRESET METEO","AJUSTES DE CLIMA","PRÉRÉGLAGES MÉTÉO","天氣預設","天候プリセット","PREDEFINIÇÕES DE CLIMA","天气预设"
"VSTR_LBL_TIME_PRESETS","TIME PRESETS","TIME PRESETS","PRESETY ČASU","ZEIT-PRESETS","ПРЕСЕТЫ ВРЕМЕНИ","PRESETY CZASU","IDŐ PRESETEK","PRESET ORA","AJUSTES DE HORA","PRÉRÉGLAGES HEURE","時間預設","時刻プリセット","PREDEFINIÇÕES DE HORA","时间预设"
"VSTR_NOTIFY_APPLY_WEATHER","Applying weather...","Applying weather...","Aplikuji počasí...","Wetter wird angewendet...","Применение погоды...","Stosowanie pogody...","Időjárás alkalmazása...","Applicazione meteo...","Aplicando clima...","Application de la météo...","正在套用天氣...","天候を適用中...","Aplicando clima...","正在应用天气..."
"VSTR_BANS_SUBTITLE","Review and manage banned players","Review and manage banned players","Prohlížej a spravuj zabanované hráče","Gebannte Spieler einsehen und verwalten","Просмотр и управление забаненными игроками","Przeglądaj i zarządzaj zbanowanymi graczami","Kitiltott játékosok áttekintése és kezelése","Esamina e gestisci i giocatori bannati","Revisa y gestiona los jugadores baneados","Consulter et gérer les joueurs bannis","檢視並管理被封禁的玩家","BANされたプレイヤーを確認・管理","Reveja e gira os jogadores banidos","查看并管理被封禁的玩家"
"VSTR_PERMS_SUBTITLE","Manage user groups and permissions","Manage user groups and permissions","Spravuj uživatelské skupiny a oprávnění","Benutzergruppen und Berechtigungen verwalten","Управление группами и правами","Zarządzaj grupami i uprawnieniami","Felhasználói csoportok és jogosultságok kezelése","Gestisci gruppi utenti e permessi","Gestiona grupos de usuarios y permisos","Gérer les groupes et permissions","管理使用者群組與權限","ユーザーグループと権限を管理","Gira grupos de utilizadores e permissões","管理用户组和权限"
"VSTR_LBL_ENABLED","Enabled","Enabled","Povoleno","Aktiviert","Включено","Włączone","Engedélyezve","Abilitato","Activado","Activé","已啟用","有効","Ativado","已启用"
"VSTR_TOOLTIP_TITLE_PERMS","Permissions Editor","Permissions Editor","Editor oprávnění","Berechtigungseditor","Редактор прав","Edytor uprawnień","Jogosultság-szerkesztő","Editor permessi","Editor de permisos","Éditeur de permissions","權限編輯器","権限エディター","Editor de permissões","权限编辑器"
"VSTR_TOOLTIP_PERMS","User groups bundle players under a shared set of permissions. Select a group on the left, tick the permissions to grant on the right, then Save Changes to apply them. Create Group adds a new group; Add Members puts selected players into the chosen group. On a group, the gear edits its settings and the pencil sets its permission level. The red icon on a member removes them; Delete Group removes the whole group.","User groups bundle players under a shared set of permissions. Select a group on the left, tick the permissions to grant on the right, then Save Changes to apply them. Create Group adds a new group; Add Members puts selected players into the chosen group. On a group, the gear edits its settings and the pencil sets its permission level. The red icon on a member removes them; Delete Group removes the whole group.","Uživatelské skupiny sdružují hráče pod společnou sadu oprávnění. Vyber skupinu vlevo, zaškrtni oprávnění vpravo a pak Ulož změny pro jejich použití. Vytvořit skupinu přidá novou skupinu; Přidat členy vloží vybrané hráče do zvolené skupiny. U skupiny ozubené kolo upravuje její nastavení a tužka její úroveň oprávnění. Červená ikona u člena ho odebere; Smazat skupinu odstraní celou skupinu.","Benutzergruppen fassen Spieler unter einem gemeinsamen Satz von Berechtigungen zusammen. Wähle links eine Gruppe, hake rechts die zu gewährenden Berechtigungen an und speichere dann die Änderungen. Gruppe erstellen fügt eine neue Gruppe hinzu; Mitglieder hinzufügen setzt ausgewählte Spieler in die gewählte Gruppe. Bei einer Gruppe bearbeitet das Zahnrad ihre Einstellungen und der Stift ihre Berechtigungsstufe. Das rote Symbol bei einem Mitglied entfernt es; Gruppe löschen entfernt die ganze Gruppe.","Группы пользователей объединяют игроков под общим набором прав. Выберите группу слева, отметьте права справа и нажмите Сохранить изменения, чтобы применить их. Создать группу добавляет новую группу; Добавить участников помещает выбранных игроков в выбранную группу. У группы шестерёнка меняет её настройки, а карандаш — уровень прав. Красный значок у участника удаляет его; Удалить группу удаляет всю группу.","Grupy użytkowników łączą graczy pod wspólnym zestawem uprawnień. Wybierz grupę po lewej, zaznacz uprawnienia po prawej, a następnie Zapisz zmiany, aby je zastosować. Utwórz grupę dodaje nową grupę; Dodaj członków umieszcza wybranych graczy w wybranej grupie. W grupie koło zębate edytuje jej ustawienia, a ołówek poziom uprawnień. Czerwona ikona przy członku usuwa go; Usuń grupę usuwa całą grupę.","A felhasználói csoportok közös jogosultságkészlet alá vonják a játékosokat. Válassz egy csoportot balra, jelöld be a jobb oldali jogosultságokat, majd a Változtatások mentése gombbal alkalmazd. A Csoport létrehozása új csoportot ad hozzá; a Tagok hozzáadása a kiválasztott játékosokat a csoportba helyezi. Egy csoportnál a fogaskerék a beállításait, a ceruza a jogosultsági szintjét szerkeszti. A tagnál lévő piros ikon eltávolítja; a Csoport törlése az egész csoportot törli.","I gruppi utenti raccolgono i giocatori sotto un insieme condiviso di permessi. Seleziona un gruppo a sinistra, spunta i permessi da concedere a destra, poi premi Salva modifiche per applicarli. Crea gruppo aggiunge un nuovo gruppo; Aggiungi membri inserisce i giocatori selezionati nel gruppo scelto. Su un gruppo, l'ingranaggio modifica le impostazioni e la matita il livello di permessi. L'icona rossa su un membro lo rimuove; Elimina gruppo rimuove l'intero gruppo.","Los grupos de usuarios agrupan a los jugadores bajo un conjunto compartido de permisos. Selecciona un grupo a la izquierda, marca los permisos a conceder a la derecha y luego pulsa Guardar cambios para aplicarlos. Crear grupo añade un grupo nuevo; Añadir miembros coloca a los jugadores seleccionados en el grupo elegido. En un grupo, el engranaje edita sus ajustes y el lápiz su nivel de permisos. El icono rojo de un miembro lo elimina; Eliminar grupo elimina todo el grupo.","Les groupes d'utilisateurs regroupent les joueurs sous un ensemble commun de permissions. Sélectionnez un groupe à gauche, cochez les permissions à accorder à droite, puis Enregistrez les modifications pour les appliquer. Créer un groupe ajoute un nouveau groupe ; Ajouter des membres place les joueurs sélectionnés dans le groupe choisi. Sur un groupe, l'engrenage modifie ses paramètres et le crayon son niveau de permission. L'icône rouge d'un membre le retire ; Supprimer le groupe supprime tout le groupe.","使用者群組將玩家歸入一組共用權限之下。在左側選擇群組，在右側勾選要授予的權限，然後按「儲存變更」套用。「建立群組」可新增群組；「新增成員」會將所選玩家加入指定群組。在群組上，齒輪可編輯其設定，鉛筆可設定其權限等級。成員旁的紅色圖示可移除該成員；「刪除群組」會刪除整個群組。","ユーザーグループは、共通の権限セットの下にプレイヤーをまとめます。左でグループを選び、右で付与する権限にチェックを入れ、「変更を保存」で適用します。「グループを作成」で新しいグループを追加し、「メンバーを追加」で選択したプレイヤーをそのグループに入れます。グループ上の歯車は設定を、鉛筆は権限レベルを編集します。メンバー横の赤いアイコンでそのメンバーを削除し、「グループを削除」でグループ全体を削除します。","Os grupos de utilizadores reúnem jogadores sob um conjunto partilhado de permissões. Seleciona um grupo à esquerda, marca as permissões a conceder à direita e depois Guarda as alterações para as aplicar. Criar grupo adiciona um novo grupo; Adicionar membros coloca os jogadores selecionados no grupo escolhido. Num grupo, a engrenagem edita as definições e o lápis o nível de permissões. O ícone vermelho num membro remove-o; Eliminar grupo remove todo o grupo.","用户组将玩家归入一组共享权限之下。在左侧选择群组，在右侧勾选要授予的权限，然后点击「保存更改」应用。「创建群组」可新增群组；「添加成员」会将所选玩家加入指定群组。在群组上，齿轮可编辑其设置，铅笔可设定其权限等级。成员旁的红色图标可移除该成员；「删除群组」会删除整个群组。"
"VSTR_WEBHOOKS_SUBTITLE","Send server events to Discord webhooks","Send server events to Discord webhooks","Odesílej serverové události na Discord webhooky","Server-Ereignisse an Discord-Webhooks senden","Отправка событий сервера в Discord-вебхуки","Wysyłaj zdarzenia serwera do webhooków Discord","Szerveresemények küldése Discord webhookokra","Invia eventi del server ai webhook Discord","Envía eventos del servidor a webhooks de Discord","Envoyer les événements du serveur aux webhooks Discord","將伺服器事件傳送到 Discord Webhook","サーバーイベントを Discord Webhook に送信","Envia eventos do servidor para webhooks do Discord","将服务器事件发送到 Discord Webhook"
"VSTR_LBL_SEND_SERVER_STATUS_LOGS","Send server status logs","Send server status logs","Odesílat logy stavu serveru","Serverstatus-Logs senden","Отправлять логи состояния сервера","Wysyłaj logi stanu serwera","Szerverállapot-naplók küldése","Invia log di stato del server","Enviar registros de estado del servidor","Envoyer les journaux d'état du serveur","傳送伺服器狀態日誌","サーバーステータスログを送信","Enviar registos de estado do servidor","发送服务器状态日志"
"VSTR_LBL_STATS_INTERVAL","Stats interval","Stats interval","Interval statistik","Statistik-Intervall","Интервал статистики","Interwał statystyk","Statisztika gyakorisága","Intervallo statistiche","Intervalo de estadísticas","Intervalle des stats","統計間隔","統計の間隔","Intervalo de estatísticas","统计间隔"
"VSTR_LBL_INTERVAL_60S","Every 60 seconds","Every 60 seconds","Každých 60 sekund","Alle 60 Sekunden","Каждые 60 секунд","Co 60 sekund","60 másodpercenként","Ogni 60 secondi","Cada 60 segundos","Toutes les 60 secondes","每 60 秒","60秒ごと","A cada 60 segundos","每 60 秒"
"VSTR_LBL_INTERVAL_5M","Every 5 minutes","Every 5 minutes","Každých 5 minut","Alle 5 Minuten","Каждые 5 минут","Co 5 minut","5 percenként","Ogni 5 minuti","Cada 5 minutos","Toutes les 5 minutes","每 5 分鐘","5分ごと","A cada 5 minutos","每 5 分钟"
"VSTR_LBL_INTERVAL_10M","Every 10 minutes","Every 10 minutes","Každých 10 minut","Alle 10 Minuten","Каждые 10 минут","Co 10 minut","10 percenként","Ogni 10 minuti","Cada 10 minutos","Toutes les 10 minutes","每 10 分鐘","10分ごと","A cada 10 minutos","每 10 分钟"
"VSTR_LBL_INTERVAL_15M","Every 15 minutes","Every 15 minutes","Každých 15 minut","Alle 15 Minuten","Каждые 15 минут","Co 15 minut","15 percenként","Ogni 15 minuti","Cada 15 minutos","Toutes les 15 minutes","每 15 分鐘","15分ごと","A cada 15 minutos","每 15 分钟"
"VSTR_XML_SUBTITLE","Edit types.xml economy values","Edit types.xml economy values","Uprav ekonomické hodnoty v types.xml","types.xml-Ökonomiewerte bearbeiten","Редактирование значений экономики в types.xml","Edytuj wartości ekonomii w types.xml","types.xml gazdasági értékek szerkesztése","Modifica i valori economici di types.xml","Edita los valores de economía de types.xml","Modifier les valeurs d'économie de types.xml","編輯 types.xml 的經濟數值","types.xml の経済値を編集","Edite os valores de economia do types.xml","编辑 types.xml 的经济数值"
"VSTR_LBL_ITEM_TYPES","Item Types","Item Types","Typy položek","Item-Typen","Типы предметов","Typy przedmiotów","Tárgytípusok","Tipi di oggetto","Tipos de objeto","Types d'objets","物品類型","アイテムタイプ","Tipos de item","物品类型"
"VSTR_LBL_NOMINAL","Nominal:","Nominal:","Nominal:","Nominal:","Номинал:","Nominal:","Nominális:","Nominale:","Nominal:","Nominal :","標稱:","ノミナル:","Nominal:","标称:"
"VSTR_LBL_LIFETIME","Lifetime:","Lifetime:","Životnost:","Lebensdauer:","Время жизни:","Czas życia:","Élettartam:","Durata:","Duración:","Durée de vie :","存在時間:","寿命:","Duração:","存在时间:"
"VSTR_LBL_RESTOCK","Restock:","Restock:","Doplnění:","Auffüllung:","Пополнение:","Uzupełnienie:","Utánpótlás:","Rifornimento:","Reabastecimiento:","Réapprovisionnement :","補貨:","補充:","Reabastecimento:","补货:"
"VSTR_LBL_MIN","Minimum:","Minimum:","Minimum:","Minimum:","Минимум:","Minimum:","Minimum:","Minimo:","Mínimo:","Minimum :","最小值:","最小:","Mínimo:","最小值:"
"VSTR_LBL_QUANTMIN","Quantmin:","Quantmin:","Quantmin:","Quantmin:","Quantmin:","Quantmin:","Quantmin:","Quantmin:","Quantmin:","Quantmin :","Quantmin:","Quantmin:","Quantmin:","Quantmin:"
"VSTR_LBL_QUANTMAX","Quantmax:","Quantmax:","Quantmax:","Quantmax:","Quantmax:","Quantmax:","Quantmax:","Quantmax:","Quantmax:","Quantmax :","Quantmax:","Quantmax:","Quantmax:","Quantmax:"
"VSTR_LBL_COST","Cost:","Cost:","Cena:","Kosten:","Стоимость:","Koszt:","Költség:","Costo:","Coste:","Coût :","成本:","コスト:","Custo:","成本:"
"VSTR_LBL_FILTER_FROM_XML","Filter items from loaded XML","Filter items from loaded XML","Filtrovat položky z načteného XML","Items aus geladener XML filtern","Фильтровать предметы из загруженного XML","Filtruj przedmioty z wczytanego XML","Tárgyak szűrése a betöltött XML-ből","Filtra oggetti dall'XML caricato","Filtrar objetos del XML cargado","Filtrer les objets du XML chargé","從已載入的 XML 篩選物品","読み込んだ XML から項目をフィルター","Filtrar itens do XML carregado","从已加载的 XML 筛选物品"
"VSTR_XML_SCAN_WARNING","The selected type uses a slower search method which may cause a brief server lag spike. Proceed?","The selected type uses a slower search method which may cause a brief server lag spike. Proceed?","Vybraný typ použije pomalejší metodu hledání, což může způsobit krátký výkonový propad serveru. Pokračovat?","Der gewählte Typ nutzt eine langsamere Suchmethode, die einen kurzen Server-Lag verursachen kann. Fortfahren?","Выбранный тип использует более медленный метод поиска, что может вызвать кратковременный лаг сервера. Продолжить?","Wybrany typ używa wolniejszej metody wyszukiwania, co może spowodować krótki spadek wydajności serwera. Kontynuować?","A kiválasztott típus lassabb keresési módot használ, ami rövid szerver-akadást okozhat. Folytatja?","Il tipo selezionato usa un metodo di ricerca più lento che può causare un breve calo di prestazioni del server. Procedere?","El tipo seleccionado usa un método de búsqueda más lento que puede causar un breve tirón en el servidor. ¿Continuar?","Le type sélectionné utilise une méthode de recherche plus lente qui peut provoquer un bref ralentissement du serveur. Continuer ?","所選類型使用較慢的搜尋方式，可能造成伺服器短暫卡頓。是否繼續？","選択したタイプは低速な検索方法を使用し、サーバーに一時的な処理落ちが発生する可能性があります。続行しますか？","O tipo selecionado usa um método de busca mais lento que pode causar um breve pico de lag no servidor. Continuar?","所选类型使用较慢的搜索方式，可能造成服务器短暂卡顿。是否继续？"
"VSTR_XML_DELALL_BODY","Are you sure you want to delete all scanned items?","Are you sure you want to delete all scanned items?","Opravdu chceš smazat všechny naskenované položky?","Möchtest du wirklich alle gescannten Items löschen?","Удалить все просканированные предметы?","Na pewno usunąć wszystkie zeskanowane przedmioty?","Biztosan törlöd az összes beolvasott tárgyat?","Sei sicuro di voler eliminare tutti gli oggetti scansionati?","¿Seguro que quieres eliminar todos los objetos escaneados?","Voulez-vous vraiment supprimer tous les objets scannés ?","確定要刪除所有掃描到的物品嗎？","スキャンしたすべてのアイテムを削除しますか？","Tem a certeza de que deseja eliminar todos os itens analisados?","确定要删除所有扫描到的物品吗？"
"VSTR_XML_ERR_NOCACHE","No cached data for this item!","No cached data for this item!","Pro tuto položku nejsou uložená data!","Keine zwischengespeicherten Daten für dieses Item!","Нет кэшированных данных для этого предмета!","Brak zapisanych danych dla tego przedmiotu!","Nincs gyorsítótárazott adat ehhez a tárgyhoz!","Nessun dato memorizzato per questo oggetto!","¡No hay datos en caché para este objeto!","Aucune donnée en cache pour cet objet !","此物品沒有快取資料！","このアイテムのキャッシュデータがありません！","Nenhum dado em cache para este item!","此物品没有缓存数据！"
"VSTR_LBL_FILTER_BY_SCOPE","Filter by scope","Filter by scope","Filtrovat podle rozsahu","Nach Scope filtern","Фильтр по области","Filtruj według zakresu","Szűrés hatókör szerint","Filtra per ambito","Filtrar por alcance","Filtrer par portée","依範圍篩選","スコープでフィルター","Filtrar por escopo","按范围筛选"
"VSTR_LBL_ROTATION_STEP","Rotation Step:","Rotation Step:","Krok rotace:","Rotationsschritt:","Шаг поворота:","Krok obrotu:","Forgatási lépés:","Passo di rotazione:","Paso de rotación:","Pas de rotation :","旋轉步進:","回転ステップ:","Passo de rotação:","旋转步进:"
"VSTR_LBL_NO_SET_SELECTED","No set selected","No set selected","Není vybrána žádná sada","Kein Set ausgewählt","Набор не выбран","Nie wybrano zestawu","Nincs kiválasztott készlet","Nessun set selezionato","Ningún conjunto seleccionado","Aucun ensemble sélectionné","未選取任何集合","セットが選択されていません","Nenhum conjunto selecionado","未选取任何集合"
"VSTR_OB_COPIED_XML","Successfully copied XML (eventgroups) formatting of objects to clipboard!","Successfully copied XML (eventgroups) formatting of objects to clipboard!","Formátování XML (eventgroups) objektů úspěšně zkopírováno do schránky!","XML-Formatierung (eventgroups) der Objekte erfolgreich in die Zwischenablage kopiert!","XML-форматирование (eventgroups) объектов успешно скопировано в буфер обмена!","Pomyślnie skopiowano formatowanie XML (eventgroups) obiektów do schowka!","Az objektumok XML (eventgroups) formázása sikeresen a vágólapra másolva!","Formattazione XML (eventgroups) degli oggetti copiata negli appunti con successo!","¡Formato XML (eventgroups) de los objetos copiado al portapapeles con éxito!","Mise en forme XML (eventgroups) des objets copiée dans le presse-papiers avec succès !","已成功將物件的 XML (eventgroups) 格式複製到剪貼簿！","オブジェクトの XML (eventgroups) フォーマットをクリップボードにコピーしました！","Formatação XML (eventgroups) dos objetos copiada para a área de transferência com sucesso!","已成功将对象的 XML (eventgroups) 格式复制到剪贴板！"
"VSTR_TITLE_SUCCESS","Success","Success","Úspěch","Erfolg","Успех","Sukces","Siker","Successo","Éxito","Succès","成功","成功","Sucesso","成功"
"VSTR_OB_DEL_SEL_TITLE","Delete Selected","Delete Selected","Smazat vybrané","Ausgewählte löschen","Удалить выбранное","Usuń zaznaczone","Kiválasztottak törlése","Elimina selezionati","Eliminar seleccionados","Supprimer la sélection","刪除所選","選択項目を削除","Eliminar selecionados","删除所选"
"VSTR_OB_DEL_SEL_BODY","Are you sure you want to delete selected object(s)?","Are you sure you want to delete selected object(s)?","Opravdu chceš smazat vybrané objekty?","Möchtest du die ausgewählten Objekte wirklich löschen?","Удалить выбранные объекты?","Na pewno usunąć zaznaczone obiekty?","Biztosan törlöd a kiválasztott objektumokat?","Sei sicuro di voler eliminare gli oggetti selezionati?","¿Seguro que quieres eliminar los objetos seleccionados?","Voulez-vous vraiment supprimer les objets sélectionnés ?","確定要刪除所選物件嗎？","選択したオブジェクトを削除しますか？","Tem a certeza de que deseja eliminar os objetos selecionados?","确定要删除所选对象吗？"
"VSTR_OB_SET_PREFIX","Building Set: ","Building Set: ","Sada budov: ","Gebäudeset: ","Набор построек: ","Zestaw budynków: ","Épületkészlet: ","Set di edifici: ","Conjunto de edificios: ","Ensemble de bâtiments : ","建築集合: ","建築セット: ","Conjunto de construções: ","建筑集合: "
"VSTR_OB_HELP_TITLE","Object Builder","Object Builder","Stavitel objektů","Objekt-Builder","Конструктор объектов","Kreator obiektów","Objektumépítő","Costruttore di oggetti","Constructor de objetos","Constructeur d'objets","物件建造器","オブジェクトビルダー","Construtor de objetos","对象建造器"
"VSTR_OB_DELETE_ITEM_TITLE","Delete Item","Delete Item","Smazat položku","Element löschen","Удалить элемент","Usuń element","Elem törlése","Elimina elemento","Eliminar elemento","Supprimer l'élément","刪除項目","アイテムを削除","Eliminar item","删除项目"
"VSTR_OB_EXPORT_TITLE","Export","Export","Export","Exportieren","Экспорт","Eksport","Exportálás","Esporta","Exportar","Exporter","匯出","エクスポート","Exportar","导出"
"VSTR_SPECTATE_TITLE","SPECTATE","SPECTATE","SLEDOVÁNÍ","ZUSCHAUEN","НАБЛЮДЕНИЕ","OBSERWACJA","MEGFIGYELÉS","SPETTATORE","ESPECTADOR","SPECTATEUR","旁觀","観戦","ESPECTADOR","旁观"
"VSTR_TOOLTIP_SPECTATE","Pick a player and spectate them in first or third person","Pick a player and spectate them in first or third person","Vyber hráče a sleduj ho v první nebo třetí osobě","Wähle einen Spieler und beobachte ihn in der Ego- oder Third-Person-Ansicht","Выберите игрока и наблюдайте за ним от первого или третьего лица","Wybierz gracza i obserwuj go w pierwszej lub trzeciej osobie","Válassz egy játékost és figyeld első vagy harmadik személyben","Scegli un giocatore e osservalo in prima o terza persona","Elige un jugador y obsérvalo en primera o tercera persona","Choisissez un joueur et observez-le à la première ou troisième personne","選擇玩家並以第一或第三人稱旁觀","プレイヤーを選んで一人称または三人称で観戦","Escolha um jogador e observe-o em primeira ou terceira pessoa","选择玩家并以第一或第三人称旁观"
"VSTR_SPECTATE_PLAYERS_HEADER","PLAYERS","PLAYERS","HRÁČI","SPIELER","ИГРОКИ","GRACZE","JÁTÉKOSOK","GIOCATORI","JUGADORES","JOUEURS","玩家","プレイヤー","JOGADORES","玩家"
"VSTR_SPECTATE_TARGET_HEADER","TARGET","TARGET","CÍL","ZIEL","ЦЕЛЬ","CEL","CÉLPONT","BERSAGLIO","OBJETIVO","CIBLE","目標","ターゲット","ALVO","目标"
"VSTR_SPECTATE_SEARCH_HINT","Search players...","Search players...","Hledat hráče...","Spieler suchen...","Поиск игроков...","Szukaj graczy...","Játékosok keresése...","Cerca giocatori...","Buscar jugadores...","Rechercher des joueurs...","搜尋玩家...","プレイヤーを検索...","Pesquisar jogadores...","搜索玩家..."
"VSTR_SPECTATE_ONLINE_COUNT","players online","players online","hráčů online","Spieler online","игроков онлайн","graczy online","játékos online","giocatori online","jugadores en línea","joueurs en ligne","位玩家在線","人がオンライン","jogadores online","位玩家在线"
"VSTR_SPECTATE_NO_TARGET","No player selected","No player selected","Není vybrán žádný hráč","Kein Spieler ausgewählt","Игрок не выбран","Nie wybrano gracza","Nincs kiválasztott játékos","Nessun giocatore selezionato","Ningún jugador seleccionado","Aucun joueur sélectionné","未選取玩家","プレイヤー未選択","Nenhum jogador selecionado","未选取玩家"
"VSTR_SPECTATE_VIEW_LABEL","VIEW","VIEW","POHLED","ANSICHT","ВИД","WIDOK","NÉZET","VISTA","VISTA","VUE","視角","視点","VISTA","视角"
"VSTR_SPECTATE_BTN_START","SPECTATE","SPECTATE","SLEDOVAT","ZUSCHAUEN","НАБЛЮДАТЬ","OBSERWUJ","MEGFIGYELÉS","OSSERVA","OBSERVAR","OBSERVER","旁觀","観戦する","OBSERVAR","旁观"
"VSTR_SPECTATE_BTN_SWITCH","SWITCH TARGET","SWITCH TARGET","PŘEPNOUT CÍL","ZIEL WECHSELN","СМЕНИТЬ ЦЕЛЬ","ZMIEŃ CEL","CÉLPONT VÁLTÁS","CAMBIA BERSAGLIO","CAMBIAR OBJETIVO","CHANGER DE CIBLE","切換目標","ターゲット切替","TROCAR ALVO","切换目标"
"VSTR_SPECTATE_BTN_STOP","STOP SPECTATING","STOP SPECTATING","UKONČIT SLEDOVÁNÍ","ZUSCHAUEN BEENDEN","ПРЕКРАТИТЬ НАБЛЮДЕНИЕ","ZAKOŃCZ OBSERWACJĘ","MEGFIGYELÉS VÉGE","SMETTI DI OSSERVARE","DEJAR DE OBSERVAR","ARRÊTER D'OBSERVER","停止旁觀","観戦をやめる","PARAR DE OBSERVAR","停止旁观"
"VSTR_SPECTATE_STATUS_IDLE","Idle - pick a player","Idle - pick a player","Nečinný - vyber hráče","Bereit - wähle einen Spieler","Ожидание - выберите игрока","Bezczynny - wybierz gracza","Tétlen - válassz játékost","Inattivo - scegli un giocatore","Inactivo - elige un jugador","Inactif - choisissez un joueur","閒置 - 請選擇玩家","待機中 - プレイヤーを選択","Inativo - escolha um jogador","闲置 - 请选择玩家"
"VSTR_SPECTATE_STATUS_ACTIVE","Spectating","Spectating","Sleduješ","Beobachtet","Наблюдение за","Obserwujesz","Megfigyelés:","Osservando","Observando","Observation de","旁觀中","観戦中","Observando","旁观中"
"VSTR_SPECTATE_OVERLAY_LABEL","SPECTATING","SPECTATING","SLEDUJEŠ","ZUSCHAUEN","НАБЛЮДЕНИЕ","OBSERWUJESZ","MEGFIGYELÉS","OSSERVANDO","OBSERVANDO","OBSERVATION","旁觀中","観戦中","OBSERVANDO","旁观中"
"VSTR_SPECTATE_HINT_EXIT","Exit","Exit","Konec","Beenden","Выход","Wyjdź","Kilépés","Esci","Salir","Quitter","退出","終了","Sair","退出"
"VSTR_SPECTATE_HINT_VIEW","Toggle view","Toggle view","Přepnout pohled","Ansicht wechseln","Сменить вид","Zmień widok","Nézet váltás","Cambia vista","Cambiar vista","Changer de vue","切換視角","視点切替","Trocar vista","切换视角"
"VSTR_SPECTATE_HINT_NEXT","Next","Next","Další","Nächster","Следующий","Następny","Következő","Successivo","Siguiente","Suivant","下一個","次へ","Próximo","下一个"
"VSTR_SPECTATE_HINT_PREV","Prev","Prev","Předchozí","Vorheriger","Предыдущий","Poprzedni","Előző","Precedente","Anterior","Précédent","上一個","前へ","Anterior","上一个"
"VSTR_SPECTATE_TARGET_LOST","TARGET LOST","TARGET LOST","CÍL ZTRACEN","ZIEL VERLOREN","ЦЕЛЬ ПОТЕРЯНА","UTRACONO CEL","CÉLPONT ELVESZETT","BERSAGLIO PERSO","OBJETIVO PERDIDO","CIBLE PERDUE","目標消失","ターゲットロスト","ALVO PERDIDO","目标消失"
"VSTR_NOTIFY_SPECTATE_STOPPED","Spectate ended","Spectate ended","Sledování ukončeno","Zuschauen beendet","Наблюдение завершено","Obserwacja zakończona","Megfigyelés vége","Osservazione terminata","Observación finalizada","Observation terminée","旁觀已結束","観戦を終了しました","Observação encerrada","旁观已结束"
"VSTR_NOTIFY_SPECTATE_TARGET_LOST","Spectate target lost","Spectate target lost","Sledovaný cíl ztracen","Zuschau-Ziel verloren","Цель наблюдения потеряна","Utracono cel obserwacji","A megfigyelt célpont elveszett","Bersaglio dell'osservazione perso","Objetivo de observación perdido","Cible d'observation perdue","旁觀目標已消失","観戦対象を見失いました","Alvo de observação perdido","旁观目标已消失"
"VSTR_NOTIFY_SPECTATE_SELF","You cannot spectate yourself","You cannot spectate yourself","Nemůžeš sledovat sám sebe","Du kannst dich nicht selbst beobachten","Нельзя наблюдать за самим собой","Nie możesz obserwować samego siebie","Nem figyelheted meg saját magad","Non puoi osservare te stesso","No puedes observarte a ti mismo","Vous ne pouvez pas vous observer vous-même","無法旁觀自己","自分自身は観戦できません","Você não pode observar a si mesmo","无法旁观自己"
"VSTR_NOTIFY_SPECTATE_IN_VEHICLE","Leave the vehicle before spectating","Leave the vehicle before spectating","Před sledováním opusť vozidlo","Verlasse das Fahrzeug, bevor du zuschaust","Покиньте транспорт перед наблюдением","Opuść pojazd przed obserwacją","Szállj ki a járműből megfigyelés előtt","Esci dal veicolo prima di osservare","Sal del vehículo antes de observar","Quittez le véhicule avant d'observer","旁觀前請先離開載具","観戦する前に車両から降りてください","Saia do veículo antes de observar","旁观前请先离开载具"
"VSTR_NOTIFY_SPECTATE_TARGET_BUSY","That player is currently spectating someone","That player is currently spectating someone","Tento hráč právě někoho sleduje","Dieser Spieler beobachtet gerade jemanden","Этот игрок сейчас за кем-то наблюдает","Ten gracz obecnie kogoś obserwuje","Ez a játékos éppen valakit megfigyel","Quel giocatore sta osservando qualcuno","Ese jugador está observando a alguien","Ce joueur observe quelqu'un en ce moment","該玩家目前正在旁觀他人","そのプレイヤーは現在観戦中です","Esse jogador está observando alguém","该玩家目前正在旁观他人"
"VSTR_SPECTATE_SESSION","Session","Session","Relace","Sitzung","Сессия","Sesja","Munkamenet","Sessione","Sesión","Session","會話","セッション","Sessão","会话"
"VSTR_SPECTATE_GRACE_LABEL","ON DEATH","ON DEATH","PŘI SMRTI","BEI TOD","ПРИ СМЕРТИ","PO ŚMIERCI","HALÁLKOR","ALLA MORTE","AL MORIR","À LA MORT","死亡時","死亡時","AO MORRER","死亡时"
"VSTR_SPECTATE_GRACE_IMMEDIATE","Immediate","Immediate","Okamžitě","Sofort","Немедленно","Natychmiast","Azonnal","Immediato","Inmediato","Immédiat","立即","即時","Imediato","立即"
"VSTR_SPECTATE_ADS_TRIM_HEADER","ADS TRIM (DEBUG)","ADS TRIM (DEBUG)","ADS TRIM (DEBUG)","ADS TRIM (DEBUG)","ADS TRIM (DEBUG)","ADS TRIM (DEBUG)","ADS TRIM (DEBUG)","ADS TRIM (DEBUG)","ADS TRIM (DEBUG)","ADS TRIM (DEBUG)","ADS TRIM (DEBUG)","ADS TRIM (DEBUG)","ADS TRIM (DEBUG)","ADS TRIM (DEBUG)"
"VSTR_SPECTATE_ADS_TRIM_RIGHT","RIGHT / LEFT","RIGHT / LEFT","RIGHT / LEFT","RIGHT / LEFT","RIGHT / LEFT","RIGHT / LEFT","RIGHT / LEFT","RIGHT / LEFT","RIGHT / LEFT","RIGHT / LEFT","RIGHT / LEFT","RIGHT / LEFT","RIGHT / LEFT","RIGHT / LEFT"
"VSTR_SPECTATE_ADS_TRIM_UP","UP / DOWN","UP / DOWN","UP / DOWN","UP / DOWN","UP / DOWN","UP / DOWN","UP / DOWN","UP / DOWN","UP / DOWN","UP / DOWN","UP / DOWN","UP / DOWN","UP / DOWN","UP / DOWN"
"VSTR_SPECTATE_ADS_TRIM_RESET","RESET","RESET","RESET","RESET","RESET","RESET","RESET","RESET","RESET","RESET","RESET","RESET","RESET","RESET"
"VSTR_CTX_BACK","Back","Back","Zpět","Zurück","Назад","Wstecz","Vissza","Indietro","Atrás","Retour","返回","戻る","Voltar","返回"
"VSTR_CTX_CONFIRM_AGAIN","Click again","Click again","Klikni znovu","Erneut klicken","Ещё раз","Kliknij znów","Kattints újra","Clicca ancora","Pulsa de nuevo","Cliquez encore","再次點擊","もう一度クリック","Clique de novo","再次点击"
"VSTR_CTX_NO_ACTIONS","No actions available","No actions available","Žádné dostupné akce","Keine Aktionen verfügbar","Нет доступных действий","Brak dostępnych akcji","Nincs elérhető művelet","Nessuna azione disponibile","No hay acciones disponibles","Aucune action disponible","沒有可用的操作","利用可能な操作なし","Nenhuma ação disponível","没有可用的操作"
"VSTR_CTX_HINT_LOOK","LMB: Select  |  Release RMB: Close","LMB: Select  |  Release RMB: Close","LTM: Vybrat  |  Pusť PTM: Zavřít","LMT: Auswählen  |  RMT loslassen: Schließen","ЛКМ: Выбрать  |  Отпустить ПКМ: Закрыть","LPM: Wybierz  |  Puść PPM: Zamknij","Bal gomb: Kiválaszt  |  Jobb gomb fel: Bezár","SX: Seleziona  |  Rilascia DX: Chiudi","Clic izq.: Elegir  |  Soltar clic der.: Cerrar","Clic G : Choisir  |  Relâcher clic D : Fermer","左鍵:選擇  |  放開右鍵:關閉","左クリック:選択  |  右ボタンを離す:閉じる","Botão esq.: Selecionar  |  Soltar dir.: Fechar","左键:选择  |  松开右键:关闭"
"VSTR_CTX_MULTI_PLAYERS","%1 players selected","%1 players selected","Vybráno hráčů: %1","%1 Spieler ausgewählt","Выбрано игроков: %1","Wybrano graczy: %1","%1 játékos kiválasztva","%1 giocatori selezionati","%1 jugadores seleccionados","%1 joueurs sélectionnés","已選取 %1 位玩家","%1 人のプレイヤーを選択中","%1 jogadores selecionados","已选取 %1 位玩家"
"VSTR_CTX_OBJECT","Object","Object","Objekt","Objekt","Объект","Obiekt","Objektum","Oggetto","Objeto","Objet","物件","オブジェクト","Objeto","物体"
"VSTR_CTX_EMPTY_SLOT","Empty","Empty","Prázdné","Leer","Пусто","Pusty","Üres","Vuoto","Vacío","Vide","空","空き","Vazio","空"
"VSTR_CTX_COPY","Copy","Copy","Kopírovat","Kopieren","Копировать","Kopiuj","Másolás","Copia","Copiar","Copier","複製","コピー","Copiar","复制"
"VSTR_CTX_NOTIFY_TITLE","Admin Tools","Admin Tools","Admin nástroje","Admin-Tools","Инструменты админа","Narzędzia admina","Admin eszközök","Strumenti admin","Herramientas admin","Outils admin","管理工具","管理ツール","Ferramentas admin","管理工具"
"VSTR_CTX_RESULT_DONE","Done","Done","Hotovo","Erledigt","Готово","Gotowe","Kész","Fatto","Hecho","Terminé","完成","完了","Concluído","完成"
"VSTR_CTX_RESULT_TARGET_GONE","The target no longer exists","The target no longer exists","Cíl již neexistuje","Das Ziel existiert nicht mehr","Цель больше не существует","Cel już nie istnieje","A célpont már nem létezik","Il bersaglio non esiste più","El objetivo ya no existe","La cible n'existe plus","目標已不存在","対象はもう存在しません","O alvo não existe mais","目标已不存在"
"VSTR_CTX_RESULT_INVALID","This action is not valid for the target","This action is not valid for the target","Tato akce není pro cíl platná","Diese Aktion ist für das Ziel ungültig","Это действие недоступно для цели","Ta akcja jest nieprawidłowa dla celu","Ez a művelet nem érvényes a célpontra","Azione non valida per il bersaglio","Esta acción no es válida para el objetivo","Cette action n'est pas valide pour la cible","此操作對目標無效","この操作は対象に無効です","Esta ação não é válida para o alvo","此操作对目标无效"
"VSTR_CTX_RESULT_BUSY","Busy, try again in a moment","Busy, try again in a moment","Zaneprázdněno, zkus to za chvíli","Beschäftigt, versuche es gleich erneut","Занято, попробуйте чуть позже","Zajęte, spróbuj za chwilę","Foglalt, próbáld újra később","Occupato, riprova tra poco","Ocupado, inténtalo en un momento","Occupé, réessayez dans un instant","忙碌中,請稍後再試","処理中です。少し待ってください","Ocupado, tente novamente em instantes","忙碌中,请稍后再试"
"VSTR_CTX_RESULT_COPIED","Copied to clipboard:","Copied to clipboard:","Zkopírováno do schránky:","In die Zwischenablage kopiert:","Скопировано в буфер обмена:","Skopiowano do schowka:","Vágólapra másolva:","Copiato negli appunti:","Copiado al portapapeles:","Copié dans le presse-papiers :","已複製到剪貼簿:","クリップボードにコピー:","Copiado para a área de transferência:","已复制到剪贴板:"
"VSTR_CTX_WPN_JAMMED","Jammed","Jammed","Zaseknutá","Ladehemmung","Заклинило","Zacięta","Elakadt","Inceppata","Encasquillada","Enrayée","卡彈","弾詰まり","Travada","卡弹"
"VSTR_CTX_WPN_EJECT","Eject Chambered Round","Eject Chambered Round","Vyhodit náboj z komory","Patrone auswerfen","Извлечь патрон из патронника","Wyrzuć nabój z komory","Töltény kivetése","Espelli colpo in canna","Expulsar bala de la recámara","Éjecter la balle chambrée","退出膛內子彈","薬室の弾を排出","Ejetar munição da câmara","退出膛内子弹"
"VSTR_CTX_WPN_REFILL","Refill Magazine","Refill Magazine","Doplnit zásobník","Magazin auffüllen","Пополнить магазин","Uzupełnij magazynek","Tár feltöltése","Ricarica caricatore","Rellenar cargador","Remplir le chargeur","補滿彈匣","マガジン補充","Recarregar carregador","补满弹匣"
"VSTR_CTX_WPN_ATTACHMENTS","Attachments","Attachments","Doplňky","Aufsätze","Обвесы","Dodatki","Kiegészítők","Accessori","Accesorios","Accessoires","配件","アタッチメント","Acessórios","配件"
"VSTR_CTX_WPN_MAGAZINE","Magazine","Magazine","Zásobník","Magazin","Магазин","Magazynek","Tár","Caricatore","Cargador","Chargeur","彈匣","マガジン","Carregador","弹匣"
"VSTR_CTX_RESULT_JAMMED","Weapon jammed","Weapon jammed","Zbraň zaseknuta","Waffe blockiert","Оружие заклинило","Broń zacięta","Fegyver elakadt","Arma inceppata","Arma encasquillada","Arme enrayée","武器已卡彈","武器が弾詰まり","Arma travada","武器已卡弹"
"VSTR_CTX_RESULT_UNJAMMED","Weapon unjammed","Weapon unjammed","Zbraň uvolněna","Ladehemmung behoben","Заклинивание устранено","Broń odblokowana","Elakadás megszüntetve","Arma sbloccata","Arma desencasquillada","Arme désenrayée","武器已排除卡彈","弾詰まりを解除","Arma destravada","武器已排除卡弹"
"VSTR_CTX_RESULT_CANNOT_JAM","This weapon cannot be jammed in its current state","This weapon cannot be jammed in its current state","Tuto zbraň nyní nelze zaseknout","Diese Waffe kann gerade nicht blockiert werden","Это оружие сейчас нельзя заклинить","Tej broni nie można teraz zaciąć","Ez a fegyver most nem akasztható el","Quest'arma ora non può incepparsi","Esta arma no puede encasquillarse ahora","Cette arme ne peut pas s'enrayer maintenant","此武器目前無法卡彈","この武器は現在弾詰まりにできません","Esta arma não pode travar agora","此武器目前无法卡弹"
"VSTR_CTX_RESULT_EJECTED","Chambered round ejected","Chambered round ejected","Náboj z komory vyhozen","Patrone ausgeworfen","Патрон извлечён","Nabój wyrzucony z komory","Töltény kivetve","Colpo in canna espulso","Bala expulsada","Balle éjectée","膛內子彈已退出","薬室の弾を排出しました","Munição ejetada","膛内子弹已退出"
"VSTR_CTX_RESULT_CHAMBER_EMPTY","The chamber is empty","The chamber is empty","Komora je prázdná","Das Patronenlager ist leer","Патронник пуст","Komora jest pusta","A töltényűr üres","La camera è vuota","La recámara está vacía","La chambre est vide","膛室是空的","薬室は空です","A câmara está vazia","膛室是空的"
"VSTR_CTX_RESULT_REFILLED","Magazine refilled","Magazine refilled","Zásobník doplněn","Magazin aufgefüllt","Магазин пополнен","Magazynek uzupełniony","Tár feltöltve","Caricatore ricaricato","Cargador rellenado","Chargeur rempli","彈匣已補滿","マガジンを補充しました","Carregador recarregado","弹匣已补满"
"VSTR_CTX_RESULT_NO_MAGAZINE","There is no magazine to refill","There is no magazine to refill","Žádný zásobník k doplnění","Kein Magazin zum Auffüllen","Нет магазина для пополнения","Brak magazynka do uzupełnienia","Nincs feltölthető tár","Nessun caricatore da ricaricare","No hay cargador que rellenar","Aucun chargeur à remplir","沒有可補充的彈匣","補充できるマガジンがありません","Não há carregador para recarregar","没有可补充的弹匣"
"VSTR_CTX_ITEM_REPAIR","Repair (Pristine)","Repair (Pristine)","Opravit (bezvadný)","Reparieren (makellos)","Починить (идеально)","Napraw (nienaruszony)","Javítás (hibátlan)","Ripara (intatto)","Reparar (impecable)","Réparer (intact)","修復(完好)","修理(新品同様)","Reparar (intacto)","修复(完好)"
"VSTR_CTX_ITEM_RUIN","Ruin","Ruin","Zničit","Ruinieren","Испортить","Zniszcz","Tönkretétel","Rovina","Arruinar","Ruiner","毀損","破損させる","Arruinar","毁损"
"VSTR_CTX_ITEM_FILL","Fill Quantity","Fill Quantity","Naplnit množství","Menge auffüllen","Заполнить","Napełnij","Mennyiség feltöltése","Riempi quantità","Llenar cantidad","Remplir la quantité","填滿數量","量を満たす","Encher quantidade","填满数量"
"VSTR_CTX_ITEM_EMPTY","Empty Quantity","Empty Quantity","Vyprázdnit množství","Menge leeren","Опустошить","Opróżnij","Mennyiség ürítése","Svuota quantità","Vaciar cantidad","Vider la quantité","清空數量","量を空にする","Esvaziar quantidade","清空数量"
"VSTR_CTX_RESULT_REPAIRED","Repaired","Repaired","Opraveno","Repariert","Починено","Naprawiono","Megjavítva","Riparato","Reparado","Réparé","已修復","修理しました","Reparado","已修复"
"VSTR_CTX_RESULT_RUINED","Ruined","Ruined","Zničeno","Ruiniert","Испорчено","Zniszczono","Tönkretéve","Rovinato","Arruinado","Ruiné","已毀損","破損させました","Arruinado","已毁损"
"VSTR_CTX_RESULT_EXPLOSIVE","Explosives cannot be ruined from the context menu","Explosives cannot be ruined from the context menu","Výbušniny nelze zničit z kontextové nabídky","Sprengstoffe können nicht über das Kontextmenü ruiniert werden","Взрывчатку нельзя испортить из контекстного меню","Materiałów wybuchowych nie można zniszczyć z menu kontekstowego","Robbanószert nem lehet tönkretenni a helyi menüből","Gli esplosivi non si possono rovinare dal menu contestuale","Los explosivos no se pueden arruinar desde el menú contextual","Les explosifs ne peuvent pas être ruinés via le menu contextuel","無法從右鍵選單毀損爆裂物","爆発物はコンテキストメニューから破損できません","Explosivos não podem ser arruinados pelo menu de contexto","无法从右键菜单毁损爆炸物"
"VSTR_CTX_RESULT_FILLED","Filled","Filled","Naplněno","Aufgefüllt","Заполнено","Napełniono","Feltöltve","Riempito","Llenado","Rempli","已填滿","満たしました","Preenchido","已填满"
"VSTR_CTX_RESULT_EMPTIED","Emptied","Emptied","Vyprázdněno","Geleert","Опустошено","Opróżniono","Kiürítve","Svuotato","Vaciado","Vidé","已清空","空にしました","Esvaziado","已清空"
"VSTR_CTX_COPY_POSITION","Copy Position","Copy Position","Kopírovat pozici","Position kopieren","Копировать позицию","Kopiuj pozycję","Pozíció másolása","Copia posizione","Copiar posición","Copier la position","複製位置","位置をコピー","Copiar posição","复制位置"
"VSTR_CTX_COPY_TYPE","Copy Class Name","Copy Class Name","Kopírovat název třídy","Klassennamen kopieren","Копировать имя класса","Kopiuj nazwę klasy","Osztálynév másolása","Copia nome classe","Copiar nombre de clase","Copier le nom de classe","複製類別名稱","クラス名をコピー","Copiar nome da classe","复制类名"
"VSTR_CTX_DELETE","Delete","Delete","Smazat","Löschen","Удалить","Usuń","Törlés","Elimina","Eliminar","Supprimer","刪除","削除","Excluir","删除"
"VSTR_CTX_RESULT_DELETED","Deleted","Deleted","Smazáno","Gelöscht","Удалено","Usunięto","Törölve","Eliminato","Eliminado","Supprimé","已刪除","削除しました","Excluído","已删除"
"VSTR_CTX_VEH_REPAIR","Repair Vehicle","Repair Vehicle","Opravit vozidlo","Fahrzeug reparieren","Починить транспорт","Napraw pojazd","Jármű javítása","Ripara veicolo","Reparar vehículo","Réparer le véhicule","修復載具","車両を修理","Reparar veículo","修复载具"
"VSTR_CTX_VEH_REPAIR_PARTS","Repair + Replace Missing Parts","Repair + Replace Missing Parts","Opravit + doplnit chybějící díly","Reparieren + fehlende Teile ersetzen","Починить + вернуть детали","Napraw + uzupełnij brakujące części","Javítás + hiányzó alkatrészek","Ripara + sostituisci parti mancanti","Reparar + reponer piezas faltantes","Réparer + remplacer les pièces","修復+補齊缺少零件","修理+欠品パーツを補充","Reparar + repor peças em falta","修复+补齐缺少零件"
"VSTR_CTX_VEH_REFUEL","Refill All Fluids","Refill All Fluids","Doplnit všechny kapaliny","Alle Flüssigkeiten auffüllen","Заправить все жидкости","Uzupełnij wszystkie płyny","Minden folyadék feltöltése","Rifornisci tutti i fluidi","Rellenar todos los fluidos","Remplir tous les fluides","補滿所有液體","全ての液体を補充","Reabastecer todos os fluidos","补满所有液体"
"VSTR_CTX_RESULT_REFUELED","Vehicle fluids refilled","Vehicle fluids refilled","Kapaliny vozidla doplněny","Fahrzeugflüssigkeiten aufgefüllt","Жидкости транспорта пополнены","Płyny pojazdu uzupełnione","Jármű folyadékai feltöltve","Fluidi del veicolo riforniti","Fluidos del vehículo rellenados","Fluides du véhicule remplis","載具液體已補滿","車両の液体を補充しました","Fluidos do veículo reabastecidos","载具液体已补满"
"VSTR_CTX_CREATURE_HEAL","Heal","Heal","Vyléčit","Heilen","Вылечить","Ulecz","Gyógyítás","Cura","Curar","Soigner","治療","回復","Curar","治疗"
"VSTR_CTX_CREATURE_KILL","Kill","Kill","Zabít","Töten","Убить","Zabij","Megölés","Uccidi","Matar","Tuer","擊殺","殺す","Matar","击杀"
"VSTR_CTX_RESULT_HEALED","Healed","Healed","Vyléčeno","Geheilt","Вылечено","Uleczono","Meggyógyítva","Curato","Curado","Soigné","已治療","回復しました","Curado","已治疗"
"VSTR_CTX_RESULT_KILLED","Killed","Killed","Zabito","Getötet","Убит","Zabito","Megölve","Ucciso","Muerto","Tué","已擊殺","殺しました","Morto","已击杀"
"VSTR_CTX_PLR_HEAL","Heal","Heal","Vyléčit","Heilen","Вылечить","Ulecz","Gyógyítás","Cura","Curar","Soigner","治療","回復","Curar","治疗"
"VSTR_CTX_PLR_STOP_BLEEDING","Stop Bleeding","Stop Bleeding","Zastavit krvácení","Blutung stoppen","Остановить кровотечение","Zatrzymaj krwawienie","Vérzés elállítása","Ferma emorragia","Detener sangrado","Arrêter le saignement","止血","止血","Parar sangramento","止血"
"VSTR_CTX_PLR_STATUS","Status","Status","Stav","Status","Статус","Status","Állapot","Stato","Estado","Statut","狀態","ステータス","Status","状态"
"VSTR_CTX_PLR_GODMODE","Godmode","Godmode","Nesmrtelnost","Gottmodus","Режим бога","Tryb boga","Istenmód","Modalità dio","Modo dios","Mode dieu","無敵模式","ゴッドモード","Modo deus","无敌模式"
"VSTR_CTX_PLR_UNLIMITED_AMMO","Unlimited Ammo","Unlimited Ammo","Neomezená munice","Unbegrenzte Munition","Бесконечные патроны","Nieskończona amunicja","Végtelen lőszer","Munizioni infinite","Munición ilimitada","Munitions illimitées","無限彈藥","弾薬無限","Munição ilimitada","无限弹药"
"VSTR_CTX_PLR_INVISIBLE","Invisible","Invisible","Neviditelnost","Unsichtbar","Невидимость","Niewidzialność","Láthatatlan","Invisibile","Invisible","Invisible","隱形","透明化","Invisível","隐形"
"VSTR_CTX_PLR_FROZEN","Frozen","Frozen","Zmrazen","Eingefroren","Заморожен","Zamrożony","Lefagyasztva","Congelato","Congelado","Gelé","凍結","凍結","Congelado","冻结"
"VSTR_CTX_PLR_SPECTATE","Spectate","Spectate","Sledovat","Zuschauen","Наблюдать","Obserwuj","Megfigyelés","Osserva","Observar","Observer","旁觀","観戦","Observar","旁观"
"VSTR_CTX_PLR_IN_HANDS","In Hands","In Hands","V rukou","In den Händen","В руках","W rękach","Kézben","In mano","En las manos","En main","手持物品","手持ち","Nas mãos","手持物品"
"VSTR_CTX_PLR_TELEPORT","Teleport","Teleport","Teleport","Teleportieren","Телепорт","Teleport","Teleport","Teletrasporto","Teletransporte","Téléportation","傳送","テレポート","Teleporte","传送"
"VSTR_CTX_PLR_TP_GOTO","Go To Player","Go To Player","Přejít k hráči","Zum Spieler","Телепорт к игроку","Idź do gracza","Ugrás a játékoshoz","Vai al giocatore","Ir al jugador","Aller au joueur","前往玩家","プレイヤーの元へ","Ir até o jogador","前往玩家"
"VSTR_CTX_PLR_TP_BRING","Bring To Me","Bring To Me","Přivést ke mně","Zu mir holen","Телепорт ко мне","Przyciągnij do mnie","Hozd hozzám","Porta da me","Traer hacia mí","Amener à moi","拉到我身邊","自分の元へ呼ぶ","Trazer até mim","拉到我身边"
"VSTR_CTX_PLR_TP_RETURN","Return To Previous Position","Return To Previous Position","Vrátit na předchozí pozici","Zur vorherigen Position","Вернуть на прежнее место","Wróć na poprzednią pozycję","Vissza az előző helyre","Torna alla posizione precedente","Volver a la posición anterior","Retour à la position précédente","返回先前位置","前の位置に戻す","Voltar à posição anterior","返回先前位置"
"VSTR_CTX_PLR_MODERATION","Moderation","Moderation","Moderace","Moderation","Модерация","Moderacja","Moderálás","Moderazione","Moderación","Modération","管理","モデレーション","Moderação","管理"
"VSTR_CTX_PLR_MESSAGE","Send Message","Send Message","Poslat zprávu","Nachricht senden","Отправить сообщение","Wyślij wiadomość","Üzenet küldése","Invia messaggio","Enviar mensaje","Envoyer un message","發送訊息","メッセージ送信","Enviar mensagem","发送消息"
"VSTR_CTX_PLR_KICK","Kick","Kick","Vyhodit","Kicken","Кикнуть","Wyrzuć","Kirúgás","Espelli","Expulsar","Expulser","踢出","キック","Expulsar","踢出"
"VSTR_CTX_PLR_BAN","Ban Permanently","Ban Permanently","Trvale zabanovat","Dauerhaft bannen","Забанить навсегда","Zbanuj na stałe","Végleges kitiltás","Banna per sempre","Banear permanentemente","Bannir définitivement","永久封鎖","永久BAN","Banir permanentemente","永久封禁"
"VSTR_CTX_PLR_COPY_ID","Copy Steam64 ID","Copy Steam64 ID","Kopírovat Steam64 ID","Steam64-ID kopieren","Копировать Steam64 ID","Kopiuj Steam64 ID","Steam64 ID másolása","Copia ID Steam64","Copiar ID de Steam64","Copier l'ID Steam64","複製 Steam64 ID","Steam64 IDをコピー","Copiar ID Steam64","复制 Steam64 ID"
"VSTR_CTX_PLR_CLEAR_INVENTORY","Clear Inventory","Clear Inventory","Vyprázdnit inventář","Inventar leeren","Очистить инвентарь","Wyczyść ekwipunek","Felszerelés törlése","Svuota inventario","Vaciar inventario","Vider l'inventaire","清空物品欄","インベントリを空にする","Limpar inventário","清空物品栏"
"VSTR_CTX_PLR_KILL","Kill","Kill","Zabít","Töten","Убить","Zabij","Megölés","Uccidi","Matar","Tuer","擊殺","殺す","Matar","击杀"
"VSTR_CTX_TOGGLE_ON","Context menu toggled [ON]!","Context menu toggled [ON]!","Kontextová nabídka [ZAPNUTO]!","Kontextmenü [AN]!","Контекстное меню [ВКЛ]!","Menu kontekstowe [WŁĄCZONE]!","Helyi menü [BE]!","Menu contestuale [ATTIVATO]!","¡Menú contextual [ACTIVADO]!","Menu contextuel [ACTIVÉ]!","右鍵選單［已啟用］!","コンテキストメニュー［有効］!","Menu de contexto [ATIVADO]!","右键菜单［已启用］!"
"VSTR_CTX_TOGGLE_OFF","Context menu toggled [OFF]!","Context menu toggled [OFF]!","Kontextová nabídka [VYPNUTO]!","Kontextmenü [AUS]!","Контекстное меню [ВЫКЛ]!","Menu kontekstowe [WYŁĄCZONE]!","Helyi menü [KI]!","Menu contestuale [DISATTIVATO]!","¡Menú contextual [DESACTIVADO]!","Menu contextuel [DÉSACTIVÉ]!","右鍵選單［已停用］!","コンテキストメニュー［無効］!","Menu de contexto [DESATIVADO]!","右键菜单［已停用］!"
"VSTR_CTX_WPN_AMMO","Ammunition","Ammunition","Munice","Munition","Боеприпасы","Amunicja","Lőszer","Munizioni","Munición","Munitions","彈藥","弾薬","Munição","弹药"
"VSTR_CTX_ATT_EQUIPMENT","Equipment","Equipment","Vybavení","Ausrüstung","Снаряжение","Ekwipunek","Felszerelés","Equipaggiamento","Equipo","Équipement","裝備","装備","Equipamento","装备"
"VSTR_CTX_ATT_ATTACHMENTS","Attachments","Attachments","Příslušenství","Anbauteile","Комплектующие","Akcesoria","Tartozékok","Componenti","Componentes","Composants","附件","付属品","Componentes","附件"
"VSTR_CTX_ATT_CURRENT","Current","Current","Aktuální","Aktuell","Текущий","Obecny","Jelenlegi","Attuale","Actual","Actuel","目前","現在","Atual","当前"
"VSTR_CTX_ATT_REMOVE","Remove Current","Remove Current","Odebrat aktuální","Aktuelles entfernen","Убрать текущий","Usuń obecny","Jelenlegi eltávolítása","Rimuovi attuale","Quitar actual","Retirer l'actuel","移除目前","現在のものを外す","Remover atual","移除当前"
"VSTR_CTX_ATT_NO_ITEMS","No compatible items","No compatible items","Žádné kompatibilní předměty","Keine kompatiblen Gegenstände","Нет совместимых предметов","Brak kompatybilnych przedmiotów","Nincs kompatibilis tárgy","Nessun oggetto compatibile","No hay objetos compatibles","Aucun objet compatible","沒有相容的物品","対応するアイテムがありません","Nenhum item compatível","没有兼容的物品"
"VSTR_CTX_ATT_LOCKED","Slot is locked","Slot is locked","Slot je zamčený","Slot ist gesperrt","Слот заблокирован","Slot jest zablokowany","A hely zárolva van","Lo slot è bloccato","La ranura está bloqueada","L'emplacement est verrouillé","欄位已鎖定","スロットはロックされています","O slot está bloqueado","栏位已锁定"
"VSTR_CTX_RESULT_ATTACHED","Attached:","Attached:","Připojeno:","Angebracht:","Установлено:","Zamontowano:","Felszerelve:","Montato:","Acoplado:","Fixé:","已安裝:","取り付けました:","Acoplado:","已安装:"
"VSTR_CTX_RESULT_ATTACH_QUEUED","Replacing attachment:","Replacing attachment:","Nahrazování příslušenství:","Anbauteil wird ersetzt:","Замена комплектующего:","Wymiana akcesorium:","Tartozék cseréje:","Sostituzione componente:","Reemplazando componente:","Remplacement du composant:","正在替換附件:","付属品を交換中:","Substituindo componente:","正在替换附件:"
"VSTR_CTX_RESULT_CANNOT_ATTACH","Cannot attach:","Cannot attach:","Nelze připojit:","Anbringen nicht möglich:","Невозможно установить:","Nie można zamontować:","Nem szerelhető fel:","Impossibile montare:","No se puede acoplar:","Impossible de fixer:","無法安裝:","取り付けできません:","Não é possível acoplar:","无法安装:"
"VSTR_CTX_RESULT_ATTACH_FAILED","The replacement attachment could not be created","The replacement attachment could not be created","Náhradní příslušenství nelze vytvořit","Das Ersatz-Anbauteil konnte nicht erstellt werden","Не удалось создать замену комплектующего","Nie udało się utworzyć akcesorium zastępczego","A csere tartozék nem hozható létre","Impossibile creare il componente sostitutivo","No se pudo crear el componente de reemplazo","Le composant de remplacement n'a pas pu être créé","無法建立替換附件","交換用の付属品を作成できませんでした","Não foi possível criar o componente substituto","无法创建替换附件"
"VSTR_CTX_RESULT_AMMO_LOADED","Ammunition loaded:","Ammunition loaded:","Munice nabita:","Munition geladen:","Боеприпасы заряжены:","Załadowano amunicję:","Lőszer betöltve:","Munizioni caricate:","Munición cargada:","Munitions chargées:","已裝填彈藥:","弾薬を装填しました:","Munição carregada:","已装填弹药:"
"VSTR_CTX_RESULT_CANNOT_LOAD","Cannot load:","Cannot load:","Nelze nabít:","Laden nicht möglich:","Невозможно зарядить:","Nie można załadować:","Nem tölthető be:","Impossibile caricare:","No se puede cargar:","Impossible de charger:","無法裝填:","装填できません:","Não é possível carregar:","无法装填:"
"VSTR_CTX_RESULT_NO_ROUND","There is no round to jam","There is no round to jam","Není náboj k zaseknutí","Keine Patrone zum Blockieren","Нет патрона для заклинивания","Brak naboju do zacięcia","Nincs elakasztható lőszer","Nessun colpo da inceppare","No hay bala que encasquillar","Aucune balle à enrayer","沒有可卡彈的子彈","弾詰まりさせる弾がありません","Não há munição para travar","没有可卡弹的子弹"
"VSTR_CTX_HINT_NO_ROUND","No round","No round","Bez náboje","Keine Patrone","Нет патрона","Brak naboju","Nincs lőszer","Nessun colpo","Sin bala","Aucune balle","無子彈","弾なし","Sem munição","无子弹"
"VSTR_CHANGELOG_TITLE","Changelog","Changelog","Seznam změn","Änderungsprotokoll","Список изменений","Lista zmian","Változásnapló","Registro modifiche","Registro de cambios","Journal des modifications","更新日誌","更新履歴","Registro de alterações","更新日志"
"VSTR_CHANGELOG_SUBTITLE","What's new in %1","What's new in %1","Novinky: %1","Neu in %1","Что нового: %1","Nowości: %1","Újdonságok: %1","Novità: %1","Novedades: %1","Nouveautés : %1","%1 更新內容","%1 の新機能","Novidades: %1","%1 更新内容"
"VSTR_CHANGELOG_DONT_SHOW","Don't show again until the next update","Don't show again until the next update","Nezobrazovat znovu až do další aktualizace","Bis zum nächsten Update nicht mehr anzeigen","Не показывать до следующего обновления","Nie pokazuj ponownie do następnej aktualizacji","Ne jelenjen meg a következő frissítésig","Non mostrare più fino al prossimo aggiornamento","No volver a mostrar hasta la próxima actualización","Ne plus afficher jusqu'à la prochaine mise à jour","下次更新前不再顯示","次の更新まで表示しない","Não mostrar novamente até a próxima atualização","下次更新前不再显示"
"VSTR_CHANGELOG_CLOSE","Close","Close","Zavřít","Schließen","Закрыть","Zamknij","Bezárás","Chiudi","Cerrar","Fermer","關閉","閉じる","Fechar","关闭"
"VSTR_CHANGELOG_LATEST","Latest","Latest","Nejnovější","Neueste","Последняя","Najnowsza","Legújabb","Ultima","Última","Dernière","最新","最新","Mais recente","最新"
"VSTR_CHANGELOG_ADDED","Added","Added","Přidáno","Hinzugefügt","Добавлено","Dodano","Hozzáadva","Aggiunto","Añadido","Ajouté","新增","追加","Adicionado","新增"
"VSTR_CHANGELOG_CHANGED","Changed","Changed","Změněno","Geändert","Изменено","Zmieniono","Módosítva","Modificato","Cambiado","Modifié","變更","変更","Alterado","变更"
"VSTR_CHANGELOG_FIXED","Fixed","Fixed","Opraveno","Behoben","Исправлено","Naprawiono","Javítva","Corretto","Corregido","Corrigé","修正","修正","Corrigido","修复"
"VSTR_CHANGELOG_REMOVED","Removed","Removed","Odstraněno","Entfernt","Удалено","Usunięto","Eltávolítva","Rimosso","Eliminado","Supprimé","移除","削除","Removido","移除"
"VSTR_CHANGELOG_KNOWN","Known issue","Known issue","Známá chyba","Bekannter Fehler","Известная ошибка","Znany błąd","Ismert hiba","Problema noto","Error conocido","Problème connu","已知問題","既知の問題","Erro conhecido","已知问题"
"VSTR_CHANGELOG_EMPTY","No changelog entries yet","No changelog entries yet","Zatím žádné záznamy","Noch keine Einträge","Записей пока нет","Brak wpisów","Még nincsenek bejegyzések","Nessuna voce","Aún no hay entradas","Aucune entrée pour l'instant","尚無更新項目","まだ項目がありません","Nenhuma entrada ainda","尚无更新条目"
"VSTR_CHANGELOG_LINK_OPENED","Opened in your web browser","Opened in your web browser","Otevřeno ve webovém prohlížeči","Im Webbrowser geöffnet","Открыто в браузере","Otwarto w przeglądarce","Megnyitva a böngészőben","Aperto nel browser","Abierto en tu navegador","Ouvert dans votre navigateur","已在瀏覽器中開啟","ブラウザーで開きました","Aberto no navegador","已在浏览器中打开"
"VSTR_CTX_RESULT_ALREADY_FULL","Already full","Already full","Již plné","Bereits voll","Уже заполнено","Już pełne","Már tele van","Già pieno","Ya está lleno","Déjà plein","已經滿了","すでに満タンです","Já está cheio","已经满了"
"VSTR_XMLE_TOOLTIP_MENU","Edit the Central Economy files of this mission. Every save makes a backup first. The economy reads these files only when the server starts, so changes apply after a restart.","Edit the Central Economy files of this mission. Every save makes a backup first. The economy reads these files only when the server starts, so changes apply after a restart.","Úprava souborů Central Economy této mise. Každé uložení nejprve vytvoří zálohu. Ekonomika tyto soubory čte jen při startu serveru, takže změny se projeví až po restartu.","Bearbeitet die Central-Economy-Dateien dieser Mission. Vor jedem Speichern wird eine Sicherung angelegt. Die Economy liest diese Dateien nur beim Serverstart, Änderungen gelten also erst nach einem Neustart.","Редактирование файлов Central Economy этой миссии. Перед каждым сохранением создаётся резервная копия. Экономика читает эти файлы только при запуске сервера, поэтому изменения вступают в силу после перезапуска.","Edycja plików Central Economy tej misji. Każdy zapis najpierw tworzy kopię zapasową. Ekonomia wczytuje te pliki tylko przy starcie serwera, więc zmiany zadziałają po restarcie.","A misszió Central Economy fájljainak szerkesztése. Minden mentés előtt biztonsági mentés készül. A gazdaság csak a szerver indulásakor olvassa be ezeket a fájlokat, ezért a változások újraindítás után lépnek életbe.","Modifica i file della Central Economy di questa missione. Ogni salvataggio crea prima un backup. L'economia legge questi file solo all'avvio del server, quindi le modifiche valgono dopo un riavvio.","Edita los archivos de la Central Economy de esta misión. Cada guardado crea antes una copia de seguridad. La economía solo lee estos archivos al iniciar el servidor, así que los cambios se aplican tras un reinicio.","Modifie les fichiers Central Economy de cette mission. Chaque enregistrement crée d'abord une sauvegarde. L'économie ne lit ces fichiers qu'au démarrage du serveur : les changements s'appliquent après un redémarrage.","編輯此任務的 Central Economy 檔案。每次儲存前都會先建立備份。經濟系統只在伺服器啟動時讀取這些檔案，因此變更會在重新啟動後生效。","このミッションの Central Economy ファイルを編集します。保存のたびに先にバックアップが作成されます。エコノミーはサーバー起動時にのみこれらのファイルを読み込むため、変更は再起動後に反映されます。","Edita os arquivos da Central Economy desta missão. Cada salvamento cria antes um backup. A economia só lê estes arquivos quando o servidor inicia, então as alterações valem após um reinício.","编辑此任务的 Central Economy 文件。每次保存前都会先创建备份。经济系统只在服务器启动时读取这些文件，因此更改会在重启后生效。"
"VSTR_XMLE_TOOLTIP_SEARCH","Type part of a class name. Add filters with prefixes: c:category, u:usage, v:value, t:tag, f:file. Use @ for user groups, for example u:@TownVillage. All terms must match.","Type part of a class name. Add filters with prefixes: c:category, u:usage, v:value, t:tag, f:file. Use @ for user groups, for example u:@TownVillage. All terms must match.","Zadej část názvu třídy. Filtry přidáš předponami: c:kategorie, u:použití, v:hodnota, t:tag, f:soubor. Pro uživatelské skupiny použij @, například u:@TownVillage. Musí platit všechny výrazy.","Gib einen Teil eines Klassennamens ein. Filter fügst du mit Präfixen hinzu: c:Kategorie, u:Nutzung, v:Wert, t:Tag, f:Datei. Nutze @ für Benutzergruppen, z. B. u:@TownVillage. Alle Begriffe müssen passen.","Введите часть имени класса. Фильтры добавляются префиксами: c:категория, u:использование, v:ценность, t:тег, f:файл. Для пользовательских групп используйте @, например u:@TownVillage. Должны совпасть все условия.","Wpisz część nazwy klasy. Filtry dodasz prefiksami: c:kategoria, u:użycie, v:wartość, t:tag, f:plik. Dla grup użytkownika użyj @, np. u:@TownVillage. Wszystkie warunki muszą pasować.","Írd be egy osztálynév egy részét. Szűrők előtagokkal: c:kategória, u:használat, v:érték, t:címke, f:fájl. Felhasználói csoportokhoz használd a @ jelet, például u:@TownVillage. Minden feltételnek teljesülnie kell.","Scrivi parte del nome di una classe. Aggiungi filtri con i prefissi: c:categoria, u:uso, v:valore, t:tag, f:file. Usa @ per i gruppi utente, ad esempio u:@TownVillage. Tutti i termini devono corrispondere.","Escribe parte de un nombre de clase. Añade filtros con prefijos: c:categoría, u:uso, v:valor, t:etiqueta, f:archivo. Usa @ para los grupos de usuario, por ejemplo u:@TownVillage. Deben cumplirse todos los términos.","Tapez une partie d'un nom de classe. Ajoutez des filtres avec des préfixes : c:catégorie, u:usage, v:valeur, t:tag, f:fichier. Utilisez @ pour les groupes utilisateur, par exemple u:@TownVillage. Tous les termes doivent correspondre.","輸入類別名稱的一部分。可用前綴加入篩選：c:類別、u:用途、v:價值、t:標籤、f:檔案。使用者群組請用 @，例如 u:@TownVillage。所有條件都必須符合。","クラス名の一部を入力します。接頭辞でフィルターを追加できます: c:カテゴリ、u:用途、v:価値、t:タグ、f:ファイル。ユーザーグループには @ を使います（例: u:@TownVillage）。すべての条件に一致する必要があります。","Digite parte de um nome de classe. Adicione filtros com prefixos: c:categoria, u:uso, v:valor, t:tag, f:arquivo. Use @ para grupos de usuário, por exemplo u:@TownVillage. Todos os termos precisam corresponder.","输入类名的一部分。可用前缀添加筛选：c:类别、u:用途、v:价值、t:标签、f:文件。用户组请用 @，例如 u:@TownVillage。所有条件都必须匹配。"
"VSTR_XMLE_TOOLTIP_INSPECTOR","Copy: duplicate this type under a new name. Move: move or copy it to another types file. Pen: rename it. Bin: delete it from this file. Each action makes a backup and saves at once.","Copy: duplicate this type under a new name. Move: move or copy it to another types file. Pen: rename it. Bin: delete it from this file. Each action makes a backup and saves at once.","Kopie: duplikuje tento typ pod novým názvem. Přesun: přesune nebo zkopíruje ho do jiného souboru typů. Tužka: přejmenuje ho. Koš: smaže ho z tohoto souboru. Každá akce vytvoří zálohu a hned uloží.","Kopieren: dupliziert diesen Typ unter neuem Namen. Verschieben: verschiebt oder kopiert ihn in eine andere Types-Datei. Stift: benennt ihn um. Papierkorb: löscht ihn aus dieser Datei. Jede Aktion legt eine Sicherung an und speichert sofort.","Копия: дублирует этот тип под новым именем. Перенос: перемещает или копирует его в другой файл типов. Карандаш: переименовывает. Корзина: удаляет из этого файла. Каждое действие создаёт резервную копию и сразу сохраняет.","Kopia: duplikuje ten typ pod nową nazwą. Przenieś: przenosi lub kopiuje go do innego pliku typów. Ołówek: zmienia nazwę. Kosz: usuwa go z tego pliku. Każda akcja tworzy kopię zapasową i od razu zapisuje.","Másolás: új néven megkettőzi ezt a típust. Áthelyezés: másik types fájlba mozgatja vagy másolja. Ceruza: átnevezi. Kuka: törli ebből a fájlból. Minden művelet biztonsági mentést készít, és azonnal ment.","Copia: duplica questo tipo con un nuovo nome. Sposta: lo sposta o lo copia in un altro file dei tipi. Matita: lo rinomina. Cestino: lo elimina da questo file. Ogni azione crea un backup e salva subito.","Copiar: duplica este tipo con otro nombre. Mover: lo mueve o copia a otro archivo de tipos. Lápiz: lo renombra. Papelera: lo elimina de este archivo. Cada acción crea una copia de seguridad y guarda al momento.","Copier : duplique ce type sous un nouveau nom. Déplacer : le déplace ou le copie dans un autre fichier types. Crayon : le renomme. Corbeille : le supprime de ce fichier. Chaque action crée une sauvegarde et enregistre aussitôt.","複製：以新名稱複製此類型。移動：移動或複製到另一個 types 檔案。鉛筆：重新命名。垃圾桶：從此檔案刪除。每個動作都會先建立備份並立即儲存。","コピー: このタイプを新しい名前で複製します。移動: 別の types ファイルへ移動またはコピーします。ペン: 名前を変更します。ゴミ箱: このファイルから削除します。どの操作もバックアップを作成してすぐに保存します。","Copiar: duplica este tipo com um novo nome. Mover: move ou copia para outro arquivo de tipos. Lápis: renomeia. Lixeira: exclui deste arquivo. Cada ação cria um backup e salva na hora.","复制：以新名称复制此类型。移动：移动或复制到另一个 types 文件。铅笔：重命名。垃圾桶：从此文件删除。每个操作都会先创建备份并立即保存。"
"VSTR_XMLE_TOOLTIP_MAP","Flame: switch between heat and pins. List: open the breakdown. T1 to T4 and U (unique) filter by map tier. Click a marker for details, double-click to teleport.","Flame: switch between heat and pins. List: open the breakdown. T1 to T4 and U (unique) filter by map tier. Click a marker for details, double-click to teleport.","Plamen: přepíná mezi teplotní mapou a špendlíky. Seznam: otevře rozpis. T1 až T4 a U (unikátní) filtrují podle tieru mapy. Kliknutím na značku zobrazíš detaily, dvojklikem se teleportuješ.","Flamme: wechselt zwischen Heatmap und Pins. Liste: öffnet die Aufschlüsselung. T1 bis T4 und U (einzigartig) filtern nach Karten-Tier. Klick auf eine Markierung zeigt Details, Doppelklick teleportiert.","Пламя: переключает тепловую карту и метки. Список: открывает разбивку. T1–T4 и U (уникальные) фильтруют по тиру карты. Щелчок по метке показывает детали, двойной щелчок телепортирует.","Płomień: przełącza mapę cieplną i pinezki. Lista: otwiera zestawienie. T1 do T4 i U (unikalne) filtrują według tieru mapy. Kliknij znacznik, aby zobaczyć szczegóły, kliknij dwukrotnie, aby się teleportować.","Láng: vált a hőtérkép és a jelölők között. Lista: megnyitja a bontást. A T1–T4 és az U (egyedi) a térkép tierje szerint szűr. Kattints egy jelölőre a részletekért, dupla kattintással teleportálsz.","Fiamma: alterna mappa di calore e segnaposti. Elenco: apre il dettaglio. T1-T4 e U (unico) filtrano per tier della mappa. Clic su un indicatore per i dettagli, doppio clic per teletrasportarti.","Llama: alterna entre mapa de calor y marcadores. Lista: abre el desglose. T1 a T4 y U (único) filtran por tier del mapa. Haz clic en un marcador para ver detalles y doble clic para teletransportarte.","Flamme : bascule entre carte de chaleur et épingles. Liste : ouvre le détail. T1 à T4 et U (unique) filtrent par tier de carte. Cliquez sur un marqueur pour les détails, double-cliquez pour vous téléporter.","火焰：切換熱度圖與圖釘。清單：開啟明細。T1 至 T4 與 U（獨特）依地圖等級篩選。點擊標記可查看詳情，雙擊即可傳送。","炎: ヒートマップとピンを切り替えます。リスト: 内訳を開きます。T1〜T4 と U（ユニーク）でマップのティアを絞り込みます。マーカーをクリックで詳細、ダブルクリックでテレポートします。","Chama: alterna entre mapa de calor e alfinetes. Lista: abre o detalhamento. T1 a T4 e U (único) filtram pelo tier do mapa. Clique num marcador para ver detalhes e clique duas vezes para teleportar.","火焰：切换热度图与图钉。列表：打开明细。T1 至 T4 与 U（独特）按地图等级筛选。点击标记可查看详情，双击即可传送。"
"VSTR_XMLE_SUBTITLE_FMT","%1 - %2 types","%1 - %2 types","%1 - typů: %2","%1 - %2 Typen","%1 - типов: %2","%1 - typów: %2","%1 - %2 típus","%1 - %2 tipi","%1 - %2 tipos","%1 - %2 types","%1 - %2 個類型","%1 - %2 タイプ","%1 - %2 tipos","%1 - %2 个类型"
"VSTR_XMLE_PENDING_RESTART","RESTART PENDING","RESTART PENDING","ČEKÁ NA RESTART","NEUSTART AUSSTEHEND","ОЖИДАЕТ ПЕРЕЗАПУСКА","WYMAGA RESTARTU","ÚJRAINDÍTÁSRA VÁR","RIAVVIO IN ATTESA","REINICIO PENDIENTE","REDÉMARRAGE REQUIS","待重新啟動","再起動待ち","REINÍCIO PENDENTE","待重启"
"VSTR_XMLE_STATUS_READY","Ready","Ready","Připraveno","Bereit","Готово","Gotowe","Kész","Pronto","Listo","Prêt","就緒","準備完了","Pronto","就绪"
"VSTR_XMLE_STATUS_CONNECTING","Connecting...","Connecting...","Připojování...","Verbinde...","Подключение...","Łączenie...","Csatlakozás...","Connessione...","Conectando...","Connexion...","連線中...","接続中...","Conectando...","连接中..."
"VSTR_XMLE_STATUS_LOADING","Loading...","Loading...","Načítání...","Lade...","Загрузка...","Wczytywanie...","Betöltés...","Caricamento...","Cargando...","Chargement...","載入中...","読み込み中...","Carregando...","加载中..."
"VSTR_XMLE_STATUS_SAVING","Saving...","Saving...","Ukládání...","Speichere...","Сохранение...","Zapisywanie...","Mentés...","Salvataggio...","Guardando...","Enregistrement...","儲存中...","保存中...","Salvando...","保存中..."
"VSTR_XMLE_PROGRESS_FMT","%1 (%2)","%1 (%2)","%1 (%2)","%1 (%2)","%1 (%2)","%1 (%2)","%1 (%2)","%1 (%2)","%1 (%2)","%1 (%2)","%1（%2）","%1（%2）","%1 (%2)","%1（%2）"
"VSTR_XMLE_READONLY","Read only: you do not have permission to edit types.","Read only: you do not have permission to edit types.","Jen pro čtení: nemáš oprávnění upravovat typy.","Nur Lesen: Du hast keine Berechtigung, Typen zu bearbeiten.","Только чтение: у вас нет прав на изменение типов.","Tylko do odczytu: nie masz uprawnień do edycji typów.","Csak olvasható: nincs jogosultságod a típusok szerkesztéséhez.","Sola lettura: non hai il permesso di modificare i tipi.","Solo lectura: no tienes permiso para editar tipos.","Lecture seule : vous n'avez pas la permission de modifier les types.","唯讀：你沒有編輯類型的權限。","読み取り専用: タイプを編集する権限がありません。","Somente leitura: você não tem permissão para editar tipos.","只读：你没有编辑类型的权限。"
"VSTR_XMLE_NO_PERMISSION_TAB","You do not have permission to use this tab.","You do not have permission to use this tab.","Nemáš oprávnění používat tuto kartu.","Du hast keine Berechtigung für diesen Tab.","У вас нет прав на использование этой вкладки.","Nie masz uprawnień do korzystania z tej karty.","Nincs jogosultságod ehhez a laphoz.","Non hai il permesso di usare questa scheda.","No tienes permiso para usar esta pestaña.","Vous n'avez pas la permission d'utiliser cet onglet.","你沒有使用此分頁的權限。","このタブを使用する権限がありません。","Você não tem permissão para usar esta aba.","你没有使用此选项卡的权限。"
"VSTR_XMLE_TAB_TYPES","TYPES","TYPES","TYPY","TYPEN","ТИПЫ","TYPY","TÍPUSOK","TIPI","TIPOS","TYPES","類型","タイプ","TIPOS","类型"
"VSTR_XMLE_TAB_MAP","MAP","MAP","MAPA","KARTE","КАРТА","MAPA","TÉRKÉP","MAPPA","MAPA","CARTE","地圖","マップ","MAPA","地图"
"VSTR_XMLE_TAB_BACKUPS","BACKUPS","BACKUPS","ZÁLOHY","SICHERUNGEN","КОПИИ","KOPIE","MENTÉSEK","BACKUP","COPIAS","SAUVEGARDES","備份","バックアップ","BACKUPS","备份"
"VSTR_XMLE_TAB_FILES","FILES","FILES","SOUBORY","DATEIEN","ФАЙЛЫ","PLIKI","FÁJLOK","FILE","ARCHIVOS","FICHIERS","檔案","ファイル","ARQUIVOS","文件"
"VSTR_XMLE_RAIL_TYPES","TYPE LIST","TYPE LIST","SEZNAM TYPŮ","TYPENLISTE","СПИСОК ТИПОВ","LISTA TYPÓW","TÍPUSLISTA","ELENCO TIPI","LISTA DE TIPOS","LISTE DES TYPES","類型清單","タイプ一覧","LISTA DE TIPOS","类型列表"
"VSTR_XMLE_BTN_ADD","ADD","ADD","PŘIDAT","HINZUFÜGEN","ДОБАВИТЬ","DODAJ","HOZZÁAD","AGGIUNGI","AÑADIR","AJOUTER","新增","追加","ADICIONAR","添加"
"VSTR_XMLE_BTN_BULK","BULK EDIT","BULK EDIT","HROMADNĚ","MASSEN-EDIT","МАСС. ПРАВКА","EDYTUJ WIELE","CSOPORTOS","IN BLOCCO","EDIC. MASIVA","ÉDITION LOT","批次編輯","一括編集","EDIÇÃO MASSA","批量编辑"
"VSTR_XMLE_SCOPE_ALL","All types files (merged)","All types files (merged)","Všechny soubory typů (sloučené)","Alle Types-Dateien (zusammengeführt)","Все файлы типов (объединённые)","Wszystkie pliki typów (scalone)","Minden types fájl (összevonva)","Tutti i file dei tipi (uniti)","Todos los archivos de tipos (combinados)","Tous les fichiers types (fusionnés)","所有 types 檔案（合併）","すべての types ファイル（統合）","Todos os arquivos de tipos (mesclados)","所有 types 文件（合并）"
"VSTR_XMLE_FILTER_ALL","Show: all","Show: all","Zobrazit: vše","Anzeigen: alle","Показать: все","Pokaż: wszystkie","Mutat: mind","Mostra: tutti","Mostrar: todos","Afficher : tout","顯示：全部","表示: すべて","Mostrar: todos","显示：全部"
"VSTR_XMLE_FILTER_ISSUES","Show: with issues","Show: with issues","Zobrazit: s problémy","Anzeigen: mit Problemen","Показать: с проблемами","Pokaż: z problemami","Mutat: problémásak","Mostra: con problemi","Mostrar: con problemas","Afficher : avec problèmes","顯示：有問題","表示: 問題あり","Mostrar: com problemas","显示：有问题"
"VSTR_XMLE_FILTER_OVERRIDDEN","Show: defined in several files","Show: defined in several files","Zobrazit: ve více souborech","Anzeigen: in mehreren Dateien","Показать: в нескольких файлах","Pokaż: w kilku plikach","Mutat: több fájlban","Mostra: in più file","Mostrar: en varios archivos","Afficher : dans plusieurs fichiers","顯示：定義於多個檔案","表示: 複数ファイルで定義","Mostrar: em vários arquivos","显示：定义于多个文件"
"VSTR_XMLE_FILTER_UNSAVED","Show: unsaved changes","Show: unsaved changes","Zobrazit: neuložené změny","Anzeigen: ungespeicherte Änderungen","Показать: несохранённые изменения","Pokaż: niezapisane zmiany","Mutat: mentetlen változások","Mostra: modifiche non salvate","Mostrar: cambios sin guardar","Afficher : modifications non enregistrées","顯示：未儲存的變更","表示: 未保存の変更","Mostrar: alterações não salvas","显示：未保存的更改"
"VSTR_XMLE_FILTER_CONFLICTS","Show: changed by someone else","Show: changed by someone else","Zobrazit: změnil někdo jiný","Anzeigen: von anderen geändert","Показать: изменены другими","Pokaż: zmienione przez innych","Mutat: más módosította","Mostra: modificati da altri","Mostrar: cambiados por otros","Afficher : modifiés par d'autres","顯示：被他人變更","表示: 他の人が変更","Mostrar: alterados por outros","显示：被他人更改"
"VSTR_XMLE_FILTER_SPAWNING","Show: nominal above 0","Show: nominal above 0","Zobrazit: nominal nad 0","Anzeigen: Nominal über 0","Показать: номинал больше 0","Pokaż: nominał powyżej 0","Mutat: névleges 0 felett","Mostra: nominale sopra 0","Mostrar: nominal mayor que 0","Afficher : nominal supérieur à 0","顯示：標稱大於 0","表示: ノミナルが 0 より大きい","Mostrar: nominal acima de 0","显示：标称大于 0"
"VSTR_XMLE_FILTER_NOSPAWN","Show: nominal 0","Show: nominal 0","Zobrazit: nominal 0","Anzeigen: Nominal 0","Показать: номинал 0","Pokaż: nominał 0","Mutat: névleges 0","Mostra: nominale 0","Mostrar: nominal 0","Afficher : nominal 0","顯示：標稱為 0","表示: ノミナルが 0","Mostrar: nominal 0","显示：标称为 0"
"VSTR_XMLE_FILTER_NOCAT","Show: no category","Show: no category","Zobrazit: bez kategorie","Anzeigen: ohne Kategorie","Показать: без категории","Pokaż: bez kategorii","Mutat: kategória nélkül","Mostra: senza categoria","Mostrar: sin categoría","Afficher : sans catégorie","顯示：無類別","表示: カテゴリなし","Mostrar: sem categoria","显示：无类别"
"VSTR_XMLE_FILTER_CATEGORY","Category: %1","Category: %1","Kategorie: %1","Kategorie: %1","Категория: %1","Kategoria: %1","Kategória: %1","Categoria: %1","Categoría: %1","Catégorie : %1","類別：%1","カテゴリ: %1","Categoria: %1","类别：%1"
"VSTR_XMLE_FILTER_USAGE","Usage: %1","Usage: %1","Použití: %1","Nutzung: %1","Использование: %1","Użycie: %1","Használat: %1","Uso: %1","Uso: %1","Usage : %1","用途：%1","用途: %1","Uso: %1","用途：%1"
"VSTR_XMLE_FILTER_VALUE","Value: %1","Value: %1","Hodnota: %1","Wert: %1","Ценность: %1","Wartość: %1","Érték: %1","Valore: %1","Valor: %1","Valeur : %1","價值：%1","価値: %1","Valor: %1","价值：%1"
"VSTR_XMLE_FILTER_TAG","Tag: %1","Tag: %1","Tag: %1","Tag: %1","Тег: %1","Tag: %1","Címke: %1","Tag: %1","Etiqueta: %1","Tag : %1","標籤：%1","タグ: %1","Tag: %1","标签：%1"
"VSTR_XMLE_ROWCOUNT","%1 of %2","%1 of %2","%1 z %2","%1 von %2","%1 из %2","%1 z %2","%1 / %2","%1 di %2","%1 de %2","%1 sur %2","%1 / %2","%1 / %2","%1 de %2","%1 / %2"
"VSTR_XMLE_ROWS_CAPPED","%1 / %2 (capped)","%1 / %2 (capped)","%1 / %2 (omezeno)","%1 / %2 (begrenzt)","%1 / %2 (лимит)","%1 / %2 (limit)","%1 / %2 (korlát)","%1 / %2 (limitato)","%1 / %2 (limitado)","%1 / %2 (plafonné)","%1 / %2（已截斷）","%1 / %2（上限）","%1 / %2 (limitado)","%1 / %2（已截断）"
"VSTR_XMLE_EMPTY_SELECT","Select a type on the left to edit it.","Select a type on the left to edit it.","Vyber vlevo typ, který chceš upravit.","Wähle links einen Typ zum Bearbeiten aus.","Выберите тип слева, чтобы изменить его.","Wybierz typ po lewej, aby go edytować.","Válassz ki bal oldalt egy típust a szerkesztéshez.","Seleziona un tipo a sinistra per modificarlo.","Selecciona un tipo a la izquierda para editarlo.","Sélectionnez un type à gauche pour le modifier.","從左側選擇一個類型進行編輯。","左側でタイプを選択すると編集できます。","Selecione um tipo à esquerda para editá-lo.","从左侧选择一个类型进行编辑。"
"VSTR_XMLE_SEC_ECONOMY","ECONOMY","ECONOMY","EKONOMIKA","ÖKONOMIE","ЭКОНОМИКА","EKONOMIA","GAZDASÁG","ECONOMIA","ECONOMÍA","ÉCONOMIE","經濟","エコノミー","ECONOMIA","经济"
"VSTR_XMLE_SEC_FLAGS","FLAGS","FLAGS","PŘÍZNAKY","FLAGS","ФЛАГИ","FLAGI","JELZŐK","FLAG","INDICADORES","INDICATEURS","旗標","フラグ","FLAGS","标志"
"VSTR_XMLE_SEC_CATEGORY","CATEGORY","CATEGORY","KATEGORIE","KATEGORIE","КАТЕГОРИЯ","KATEGORIA","KATEGÓRIA","CATEGORIA","CATEGORÍA","CATÉGORIE","類別","カテゴリ","CATEGORIA","类别"
"VSTR_XMLE_SEC_USAGE","USAGE","USAGE","POUŽITÍ","NUTZUNG","ИСПОЛЬЗОВАНИЕ","UŻYCIE","HASZNÁLAT","USO","USO","USAGE","用途","用途","USO","用途"
"VSTR_XMLE_SEC_VALUE","VALUE (TIERS)","VALUE (TIERS)","HODNOTA (TIERY)","WERT (TIERS)","ЦЕННОСТЬ (ТИРЫ)","WARTOŚĆ (TIERY)","ÉRTÉK (TIEREK)","VALORE (TIER)","VALOR (TIERS)","VALEUR (TIERS)","價值（等級）","価値（ティア）","VALOR (TIERS)","价值（等级）"
"VSTR_XMLE_SEC_TAG","TAG","TAG","TAG","TAG","ТЕГ","TAG","CÍMKE","TAG","ETIQUETA","TAG","標籤","タグ","TAG","标签"
"VSTR_XMLE_SEC_SPAWN","SPAWNS WITH","SPAWNS WITH","SPAWNUJE SE S","SPAWNT MIT","ПОЯВЛЯЕТСЯ С","POJAWIA SIĘ Z","EZEKKEL JELENIK MEG","APPARE CON","APARECE CON","APPARAÎT AVEC","生成時附帶","一緒にスポーン","SURGE COM","生成时附带"
"VSTR_XMLE_SEC_DEFS","DEFINED IN","DEFINED IN","DEFINOVÁNO V","DEFINIERT IN","ОПРЕДЕЛЁН В","ZDEFINIOWANO W","DEFINIÁLVA ITT","DEFINITO IN","DEFINIDO EN","DÉFINI DANS","定義於","定義場所","DEFINIDO EM","定义于"
"VSTR_XMLE_SEC_ISSUES","ISSUES","ISSUES","PROBLÉMY","PROBLEME","ПРОБЛЕМЫ","PROBLEMY","PROBLÉMÁK","PROBLEMI","PROBLEMAS","PROBLÈMES","問題","問題","PROBLEMAS","问题"
"VSTR_XMLE_F_NOMINAL","Nominal","Nominal","Nominal","Nominal","Номинал","Nominał","Névleges","Nominale","Nominal","Nominal","標稱","ノミナル","Nominal","标称"
"VSTR_XMLE_F_MIN","Min","Min","Min","Min","Мин.","Min","Min.","Min","Mín.","Min","最小","最小","Mín.","最小"
"VSTR_XMLE_F_LIFETIME","Lifetime","Lifetime","Životnost","Lebensdauer","Время жизни","Czas życia","Élettartam","Durata","Duración","Durée de vie","存在時間","寿命","Duração","存在时间"
"VSTR_XMLE_F_RESTOCK","Restock","Restock","Doplnění","Auffüllung","Пополнение","Uzupełnienie","Utánpótlás","Rifornimento","Reposición","Réappro.","補貨","補充","Reposição","补货"
"VSTR_XMLE_F_COST","Cost","Cost","Cena","Kosten","Стоимость","Koszt","Költség","Costo","Coste","Coût","成本","コスト","Custo","成本"
"VSTR_XMLE_F_QUANTMIN","Quantity min","Quantity min","Množství min","Menge min","Кол-во мин.","Ilość min","Mennyiség min.","Quantità min","Cantidad mín.","Quantité min","數量下限","量 最小","Quantidade mín.","数量下限"
"VSTR_XMLE_F_QUANTMAX","Quantity max","Quantity max","Množství max","Menge max","Кол-во макс.","Ilość maks.","Mennyiség max.","Quantità max","Cantidad máx.","Quantité max","數量上限","量 最大","Quantidade máx.","数量上限"
"VSTR_XMLE_HELP_NOMINAL","Target number of this item in the world. The economy keeps spawning it while the count is below this value.","Target number of this item in the world. The economy keeps spawning it while the count is below this value.","Cílový počet tohoto předmětu ve světě. Ekonomika ho spawnuje, dokud je počet pod touto hodnotou.","Zielanzahl dieses Items in der Welt. Die Economy spawnt es weiter, solange die Anzahl darunter liegt.","Целевое количество этого предмета в мире. Экономика продолжает его спавнить, пока количество ниже этого значения.","Docelowa liczba tego przedmiotu w świecie. Ekonomia spawnuje go, dopóki liczba jest niższa od tej wartości.","A tárgy célszáma a világban. A gazdaság addig spawnolja, amíg a darabszám ez alatt van.","Numero obiettivo di questo oggetto nel mondo. L'economia continua a generarlo finché il conteggio è sotto questo valore.","Cantidad objetivo de este objeto en el mundo. La economía lo sigue generando mientras el recuento esté por debajo de este valor.","Nombre cible de cet objet dans le monde. L'économie continue de le faire apparaître tant que le compte est inférieur à cette valeur.","此物品在世界中的目標數量。數量低於此值時，經濟系統會持續生成它。","ワールド内でのこのアイテムの目標数です。数がこの値を下回っている間、エコノミーはスポーンを続けます。","Quantidade alvo deste item no mundo. A economia continua gerando o item enquanto a contagem estiver abaixo deste valor.","此物品在世界中的目标数量。数量低于此值时，经济系统会持续生成它。"
"VSTR_XMLE_HELP_MIN","When the count drops below this value the economy restocks up to nominal. The engine lowers it to nominal if it is higher.","When the count drops below this value the economy restocks up to nominal. The engine lowers it to nominal if it is higher.","Když počet klesne pod tuto hodnotu, ekonomika doplní až do nominalu. Pokud je vyšší než nominal, engine ji na nominal sníží.","Fällt die Anzahl unter diesen Wert, füllt die Economy bis Nominal auf. Liegt er höher als Nominal, senkt die Engine ihn auf Nominal.","Когда количество падает ниже этого значения, экономика пополняет его до номинала. Если значение выше номинала, движок снижает его до номинала.","Gdy liczba spadnie poniżej tej wartości, ekonomia uzupełnia do nominału. Jeśli jest wyższa od nominału, silnik obniża ją do nominału.","Ha a darabszám ez alá esik, a gazdaság a névleges értékig pótol. Ha magasabb a névlegesnél, a motor a névlegesre csökkenti.","Quando il conteggio scende sotto questo valore, l'economia rifornisce fino al nominale. Se è più alto del nominale, il motore lo abbassa al nominale.","Cuando el recuento baja de este valor, la economía repone hasta el nominal. Si es mayor que el nominal, el motor lo reduce al nominal.","Quand le compte passe sous cette valeur, l'économie réapprovisionne jusqu'au nominal. S'il est supérieur au nominal, le moteur le ramène au nominal.","當數量低於此值時，經濟系統會補貨至標稱值。若此值高於標稱值，引擎會將它降為標稱值。","数がこの値を下回ると、エコノミーはノミナルまで補充します。ノミナルより高い場合、エンジンはノミナルまで下げます。","Quando a contagem cai abaixo deste valor, a economia repõe até o nominal. Se for maior que o nominal, o motor o reduz para o nominal.","当数量低于此值时，经济系统会补货至标称值。若此值高于标称值，引擎会将它降为标称值。"
"VSTR_XMLE_HELP_LIFETIME","Seconds an untouched item stays in the world before it is cleaned up.","Seconds an untouched item stays in the world before it is cleaned up.","Počet sekund, po které nedotčený předmět zůstane ve světě, než je odstraněn.","Sekunden, die ein unberührtes Item in der Welt bleibt, bevor es aufgeräumt wird.","Сколько секунд нетронутый предмет остаётся в мире, прежде чем будет удалён.","Liczba sekund, przez które nieruszony przedmiot pozostaje w świecie, zanim zostanie usunięty.","Ennyi másodpercig marad a világban egy érintetlen tárgy, mielőtt eltávolítják.","Secondi in cui un oggetto non toccato resta nel mondo prima di essere rimosso.","Segundos que un objeto sin tocar permanece en el mundo antes de eliminarse.","Secondes pendant lesquelles un objet non touché reste dans le monde avant d'être nettoyé.","未被觸碰的物品在被清除前留在世界中的秒數。","触れられていないアイテムが消去されるまでワールドに残る秒数です。","Segundos que um item intocado permanece no mundo antes de ser removido.","未被触碰的物品在被清除前留在世界中的秒数。"
"VSTR_XMLE_HELP_RESTOCK","Seconds to wait before restocking after the count drops below min. 0 restocks as soon as possible.","Seconds to wait before restocking after the count drops below min. 0 restocks as soon as possible.","Počet sekund čekání na doplnění poté, co počet klesne pod min. 0 doplní co nejdříve.","Sekunden Wartezeit vor dem Auffüllen, nachdem die Anzahl unter Min gefallen ist. 0 füllt so schnell wie möglich auf.","Сколько секунд ждать пополнения после падения количества ниже минимума. 0 пополняет как можно скорее.","Liczba sekund oczekiwania na uzupełnienie po spadku liczby poniżej min. 0 uzupełnia jak najszybciej.","Ennyi másodpercet vár a pótlással, miután a darabszám a min. alá esett. 0 esetén a lehető leghamarabb pótol.","Secondi di attesa prima del rifornimento dopo che il conteggio scende sotto il minimo. 0 rifornisce il prima possibile.","Segundos de espera antes de reponer cuando el recuento baja del mínimo. 0 repone lo antes posible.","Secondes d'attente avant de réapprovisionner une fois le compte sous le min. 0 réapprovisionne dès que possible.","數量低於最小值後，補貨前要等待的秒數。0 表示盡快補貨。","数が最小値を下回ってから補充するまでの待ち秒数です。0 はできるだけ早く補充します。","Segundos de espera antes de repor quando a contagem cai abaixo do mínimo. 0 repõe o quanto antes.","数量低于最小值后，补货前要等待的秒数。0 表示尽快补货。"
"VSTR_XMLE_HELP_COST","Spawn priority. Higher values are preferred by the spawner. Vanilla uses 100.","Spawn priority. Higher values are preferred by the spawner. Vanilla uses 100.","Priorita spawnu. Spawner upřednostňuje vyšší hodnoty. Vanilla používá 100.","Spawn-Priorität. Höhere Werte werden vom Spawner bevorzugt. Vanilla nutzt 100.","Приоритет спавна. Спавнер предпочитает более высокие значения. В ванилле 100.","Priorytet spawnu. Spawner preferuje wyższe wartości. Vanilla używa 100.","Spawn-prioritás. A spawner a magasabb értékeket részesíti előnyben. A vanilla 100-at használ.","Priorità di spawn. Lo spawner preferisce i valori più alti. Il vanilla usa 100.","Prioridad de aparición. El generador prefiere los valores más altos. Vanilla usa 100.","Priorité d'apparition. Le générateur privilégie les valeurs élevées. Le vanilla utilise 100.","生成優先度。生成器偏好較高的值。原版使用 100。","スポーン優先度です。値が高いほど優先されます。バニラは 100 です。","Prioridade de surgimento. O gerador prefere valores mais altos. O vanilla usa 100.","生成优先级。生成器偏好较高的值。原版使用 100。"
"VSTR_XMLE_HELP_QUANTMIN","Lowest fill percentage (0 to 100) for items with a quantity, such as ammo or liquids. -1 turns it off.","Lowest fill percentage (0 to 100) for items with a quantity, such as ammo or liquids. -1 turns it off.","Nejnižší procento naplnění (0 až 100) u předmětů s množstvím, například munice nebo tekutin. -1 ho vypne.","Niedrigster Füllstand in Prozent (0 bis 100) für Items mit Menge, etwa Munition oder Flüssigkeiten. -1 schaltet ihn ab.","Минимальный процент заполнения (от 0 до 100) для предметов с количеством, например патронов или жидкостей. -1 отключает его.","Najniższy procent napełnienia (0 do 100) dla przedmiotów z ilością, np. amunicji lub płynów. -1 go wyłącza.","Legkisebb töltöttségi százalék (0–100) a mennyiséggel rendelkező tárgyaknál, például lőszernél vagy folyadéknál. A -1 kikapcsolja.","Percentuale minima di riempimento (da 0 a 100) per oggetti con quantità, come munizioni o liquidi. -1 la disattiva.","Porcentaje mínimo de llenado (0 a 100) para objetos con cantidad, como munición o líquidos. -1 lo desactiva.","Pourcentage de remplissage minimal (0 à 100) des objets avec une quantité, comme les munitions ou les liquides. -1 le désactive.","有數量的物品（如彈藥或液體）的最低填充百分比（0 至 100）。-1 表示關閉。","弾薬や液体など量を持つアイテムの最小充填率（0〜100）です。-1 で無効になります。","Porcentagem mínima de preenchimento (0 a 100) para itens com quantidade, como munição ou líquidos. -1 desativa.","有数量的物品（如弹药或液体）的最低填充百分比（0 至 100）。-1 表示关闭。"
"VSTR_XMLE_HELP_QUANTMAX","Highest fill percentage (0 to 100). -1 turns it off.","Highest fill percentage (0 to 100). -1 turns it off.","Nejvyšší procento naplnění (0 až 100). -1 ho vypne.","Höchster Füllstand in Prozent (0 bis 100). -1 schaltet ihn ab.","Максимальный процент заполнения (от 0 до 100). -1 отключает его.","Najwyższy procent napełnienia (0 do 100). -1 go wyłącza.","Legnagyobb töltöttségi százalék (0–100). A -1 kikapcsolja.","Percentuale massima di riempimento (da 0 a 100). -1 la disattiva.","Porcentaje máximo de llenado (0 a 100). -1 lo desactiva.","Pourcentage de remplissage maximal (0 à 100). -1 le désactive.","最高填充百分比（0 至 100）。-1 表示關閉。","最大充填率（0〜100）です。-1 で無効になります。","Porcentagem máxima de preenchimento (0 a 100). -1 desativa.","最高填充百分比（0 至 100）。-1 表示关闭。"
"VSTR_XMLE_FLAG_CARGO","Count in cargo","Count in cargo","Počítat v nákladu","In Cargo zählen","Учитывать в грузе","Liczyć w ładunku","Rakományban számít","Conta nel cargo","Contar en carga","Compter en cargo","計入貨物","積荷で数える","Contar na carga","计入货物"
"VSTR_XMLE_FLAG_HOARDER","Count in hoarder","Count in hoarder","Počítat v úložištích","In Hoarder zählen","Учитывать в тайниках","Liczyć w schowkach","Tárolókban számít","Conta nei contenitori","Contar en almacenes","Compter en stockage","計入儲藏","保管庫で数える","Contar em depósitos","计入储藏"
"VSTR_XMLE_FLAG_MAP","Count in map","Count in map","Počítat na mapě","Auf Karte zählen","Учитывать на карте","Liczyć na mapie","Térképen számít","Conta sulla mappa","Contar en el mapa","Compter sur la carte","計入地圖","マップで数える","Contar no mapa","计入地图"
"VSTR_XMLE_FLAG_PLAYER","Count in player","Count in player","Počítat u hráče","Bei Spielern zählen","Учитывать у игрока","Liczyć u gracza","Játékosnál számít","Conta sul giocatore","Contar en jugador","Compter sur le joueur","計入玩家","プレイヤーで数える","Contar no jogador","计入玩家"
"VSTR_XMLE_FLAG_CRAFTED","Crafted","Crafted","Vyrábí se","Herstellbar","Создаётся крафтом","Wytwarzany","Készíthető","Craftabile","Fabricable","Fabricable","可製作","クラフト品","Fabricável","可制作"
"VSTR_XMLE_FLAG_DELOOT","Event loot (deloot)","Event loot (deloot)","Loot z událostí (deloot)","Event-Loot (deloot)","Лут событий (deloot)","Loot z eventów (deloot)","Esemény-loot (deloot)","Loot degli eventi (deloot)","Botín de eventos (deloot)","Butin d'événement (deloot)","事件戰利品（deloot）","イベント戦利品（deloot）","Loot de eventos (deloot)","事件战利品（deloot）"
"VSTR_XMLE_CHIP_NONE","none","none","žádná","keine","нет","brak","nincs","nessuna","ninguna","aucune","無","なし","nenhuma","无"
"VSTR_XMLE_EFFECTIVE","effective %1 from %2","effective %1 from %2","platí %1 ze %2","wirksam %1 aus %2","действует %1 из %2","efektywnie %1 z %2","érvényes %1 innen: %2","effettivo %1 da %2","efectivo %1 de %2","effectif %1 depuis %2","實際值 %1，來自 %2","有効値 %1（%2 より）","efetivo %1 de %2","实际值 %1，来自 %2"
"VSTR_XMLE_EDITING_FMT","Editing in %1","Editing in %1","Úprava v %1","Bearbeitung in %1","Правка в %1","Edycja w %1","Szerkesztés itt: %1","Modifica in %1","Editando en %1","Modification dans %1","正在編輯 %1","%1 で編集中","Editando em %1","正在编辑 %1"
"VSTR_XMLE_DEF_WINS","wins","wins","platí","gewinnt","действует","wygrywa","nyer","prevale","gana","prioritaire","生效","有効","vence","生效"
"VSTR_XMLE_DEF_OVERRIDDEN","overridden","overridden","přepsáno","überlagert","перекрыт","nadpisane","felülírva","sostituito","anulado","remplacé","已覆寫","上書き済み","anulado","已覆盖"
"VSTR_XMLE_DEF_LINE","%1, line %2: %3","%1, line %2: %3","%1, řádek %2: %3","%1, Zeile %2: %3","%1, строка %2: %3","%1, wiersz %2: %3","%1, %2. sor: %3","%1, riga %2: %3","%1, línea %2: %3","%1, ligne %2 : %3","%1，第 %2 行：%3","%1、%2 行目: %3","%1, linha %2: %3","%1，第 %2 行：%3"
"VSTR_XMLE_UNSET","not set","not set","nenastaveno","nicht gesetzt","не задано","nie ustawiono","nincs megadva","non impostato","sin definir","non défini","未設定","未設定","não definido","未设置"
"VSTR_XMLE_WILL_REMOVE","will be removed","will be removed","bude odstraněno","wird entfernt","будет удалено","zostanie usunięte","el lesz távolítva","verrà rimosso","se eliminará","sera supprimé","將被移除","削除されます","será removido","将被移除"
"VSTR_XMLE_DIRTY_FMT","%1 unsaved change(s)","%1 unsaved change(s)","Neuložené změny: %1","%1 ungespeicherte Änderung(en)","Несохранённых изменений: %1","Niezapisane zmiany: %1","%1 mentetlen változás","%1 modifiche non salvate","%1 cambio(s) sin guardar","%1 modification(s) non enregistrée(s)","%1 項未儲存的變更","未保存の変更 %1 件","%1 alteração(ões) não salva(s)","%1 项未保存的更改"
"VSTR_XMLE_DIRTY_NONE","No unsaved changes","No unsaved changes","Žádné neuložené změny","Keine ungespeicherten Änderungen","Нет несохранённых изменений","Brak niezapisanych zmian","Nincs mentetlen változás","Nessuna modifica non salvata","No hay cambios sin guardar","Aucune modification non enregistrée","沒有未儲存的變更","未保存の変更はありません","Nenhuma alteração não salva","没有未保存的更改"
"VSTR_XMLE_BTN_SAVE","SAVE","SAVE","ULOŽIT","SPEICHERN","СОХРАНИТЬ","ZAPISZ","MENTÉS","SALVA","GUARDAR","ENREGISTRER","儲存","保存","SALVAR","保存"
"VSTR_XMLE_BTN_REVERT","REVERT TYPE","REVERT TYPE","VRÁTIT TYP","TYP ZURÜCKSETZEN","ОТКАТИТЬ ТИП","COFNIJ TYP","TÍPUS VISSZA","RIPRISTINA TIPO","REVERTIR TIPO","ANNULER LE TYPE","還原類型","タイプを戻す","REVERTER TIPO","还原类型"
"VSTR_XMLE_BTN_REVERT_ALL","DISCARD ALL","DISCARD ALL","ZAHODIT VŠE","ALLE VERWERFEN","СБРОСИТЬ ВСЁ","ODRZUĆ WSZYSTKO","ÖSSZES ELVETÉSE","SCARTA TUTTO","DESCARTAR TODO","TOUT ANNULER","全部捨棄","すべて破棄","DESCARTAR TUDO","全部放弃"
"VSTR_XMLE_NOTE_NO_CLEAR","An override cannot clear this list: the economy keeps the list from %1.","An override cannot clear this list: the economy keeps the list from %1.","Přepsání nemůže tento seznam vyprázdnit: ekonomika ponechá seznam z %1.","Eine Überschreibung kann diese Liste nicht leeren: Die Economy behält die Liste aus %1.","Переопределение не может очистить этот список: экономика сохранит список из %1.","Nadpisanie nie może wyczyścić tej listy: ekonomia zachowa listę z %1.","Egy felülírás nem ürítheti ki ezt a listát: a gazdaság megtartja a listát innen: %1.","Una sovrascrittura non può svuotare questo elenco: l'economia mantiene l'elenco di %1.","Una sobrescritura no puede vaciar esta lista: la economía mantiene la lista de %1.","Une surcharge ne peut pas vider cette liste : l'économie conserve la liste de %1.","覆寫無法清空此清單：經濟系統會保留 %1 中的清單。","上書きではこのリストを空にできません。エコノミーは %1 のリストを使い続けます。","Uma sobrescrita não pode esvaziar esta lista: a economia mantém a lista de %1.","覆盖无法清空此列表：经济系统会保留 %1 中的列表。"
"VSTR_XMLE_CONFLICT_NOTE","Someone else also changed this type after you staged your edit. Check it before saving.","Someone else also changed this type after you staged your edit. Check it before saving.","Někdo jiný tento typ také změnil poté, co sis připravil úpravu. Před uložením ho zkontroluj.","Jemand anderes hat diesen Typ ebenfalls geändert, nachdem du deine Änderung vorgemerkt hast. Prüfe ihn vor dem Speichern.","Кто-то другой тоже изменил этот тип после того, как вы подготовили правку. Проверьте его перед сохранением.","Ktoś inny również zmienił ten typ po przygotowaniu twojej zmiany. Sprawdź go przed zapisem.","Valaki más is módosította ezt a típust, miután előkészítetted a változtatásodat. Mentés előtt ellenőrizd.","Anche qualcun altro ha modificato questo tipo dopo che hai preparato la tua modifica. Controllalo prima di salvare.","Otra persona también cambió este tipo después de que prepararas tu edición. Revísalo antes de guardar.","Quelqu'un d'autre a aussi modifié ce type après la préparation de votre modification. Vérifiez-le avant d'enregistrer.","在你暫存編輯後，其他人也變更了此類型。儲存前請先檢查。","編集を準備した後に、他の人もこのタイプを変更しました。保存前に確認してください。","Outra pessoa também alterou este tipo depois que você preparou sua edição. Verifique-o antes de salvar.","在你暂存编辑后，其他人也更改了此类型。保存前请先检查。"
"VSTR_XMLE_SPAWN_NONE","Not listed in the spawnable types.","Not listed in the spawnable types.","Není uvedeno ve spawnable types.","Nicht in den Spawnable Types aufgeführt.","Отсутствует в spawnable types.","Brak w spawnable types.","Nem szerepel a spawnable types között.","Non presente negli spawnable types.","No figura en los spawnable types.","Absent des spawnable types.","未列於 spawnable types 中。","spawnable types に記載されていません。","Não consta nos spawnable types.","未列于 spawnable types 中。"
"VSTR_XMLE_SPAWN_DAMAGE","Damage %1 to %2","Damage %1 to %2","Poškození %1 až %2","Schaden %1 bis %2","Повреждение от %1 до %2","Uszkodzenie od %1 do %2","Sérülés: %1 – %2","Danno da %1 a %2","Daño de %1 a %2","Dégâts de %1 à %2","損壞 %1 至 %2","損傷 %1〜%2","Dano de %1 a %2","损坏 %1 至 %2"
"VSTR_XMLE_SPAWN_HOARDER","Hoarder only","Hoarder only","Jen do úložišť (hoarder)","Nur Hoarder","Только hoarder","Tylko hoarder","Csak hoarder","Solo hoarder","Solo hoarder","Hoarder uniquement","僅限 hoarder","hoarder のみ","Somente hoarder","仅限 hoarder"
"VSTR_XMLE_SPAWN_PARENTS","Can spawn on or in: %1","Can spawn on or in: %1","Může se spawnout na nebo v: %1","Kann an oder in spawnen: %1","Может появиться на или в: %1","Może pojawić się na lub w: %1","Megjelenhet ezeken vagy ezekben: %1","Può apparire su o in: %1","Puede aparecer en o dentro de: %1","Peut apparaître sur ou dans : %1","可生成於其上或其中：%1","付属または収納先: %1","Pode surgir em ou dentro de: %1","可生成于其上或其中：%1"
"VSTR_XMLE_NO_ISSUES","No issues.","No issues.","Žádné problémy.","Keine Probleme.","Проблем нет.","Brak problemów.","Nincs probléma.","Nessun problema.","Sin problemas.","Aucun problème.","沒有問題。","問題はありません。","Nenhum problema.","没有问题。"
"VSTR_XMLE_CONFIG_MISSING","Class not found in config: the economy skips it.","Class not found in config: the economy skips it.","Třída nebyla v configu nalezena: ekonomika ji přeskočí.","Klasse nicht in der Config gefunden: Die Economy überspringt sie.","Класс не найден в конфиге: экономика его пропускает.","Nie znaleziono klasy w configu: ekonomia ją pomija.","Az osztály nem található a configban: a gazdaság kihagyja.","Classe non trovata nel config: l'economia la ignora.","Clase no encontrada en el config: la economía la omite.","Classe introuvable dans la config : l'économie l'ignore.","在 config 中找不到此類別：經濟系統會略過它。","config にクラスが見つかりません。エコノミーはこれをスキップします。","Classe não encontrada no config: a economia a ignora.","在 config 中找不到此类：经济系统会跳过它。"
"VSTR_XMLE_UNIT_D","d","d","d","T","д","d","n","g","d","j","天","日","d","天"
"VSTR_XMLE_UNIT_H","h","h","h","Std","ч","h","ó","h","h","h","小時","時間","h","小时"
"VSTR_XMLE_UNIT_M","m","m","min","Min","мин","min","p","min","min","min","分","分","min","分"
"VSTR_XMLE_UNIT_S","s","s","s","s","с","s","mp","s","s","s","秒","秒","s","秒"
"VSTR_XMLE_DLG_SAVE_TITLE","Save changes","Save changes","Uložit změny","Änderungen speichern","Сохранить изменения","Zapisz zmiany","Változások mentése","Salva modifiche","Guardar cambios","Enregistrer les modifications","儲存變更","変更を保存","Salvar alterações","保存更改"
"VSTR_XMLE_DLG_SAVE_BODY","Save %1 change(s) to %2 file(s)? Each file is backed up first. The economy applies them after the next restart.","Save %1 change(s) to %2 file(s)? Each file is backed up first. The economy applies them after the next restart.","Uložit změny (%1) do souborů (%2)? Každý soubor se nejprve zálohuje. Ekonomika je použije po příštím restartu.","%1 Änderung(en) in %2 Datei(en) speichern? Jede Datei wird vorher gesichert. Die Economy übernimmt sie nach dem nächsten Neustart.","Сохранить изменения (%1) в файлах (%2)? Сначала для каждого файла создаётся резервная копия. Экономика применит их после следующего перезапуска.","Zapisać zmiany (%1) w plikach (%2)? Każdy plik zostanie najpierw zarchiwizowany. Ekonomia zastosuje je po następnym restarcie.","Menteni %1 változást %2 fájlba? Minden fájlról előbb biztonsági mentés készül. A gazdaság a következő újraindítás után alkalmazza őket.","Salvare %1 modifiche in %2 file? Di ogni file viene prima creato un backup. L'economia le applica dopo il prossimo riavvio.","¿Guardar %1 cambio(s) en %2 archivo(s)? Antes se hace una copia de seguridad de cada archivo. La economía los aplica tras el próximo reinicio.","Enregistrer %1 modification(s) dans %2 fichier(s) ? Chaque fichier est d'abord sauvegardé. L'économie les applique au prochain redémarrage.","要將 %1 項變更儲存到 %2 個檔案嗎？每個檔案都會先備份。經濟系統會在下次重新啟動後套用。","%1 件の変更を %2 個のファイルに保存しますか？各ファイルは先にバックアップされます。エコノミーは次回の再起動後に反映します。","Salvar %1 alteração(ões) em %2 arquivo(s)? Cada arquivo recebe um backup antes. A economia as aplica após o próximo reinício.","要将 %1 项更改保存到 %2 个文件吗？每个文件都会先备份。经济系统会在下次重启后应用。"
"VSTR_XMLE_DLG_REVERT_TITLE","Discard changes","Discard changes","Zahodit změny","Änderungen verwerfen","Отменить изменения","Odrzuć zmiany","Változások elvetése","Scarta modifiche","Descartar cambios","Annuler les modifications","捨棄變更","変更を破棄","Descartar alterações","放弃更改"
"VSTR_XMLE_DLG_REVERT_BODY","Discard all %1 unsaved change(s) in every file?","Discard all %1 unsaved change(s) in every file?","Zahodit všechny neuložené změny (%1) ve všech souborech?","Alle %1 ungespeicherten Änderung(en) in allen Dateien verwerfen?","Отменить все несохранённые изменения (%1) во всех файлах?","Odrzucić wszystkie niezapisane zmiany (%1) we wszystkich plikach?","Elveted mind a(z) %1 mentetlen változást minden fájlban?","Scartare tutte le %1 modifiche non salvate in ogni file?","¿Descartar los %1 cambio(s) sin guardar de todos los archivos?","Annuler les %1 modification(s) non enregistrée(s) dans tous les fichiers ?","要捨棄所有檔案中的 %1 項未儲存變更嗎？","すべてのファイルの未保存の変更 %1 件を破棄しますか？","Descartar todas as %1 alteração(ões) não salva(s) em todos os arquivos?","要放弃所有文件中的 %1 项未保存更改吗？"
"VSTR_XMLE_DLG_ADD_TITLE","Add type","Add type","Přidat typ","Typ hinzufügen","Добавить тип","Dodaj typ","Típus hozzáadása","Aggiungi tipo","Añadir tipo","Ajouter un type","新增類型","タイプを追加","Adicionar tipo","添加类型"
"VSTR_XMLE_DLG_ADD_BODY","Class name of the new type. It is added to %1 with nominal 0.","Class name of the new type. It is added to %1 with nominal 0.","Název třídy nového typu. Přidá se do %1 s nominalem 0.","Klassenname des neuen Typs. Er wird mit Nominal 0 zu %1 hinzugefügt.","Имя класса нового типа. Он будет добавлен в %1 с номиналом 0.","Nazwa klasy nowego typu. Zostanie dodany do %1 z nominałem 0.","Az új típus osztályneve. Névleges 0 értékkel kerül ide: %1.","Nome della classe del nuovo tipo. Viene aggiunto a %1 con nominale 0.","Nombre de clase del nuevo tipo. Se añade a %1 con nominal 0.","Nom de classe du nouveau type. Il est ajouté à %1 avec un nominal de 0.","新類型的類別名稱。它會以標稱 0 加入 %1。","新しいタイプのクラス名です。ノミナル 0 で %1 に追加されます。","Nome da classe do novo tipo. Ele é adicionado a %1 com nominal 0.","新类型的类名。它会以标称 0 添加到 %1。"
"VSTR_XMLE_DLG_DUP_TITLE","Duplicate type","Duplicate type","Duplikovat typ","Typ duplizieren","Дублировать тип","Duplikuj typ","Típus megkettőzése","Duplica tipo","Duplicar tipo","Dupliquer le type","複製類型","タイプを複製","Duplicar tipo","复制类型"
"VSTR_XMLE_DLG_DUP_BODY","Class name for the copy of %1.","Class name for the copy of %1.","Název třídy pro kopii %1.","Klassenname für die Kopie von %1.","Имя класса для копии %1.","Nazwa klasy dla kopii %1.","Osztálynév ennek a másolatához: %1.","Nome della classe per la copia di %1.","Nombre de clase para la copia de %1.","Nom de classe pour la copie de %1.","%1 副本的類別名稱。","%1 のコピーのクラス名です。","Nome da classe para a cópia de %1.","%1 副本的类名。"
"VSTR_XMLE_DLG_RENAME_TITLE","Rename type","Rename type","Přejmenovat typ","Typ umbenennen","Переименовать тип","Zmień nazwę typu","Típus átnevezése","Rinomina tipo","Renombrar tipo","Renommer le type","重新命名類型","タイプ名を変更","Renomear tipo","重命名类型"
"VSTR_XMLE_DLG_RENAME_BODY","New class name for %1. %2","New class name for %1. %2","Nový název třídy pro %1. %2","Neuer Klassenname für %1. %2","Новое имя класса для %1. %2","Nowa nazwa klasy dla %1. %2","Új osztálynév ehhez: %1. %2","Nuovo nome della classe per %1. %2","Nuevo nombre de clase para %1. %2","Nouveau nom de classe pour %1. %2","%1 的新類別名稱。%2","%1 の新しいクラス名です。%2","Novo nome da classe para %1. %2","%1 的新类名。%2"
"VSTR_XMLE_DLG_DELETE_TITLE","Delete type","Delete type","Smazat typ","Typ löschen","Удалить тип","Usuń typ","Típus törlése","Elimina tipo","Eliminar tipo","Supprimer le type","刪除類型","タイプを削除","Excluir tipo","删除类型"
"VSTR_XMLE_DLG_DELETE_BODY","Delete %1 from %2? A backup is made first. %3","Delete %1 from %2? A backup is made first. %3","Smazat %1 z %2? Nejprve se vytvoří záloha. %3","%1 aus %2 löschen? Vorher wird eine Sicherung angelegt. %3","Удалить %1 из %2? Сначала будет создана резервная копия. %3","Usunąć %1 z %2? Najpierw zostanie utworzona kopia zapasowa. %3","Törlöd ezt: %1, innen: %2? Előbb biztonsági mentés készül. %3","Eliminare %1 da %2? Prima viene creato un backup. %3","¿Eliminar %1 de %2? Antes se crea una copia de seguridad. %3","Supprimer %1 de %2 ? Une sauvegarde est créée d'abord. %3","要從 %2 刪除 %1 嗎？會先建立備份。%3","%2 から %1 を削除しますか？先にバックアップが作成されます。%3","Excluir %1 de %2? Antes é criado um backup. %3","要从 %2 删除 %1 吗？会先创建备份。%3"
"VSTR_XMLE_DLG_OTHER_DEFS","It is still defined in %1 other file(s).","It is still defined in %1 other file(s).","Stále je definován v dalších souborech: %1.","Er ist noch in %1 weiteren Datei(en) definiert.","Он всё ещё определён в других файлах: %1.","Nadal jest zdefiniowany w innych plikach: %1.","Még %1 másik fájlban definiálva van.","È ancora definito in %1 altri file.","Sigue definido en %1 archivo(s) más.","Il reste défini dans %1 autre(s) fichier(s).","它仍定義於其他 %1 個檔案中。","他の %1 個のファイルでまだ定義されています。","Ele ainda está definido em %1 outro(s) arquivo(s).","它仍定义于其他 %1 个文件中。"
"VSTR_XMLE_DLG_MOVE_TITLE","Move or copy","Move or copy","Přesunout nebo kopírovat","Verschieben oder kopieren","Переместить или скопировать","Przenieś lub kopiuj","Áthelyezés vagy másolás","Sposta o copia","Mover o copiar","Déplacer ou copier","移動或複製","移動またはコピー","Mover ou copiar","移动或复制"
"VSTR_XMLE_DLG_MOVE_BODY","Move %1 to %2? Choose NO to copy it instead. Effect of a move: %3","Move %1 to %2? Choose NO to copy it instead. Effect of a move: %3","Přesunout %1 do %2? Zvol NO, pokud ho chceš místo toho zkopírovat. Dopad přesunu: %3","%1 nach %2 verschieben? Wähle NO, um ihn stattdessen zu kopieren. Auswirkung des Verschiebens: %3","Переместить %1 в %2? Выберите NO, чтобы вместо этого скопировать. Результат перемещения: %3","Przenieść %1 do %2? Wybierz NO, aby zamiast tego go skopiować. Skutek przeniesienia: %3","Áthelyezed ezt: %1, ide: %2? Válaszd a NO gombot, ha inkább másolnád. Az áthelyezés hatása: %3","Spostare %1 in %2? Scegli NO per copiarlo invece. Effetto dello spostamento: %3","¿Mover %1 a %2? Elige NO para copiarlo en su lugar. Efecto de mover: %3","Déplacer %1 vers %2 ? Choisissez NO pour le copier à la place. Effet du déplacement : %3","要將 %1 移動到 %2 嗎？選擇 NO 則改為複製。移動的影響：%3","%1 を %2 に移動しますか？代わりにコピーする場合は NO を選びます。移動の影響: %3","Mover %1 para %2? Escolha NO para copiar em vez disso. Efeito da movimentação: %3","要将 %1 移动到 %2 吗？选择 NO 则改为复制。移动的影响：%3"
"VSTR_XMLE_DLG_OVERRIDE_TITLE","Override in another file","Override in another file","Přepsání v jiném souboru","Überschreibung in anderer Datei","Переопределение в другом файле","Nadpisanie w innym pliku","Felülírás másik fájlban","Sovrascrittura in un altro file","Sobrescritura en otro archivo","Surcharge dans un autre fichier","在其他檔案中覆寫","別ファイルでの上書き","Sobrescrita em outro arquivo","在其他文件中覆盖"
"VSTR_XMLE_DLG_OVERRIDE_BODY","%1 is already defined in %2. After this change the economy uses: %3. Continue?","%1 is already defined in %2. After this change the economy uses: %3. Continue?","%1 je již definován v %2. Po této změně ekonomika použije: %3. Pokračovat?","%1 ist bereits in %2 definiert. Nach dieser Änderung verwendet die Economy: %3. Fortfahren?","%1 уже определён в %2. После этого изменения экономика будет использовать: %3. Продолжить?","%1 jest już zdefiniowany w %2. Po tej zmianie ekonomia użyje: %3. Kontynuować?","%1 már definiálva van itt: %2. E változás után a gazdaság ezt használja: %3. Folytatod?","%1 è già definito in %2. Dopo questa modifica l'economia usa: %3. Continuare?","%1 ya está definido en %2. Tras este cambio la economía usará: %3. ¿Continuar?","%1 est déjà défini dans %2. Après ce changement, l'économie utilise : %3. Continuer ?","%1 已定義於 %2。變更後經濟系統將使用：%3。要繼續嗎？","%1 は既に %2 で定義されています。この変更後、エコノミーは次を使用します: %3。続行しますか？","%1 já está definido em %2. Após esta alteração a economia usará: %3. Continuar?","%1 已定义于 %2。更改后经济系统将使用：%3。要继续吗？"
"VSTR_XMLE_EFFECT_NONE","no change to the effective values","no change to the effective values","žádná změna účinných hodnot","keine Änderung der wirksamen Werte","действующие значения не меняются","brak zmian wartości efektywnych","a tényleges értékek nem változnak","nessuna modifica ai valori effettivi","sin cambios en los valores efectivos","aucun changement des valeurs effectives","實際值不變","有効値に変化なし","nenhuma mudança nos valores efetivos","实际值不变"
"VSTR_XMLE_DLG_PENDING_NOTE","%1 unsaved change(s) in this file are saved with this action.","%1 unsaved change(s) in this file are saved with this action.","Neuložené změny v tomto souboru (%1) se uloží spolu s touto akcí.","%1 ungespeicherte Änderung(en) in dieser Datei werden mit dieser Aktion gespeichert.","Несохранённые изменения в этом файле (%1) будут сохранены вместе с этим действием.","Niezapisane zmiany w tym pliku (%1) zostaną zapisane razem z tą akcją.","A fájl %1 mentetlen változása ezzel a művelettel együtt mentésre kerül.","Le %1 modifiche non salvate di questo file vengono salvate con questa azione.","Los %1 cambio(s) sin guardar de este archivo se guardan con esta acción.","Les %1 modification(s) non enregistrée(s) de ce fichier sont enregistrées avec cette action.","此檔案中 %1 項未儲存的變更會隨此動作一併儲存。","このファイルの未保存の変更 %1 件もこの操作で保存されます。","As %1 alteração(ões) não salva(s) deste arquivo são salvas com esta ação.","此文件中 %1 项未保存的更改会随此操作一并保存。"
"VSTR_XMLE_DLG_BULK_TITLE","Bulk edit","Bulk edit","Hromadná úprava","Massenbearbeitung","Массовая правка","Edycja zbiorcza","Csoportos szerkesztés","Modifica in blocco","Edición masiva","Édition groupée","批次編輯","一括編集","Edição em massa","批量编辑"
"VSTR_XMLE_DLG_BULK_BODY","Stage these changes for %1 type(s) (%2)? Nothing is written until you press SAVE.","Stage these changes for %1 type(s) (%2)? Nothing is written until you press SAVE.","Připravit tyto změny pro typy (%1) (%2)? Nic se nezapíše, dokud nestiskneš ULOŽIT.","Diese Änderungen für %1 Typ(en) vormerken (%2)? Geschrieben wird erst, wenn du SPEICHERN drückst.","Подготовить эти изменения для типов: %1 (%2)? Ничего не записывается, пока вы не нажмёте СОХРАНИТЬ.","Przygotować te zmiany dla typów: %1 (%2)? Nic nie zostanie zapisane, dopóki nie naciśniesz ZAPISZ.","Előkészíted ezeket a változásokat %1 típushoz (%2)? Semmi sem íródik ki, amíg meg nem nyomod a MENTÉS gombot.","Preparare queste modifiche per %1 tipi (%2)? Non viene scritto nulla finché non premi SALVA.","¿Preparar estos cambios para %1 tipo(s) (%2)? No se escribe nada hasta que pulses GUARDAR.","Préparer ces modifications pour %1 type(s) (%2) ? Rien n'est écrit tant que vous n'appuyez pas sur ENREGISTRER.","要為 %1 個類型暫存這些變更嗎（%2）？按下「儲存」前不會寫入任何內容。","%1 個のタイプにこれらの変更を準備しますか（%2）？「保存」を押すまで何も書き込まれません。","Preparar estas alterações para %1 tipo(s) (%2)? Nada é gravado até você clicar em SALVAR.","要为 %1 个类型暂存这些更改吗（%2）？按下“保存”前不会写入任何内容。"
"VSTR_XMLE_BULK_TITLE","BULK EDIT","BULK EDIT","HROMADNÁ ÚPRAVA","MASSENBEARBEITUNG","МАССОВАЯ ПРАВКА","EDYCJA ZBIORCZA","CSOPORTOS SZERKESZTÉS","MODIFICA IN BLOCCO","EDICIÓN MASIVA","ÉDITION GROUPÉE","批次編輯","一括編集","EDIÇÃO EM MASSA","批量编辑"
"VSTR_XMLE_BULK_COUNT","Applies to all %1 filtered type(s)","Applies to all %1 filtered type(s)","Platí pro všechny filtrované typy: %1","Gilt für alle %1 gefilterten Typ(en)","Применяется ко всем отфильтрованным типам: %1","Dotyczy wszystkich przefiltrowanych typów: %1","Mind a(z) %1 szűrt típusra vonatkozik","Si applica a tutti i %1 tipi filtrati","Se aplica a los %1 tipo(s) filtrados","S'applique aux %1 type(s) filtré(s)","套用至全部 %1 個篩選後的類型","絞り込まれた %1 個のタイプすべてに適用","Aplica-se a todos os %1 tipo(s) filtrado(s)","应用于全部 %1 个筛选后的类型"
"VSTR_XMLE_BULK_APPLY","STAGE CHANGES","STAGE CHANGES","PŘIPRAVIT ZMĚNY","VORMERKEN","ПОДГОТОВИТЬ","PRZYGOTUJ ZMIANY","ELŐKÉSZÍTÉS","PREPARA MODIFICHE","PREPARAR CAMBIOS","PRÉPARER","暫存變更","変更を準備","PREPARAR ALTERAÇÕES","暂存更改"
"VSTR_XMLE_BULK_RESET","RESET","RESET","RESET","ZURÜCKSETZEN","СБРОС","RESETUJ","ALAPHELYZET","RIPRISTINA","RESTABLECER","RÉINITIALISER","重設","リセット","REDEFINIR","重置"
"VSTR_XMLE_BULK_SET","Set","Set","Nastavit","Setzen","Задать","Ustaw","Beállít","Imposta","Fijar","Définir","設定","設定","Definir","设置"
"VSTR_XMLE_BULK_ADDN","Add","Add","Přičíst","Addieren","Прибавить","Dodaj","Hozzáad","Somma","Sumar","Ajouter","增加","加算","Somar","增加"
"VSTR_XMLE_BULK_SCALE","Scale","Scale","Škálovat","Skalieren","Масштаб","Skaluj","Skáláz","Scala","Escalar","Échelle","縮放","倍率","Escalar","缩放"
"VSTR_XMLE_BULK_SCALE_HINT","Scale takes a percentage: 150 multiplies by 1.5.","Scale takes a percentage: 150 multiplies by 1.5.","Škálování bere procenta: 150 násobí 1,5.","Skalieren erwartet Prozent: 150 multipliziert mit 1,5.","Масштаб задаётся в процентах: 150 умножает на 1,5.","Skalowanie przyjmuje procent: 150 mnoży przez 1,5.","A skálázás százalékot vár: a 150 1,5-tel szoroz.","Scala accetta una percentuale: 150 moltiplica per 1,5.","Escalar usa un porcentaje: 150 multiplica por 1,5.","Échelle prend un pourcentage : 150 multiplie par 1,5.","縮放使用百分比：150 表示乘以 1.5。","倍率はパーセントで指定します。150 は 1.5 倍です。","Escalar usa uma porcentagem: 150 multiplica por 1,5.","缩放使用百分比：150 表示乘以 1.5。"
"VSTR_XMLE_BULK_KEEP","keep","keep","ponechat","behalten","оставить","zachowaj","megtart","mantieni","mantener","garder","保留","維持","manter","保留"
"VSTR_XMLE_BULK_ON","on","on","zap","an","вкл","wł.","be","sì","sí","oui","開","オン","sim","开"
"VSTR_XMLE_BULK_OFF","off","off","vyp","aus","выкл","wył.","ki","no","no","non","關","オフ","não","关"
"VSTR_XMLE_BULK_LIST_HINT","Click a chip to cycle between keep, add and remove.","Click a chip to cycle between keep, add and remove.","Kliknutím na štítek přepínáš mezi ponechat, přidat a odebrat.","Klicke auf einen Chip, um zwischen behalten, hinzufügen und entfernen zu wechseln.","Щёлкните по метке, чтобы переключать: оставить, добавить, убрать.","Kliknij etykietę, aby przełączać: zachowaj, dodaj, usuń.","Kattints egy címkére a megtart, hozzáad és eltávolít közötti váltáshoz.","Fai clic su un'etichetta per alternare tra mantieni, aggiungi e rimuovi.","Haz clic en una etiqueta para alternar entre mantener, añadir y quitar.","Cliquez sur une pastille pour alterner entre garder, ajouter et retirer.","點擊標籤可在保留、加入、移除之間切換。","チップをクリックすると、維持・追加・削除を切り替えます。","Clique numa etiqueta para alternar entre manter, adicionar e remover.","点击标签可在保留、添加、移除之间切换。"
"VSTR_XMLE_BULK_NOTHING","Nothing to change: enable at least one field.","Nothing to change: enable at least one field.","Není co měnit: zapni alespoň jedno pole.","Nichts zu ändern: Aktiviere mindestens ein Feld.","Нечего менять: включите хотя бы одно поле.","Nie ma czego zmieniać: włącz co najmniej jedno pole.","Nincs mit módosítani: kapcsolj be legalább egy mezőt.","Niente da modificare: attiva almeno un campo.","Nada que cambiar: activa al menos un campo.","Rien à modifier : activez au moins un champ.","沒有要變更的內容：請至少啟用一個欄位。","変更する内容がありません。少なくとも 1 つの項目を有効にしてください。","Nada a alterar: ative pelo menos um campo.","没有要更改的内容：请至少启用一个字段。"
"VSTR_XMLE_BULK_TOO_MANY","%1 changes for %2 exceed the limit of %3 per save. Narrow the filter.","%1 changes for %2 exceed the limit of %3 per save. Narrow the filter.","%1 změn pro %2 překračuje limit %3 na jedno uložení. Zúži filtr.","%1 Änderungen für %2 überschreiten das Limit von %3 pro Speichervorgang. Grenze den Filter ein.","%1 изменений для %2 превышают лимит %3 на одно сохранение. Сузьте фильтр.","%1 zmian dla %2 przekracza limit %3 na jeden zapis. Zawęź filtr.","%1 változás ehhez: %2 meghaladja a mentésenkénti %3 korlátot. Szűkítsd a szűrőt.","%1 modifiche per %2 superano il limite di %3 per salvataggio. Restringi il filtro.","%1 cambios para %2 superan el límite de %3 por guardado. Acota el filtro.","%1 modifications pour %2 dépassent la limite de %3 par enregistrement. Affinez le filtre.","%2 的 %1 項變更超過每次儲存 %3 項的上限。請縮小篩選範圍。","%2 への変更 %1 件は、1 回の保存の上限 %3 件を超えています。フィルターを絞り込んでください。","%1 alterações para %2 excedem o limite de %3 por salvamento. Restrinja o filtro.","%2 的 %1 项更改超过每次保存 %3 项的上限。请缩小筛选范围。"
"VSTR_XMLE_BULK_SKIPPED","%1 type(s) are skipped because their file cannot be edited.","%1 type(s) are skipped because their file cannot be edited.","Typy (%1) se přeskočí, protože jejich soubor nelze upravit.","%1 Typ(en) werden übersprungen, weil ihre Datei nicht bearbeitet werden kann.","Типы (%1) пропущены, так как их файл нельзя изменить.","Typy (%1) zostaną pominięte, bo ich pliku nie można edytować.","%1 típus kimarad, mert a fájlja nem szerkeszthető.","%1 tipi vengono saltati perché il loro file non è modificabile.","Se omiten %1 tipo(s) porque su archivo no se puede editar.","%1 type(s) ignoré(s) car leur fichier n'est pas modifiable.","有 %1 個類型因其檔案無法編輯而被略過。","ファイルを編集できないため、%1 個のタイプをスキップします。","%1 tipo(s) ignorado(s) porque o arquivo não pode ser editado.","有 %1 个类型因其文件无法编辑而被跳过。"
"VSTR_XMLE_MAP_NOTYPE","Select a type to see where it can spawn.","Select a type to see where it can spawn.","Vyber typ a uvidíš, kde se může spawnout.","Wähle einen Typ, um zu sehen, wo er spawnen kann.","Выберите тип, чтобы увидеть, где он может появиться.","Wybierz typ, aby zobaczyć, gdzie może się pojawić.","Válassz egy típust, és megmutatjuk, hol jelenhet meg.","Seleziona un tipo per vedere dove può apparire.","Selecciona un tipo para ver dónde puede aparecer.","Sélectionnez un type pour voir où il peut apparaître.","選擇一個類型以查看它可能的生成位置。","タイプを選択すると、スポーンし得る場所が表示されます。","Selecione um tipo para ver onde ele pode surgir.","选择一个类型以查看它可能的生成位置。"
"VSTR_XMLE_LAYER_BUILDINGS","Buildings","Buildings","Budovy","Gebäude","Здания","Budynki","Épületek","Edifici","Edificios","Bâtiments","建築","建物","Edifícios","建筑"
"VSTR_XMLE_LAYER_EVENTOBJ","Event wrecks","Event wrecks","Vraky akcí","Event-Wracks","Обломки","Wraki eventu","Roncsok","Relitti","Restos (ev.)","Épaves","事件殘骸","イベント残骸","Destroços","事件残骸"
"VSTR_XMLE_LAYER_EVENTCHILD","Event spawns","Event spawns","Spawny akcí","Event-Spawns","Ивент-точки","Spawn eventu","Eseményhely","Spawn evento","Spawn evento","Spawns d'év.","事件生成點","イベント出現","Spawn evento","事件生成点"
"VSTR_XMLE_LAYER_INFECTED","Infected","Infected","Nakažení","Infizierte","Заражённые","Zarażeni","Fertőzöttek","Infetti","Infectados","Infectés","感染者","感染者","Infectados","感染者"
"VSTR_XMLE_LAYER_CLUSTERS","Trees, rocks","Trees, rocks","Stromy/skály","Bäume/Steine","Природа","Drzewa/skały","Fák, kövek","Alberi/rocce","Flora/rocas","Arbres/rocs","樹木、岩石","木・岩","Flora/rochas","树木、岩石"
"VSTR_XMLE_LAYER_DISPATCH","Wreck parts","Wreck parts","Díly vraků","Wrackteile","Запчасти","Części wraku","Alkatrészek","Ricambi","Piezas","Pièces épave","殘骸零件","残骸パーツ","Peças sucata","残骸零件"
"VSTR_XMLE_LAYER_LIVE","Live now","Live now","Nyní ve hře","Live jetzt","В мире","Teraz w grze","Jelenleg","Ora in gioco","En vivo","En direct","目前即時","現在の実体","Ao vivo","当前实时"
"VSTR_XMLE_LAYER_CONTAINERS","Inside items","Inside items","V předmětech","In Items","В предметах","Wewnątrz","Tárgyakban","In oggetti","En objetos","Dans objets","物品內","アイテム内","Em itens","物品内"
"VSTR_XMLE_TIER_1","T1","T1","T1","T1","T1","T1","T1","T1","T1","T1","T1","T1","T1","T1"
"VSTR_XMLE_TIER_2","T2","T2","T2","T2","T2","T2","T2","T2","T2","T2","T2","T2","T2","T2"
"VSTR_XMLE_TIER_3","T3","T3","T3","T3","T3","T3","T3","T3","T3","T3","T3","T3","T3","T3"
"VSTR_XMLE_TIER_4","T4","T4","T4","T4","T4","T4","T4","T4","T4","T4","T4","T4","T4","T4"
"VSTR_XMLE_TIER_U","U","U","U","U","U","U","U","U","U","U","U","U","U","U"
"VSTR_XMLE_MAP_BREAKDOWN","BREAKDOWN","BREAKDOWN","ROZPIS","AUFSCHLÜSSELUNG","РАЗБИВКА","ZESTAWIENIE","BONTÁS","DETTAGLIO","DESGLOSE","DÉTAIL","明細","内訳","DETALHAMENTO","明细"
"VSTR_XMLE_MAP_TP","TELEPORT","TELEPORT","TELEPORT","TELEPORT","ТЕЛЕПОРТ","TELEPORT","TELEPORT","TELEPORTA","TELEPORTAR","TÉLÉPORTER","傳送","テレポート","TELEPORTAR","传送"
"VSTR_XMLE_MAP_NEXT","NEXT","NEXT","DALŠÍ","WEITER","ДАЛЕЕ","DALEJ","KÖVETKEZŐ","SUCCESSIVO","SIGUIENTE","SUIVANT","下一個","次へ","PRÓXIMO","下一个"
"VSTR_XMLE_MAP_LIVESCAN","SCAN LIVE","SCAN LIVE","SKENOVAT ŽIVÉ","LIVE-SCAN","СКАН В МИРЕ","SKANUJ NA ŻYWO","ÉLŐ KERESÉS","SCANSIONE LIVE","ESCANEAR VIVO","SCANNER EN DIRECT","掃描即時物件","ライブスキャン","ESCANEAR AO VIVO","扫描实时物体"
"VSTR_XMLE_MAP_DEL_SEL","DELETE","DELETE","SMAZAT","LÖSCHEN","УДАЛИТЬ","USUŃ","TÖRLÉS","ELIMINA","ELIMINAR","SUPPRIMER","刪除","削除","EXCLUIR","删除"
"VSTR_XMLE_MAP_DEL_ALL","DELETE ALL","DELETE ALL","SMAZAT VŠE","ALLE ENTF.","УДАЛ. ВСЕ","USUŃ WSZ.","MIND TÖRÖL","CANC TUTTI","BORRA TODO","TOUT SUPPR","全部刪除","すべて削除","APAGA TUDO","全部删除"
"VSTR_XMLE_MAP_HUD_FMT","X %1  Z %2","X %1  Z %2","X %1  Z %2","X %1  Z %2","X %1  Z %2","X %1  Z %2","X %1  Z %2","X %1  Z %2","X %1  Z %2","X %1  Z %2","X %1  Z %2","X %1  Z %2","X %1  Z %2","X %1  Z %2"
"VSTR_XMLE_MAP_HUD_HINT","Double-click to teleport. Click a marker for details.","Double-click to teleport. Click a marker for details.","Dvojklikem se teleportuješ. Kliknutím na značku zobrazíš detaily.","Doppelklick teleportiert. Klick auf eine Markierung zeigt Details.","Двойной щелчок телепортирует. Щелчок по метке показывает детали.","Kliknij dwukrotnie, aby się teleportować. Kliknij znacznik, aby zobaczyć szczegóły.","Dupla kattintás: teleport. Kattints egy jelölőre a részletekért.","Doppio clic per teletrasportarti. Clic su un indicatore per i dettagli.","Doble clic para teletransportarte. Clic en un marcador para ver detalles.","Double-cliquez pour vous téléporter. Cliquez sur un marqueur pour les détails.","雙擊即可傳送。點擊標記可查看詳情。","ダブルクリックでテレポート。マーカーをクリックで詳細。","Clique duas vezes para teleportar. Clique num marcador para ver detalhes.","双击即可传送。点击标记可查看详情。"
"VSTR_XMLE_MAP_HUD_ITEM","%1 - %2 - %3 loot points","%1 - %2 - %3 loot points","%1 - %2 - bodů lootu: %3","%1 - %2 - %3 Loot-Punkte","%1 - %2 - точек лута: %3","%1 - %2 - punktów lootu: %3","%1 - %2 - %3 loot pont","%1 - %2 - %3 punti loot","%1 - %2 - %3 puntos de botín","%1 - %2 - %3 points de butin","%1 - %2 - %3 個戰利品點","%1 - %2 - 戦利品ポイント %3","%1 - %2 - %3 pontos de loot","%1 - %2 - %3 个战利品点"
"VSTR_XMLE_MAP_LEGEND","Few to many spawn places","Few to many spawn places","Málo až mnoho míst spawnu","Wenige bis viele Spawnorte","От малого до большого числа мест","Od kilku do wielu miejsc spawnu","Kevés és sok spawnhely között","Da pochi a molti punti di spawn","De pocos a muchos puntos de aparición","De peu à beaucoup d'emplacements","生成點由少到多","スポーン地点 少ない → 多い","De poucos a muitos pontos de surgimento","生成点由少到多"
"VSTR_XMLE_MAP_NOTE_NOTIERS","Map tiers are unavailable: tier filters are off and map-painted usages are not applied.","Map tiers are unavailable: tier filters are off and map-painted usages are not applied.","Tiery mapy nejsou k dispozici: filtry tierů jsou vypnuté a použití vykreslená do mapy se neuplatní.","Karten-Tiers sind nicht verfügbar: Tier-Filter sind aus, und auf der Karte gemalte Nutzungen werden nicht angewendet.","Тиры карты недоступны: фильтры тиров отключены, а нарисованные на карте зоны использования не учитываются.","Tiery mapy są niedostępne: filtry tierów są wyłączone, a użycia namalowane na mapie nie są stosowane.","A térkép tierjei nem érhetők el: a tier szűrők ki vannak kapcsolva, és a térképre festett használatok nem érvényesülnek.","I tier della mappa non sono disponibili: i filtri tier sono disattivati e gli usi dipinti sulla mappa non vengono applicati.","Los tiers del mapa no están disponibles: los filtros de tier están desactivados y no se aplican los usos pintados en el mapa.","Les tiers de carte sont indisponibles : les filtres de tier sont désactivés et les usages peints sur la carte ne sont pas appliqués.","地圖等級無法使用：等級篩選已關閉，也不會套用繪製在地圖上的用途。","マップのティアを利用できません。ティアフィルターはオフになり、マップに設定された用途も適用されません。","Os tiers do mapa não estão disponíveis: os filtros de tier estão desligados e os usos pintados no mapa não são aplicados.","地图等级无法使用：等级筛选已关闭，也不会应用绘制在地图上的用途。"
"VSTR_XMLE_MAP_NOTE_NOMINAL0","Nominal is 0: these are the places it would use if nominal were raised.","Nominal is 0: these are the places it would use if nominal were raised.","Nominal je 0: toto jsou místa, která by se použila, kdyby se nominal zvýšil.","Nominal ist 0: Das sind die Orte, die bei höherem Nominal genutzt würden.","Номинал равен 0: это места, которые использовались бы при повышении номинала.","Nominał wynosi 0: to miejsca, które byłyby użyte po zwiększeniu nominału.","A névleges érték 0: ezeket a helyeket használná, ha megemelnék.","Il nominale è 0: questi sono i punti che userebbe se il nominale venisse aumentato.","El nominal es 0: estos son los lugares que usaría si se aumentara el nominal.","Le nominal vaut 0 : voici les emplacements utilisés si le nominal était augmenté.","標稱為 0：這些是提高標稱後會使用的位置。","ノミナルが 0 です。ノミナルを上げた場合に使われる場所を表示しています。","O nominal é 0: estes são os locais que seriam usados se o nominal fosse aumentado.","标称为 0：这些是提高标称后会使用的位置。"
"VSTR_XMLE_MAP_NOTE_IGNORED","Listed in cfgignorelist.xml: the economy does not spawn it.","Listed in cfgignorelist.xml: the economy does not spawn it.","Uvedeno v cfgignorelist.xml: ekonomika ho nespawnuje.","In cfgignorelist.xml eingetragen: Die Economy spawnt es nicht.","Указан в cfgignorelist.xml: экономика его не спавнит.","Na liście cfgignorelist.xml: ekonomia go nie spawnuje.","Szerepel a cfgignorelist.xml fájlban: a gazdaság nem spawnolja.","Presente in cfgignorelist.xml: l'economia non lo genera.","Incluido en cfgignorelist.xml: la economía no lo genera.","Listé dans cfgignorelist.xml : l'économie ne le fait pas apparaître.","已列於 cfgignorelist.xml：經濟系統不會生成它。","cfgignorelist.xml に記載されています。エコノミーはスポーンしません。","Listado em cfgignorelist.xml: a economia não o gera.","已列于 cfgignorelist.xml：经济系统不会生成它。"
"VSTR_XMLE_MAP_NOTE_NOENTRY","No types entry: the economy does not spawn it on its own.","No types entry: the economy does not spawn it on its own.","Chybí záznam v types: ekonomika ho sama nespawnuje.","Kein Types-Eintrag: Die Economy spawnt es nicht von selbst.","Нет записи в types: экономика сама его не спавнит.","Brak wpisu w types: ekonomia sama go nie spawnuje.","Nincs types bejegyzés: a gazdaság magától nem spawnolja.","Nessuna voce nei types: l'economia non lo genera da sola.","Sin entrada en types: la economía no lo genera por sí sola.","Aucune entrée types : l'économie ne le fait pas apparaître d'elle-même.","沒有 types 項目：經濟系統不會自行生成它。","types のエントリがありません。エコノミーは単独ではスポーンしません。","Sem entrada em types: a economia não o gera por conta própria.","没有 types 条目：经济系统不会自行生成它。"
"VSTR_XMLE_MAP_NOTE_DELOOT","Event-only loot (deloot): it spawns at dynamic events, not in buildings.","Event-only loot (deloot): it spawns at dynamic events, not in buildings.","Loot jen z událostí (deloot): spawnuje se u dynamických událostí, ne v budovách.","Nur Event-Loot (deloot): Es spawnt bei dynamischen Events, nicht in Gebäuden.","Лут только событий (deloot): появляется на динамических событиях, а не в зданиях.","Loot tylko z eventów (deloot): pojawia się przy dynamicznych eventach, nie w budynkach.","Csak esemény-loot (deloot): dinamikus eseményeknél jelenik meg, nem épületekben.","Loot solo degli eventi (deloot): appare negli eventi dinamici, non negli edifici.","Botín solo de eventos (deloot): aparece en eventos dinámicos, no en edificios.","Butin d'événement uniquement (deloot) : il apparaît lors d'événements dynamiques, pas dans les bâtiments.","僅限事件戰利品（deloot）：只在動態事件中生成，不會出現在建築內。","イベント専用の戦利品（deloot）です。建物ではなく動的イベントでスポーンします。","Loot só de eventos (deloot): surge em eventos dinâmicos, não em edifícios.","仅限事件战利品（deloot）：只在动态事件中生成，不会出现在建筑内。"
"VSTR_XMLE_MAP_NOTE_RULES","Shows possible spawn places from the mission files, not probabilities. Some matching rules are inferred.","Shows possible spawn places from the mission files, not probabilities. Some matching rules are inferred.","Zobrazuje možná místa spawnu podle souborů mise, ne pravděpodobnosti. Některá pravidla shody jsou odvozená.","Zeigt mögliche Spawnorte aus den Missionsdateien, keine Wahrscheinlichkeiten. Einige Zuordnungsregeln sind abgeleitet.","Показывает возможные места спавна по файлам миссии, а не вероятности. Некоторые правила сопоставления выведены косвенно.","Pokazuje możliwe miejsca spawnu z plików misji, a nie prawdopodobieństwa. Część reguł dopasowania jest wywnioskowana.","A misszió fájljai alapján mutatja a lehetséges spawnhelyeket, nem valószínűségeket. Néhány egyezési szabály következtetésen alapul.","Mostra i possibili punti di spawn dai file della missione, non probabilità. Alcune regole di corrispondenza sono dedotte.","Muestra los posibles puntos de aparición según los archivos de la misión, no probabilidades. Algunas reglas de coincidencia son deducidas.","Affiche les emplacements d'apparition possibles d'après les fichiers de mission, pas des probabilités. Certaines règles de correspondance sont déduites.","依任務檔案顯示可能的生成位置，而非機率。部分比對規則為推斷而來。","ミッションファイルから可能なスポーン地点を表示します（確率ではありません）。一部の照合ルールは推定です。","Mostra os possíveis locais de surgimento a partir dos arquivos da missão, não probabilidades. Algumas regras de correspondência são deduzidas.","根据任务文件显示可能的生成位置，而非概率。部分匹配规则为推断而来。"
"VSTR_XMLE_MAP_NOTE_PLAYER","Also spawns around players through: %1","Also spawns around players through: %1","Spawnuje se také kolem hráčů přes: %1","Spawnt auch um Spieler herum über: %1","Также появляется вокруг игроков через: %1","Pojawia się też wokół graczy przez: %1","Játékosok körül is megjelenik ezeken keresztül: %1","Appare anche intorno ai giocatori tramite: %1","También aparece alrededor de los jugadores mediante: %1","Apparaît aussi autour des joueurs via : %1","也會透過以下事件在玩家周圍生成：%1","次のイベントでプレイヤーの周囲にもスポーンします: %1","Também surge ao redor dos jogadores por meio de: %1","也会通过以下事件在玩家周围生成：%1"
"VSTR_XMLE_MAP_NOTE_CAPPED","Too many results for single markers: showing grouped cells.","Too many results for single markers: showing grouped cells.","Příliš mnoho výsledků pro jednotlivé značky: zobrazují se seskupené buňky.","Zu viele Ergebnisse für einzelne Markierungen: Es werden gruppierte Zellen gezeigt.","Слишком много результатов для отдельных меток: показаны сгруппированные ячейки.","Zbyt wiele wyników na pojedyncze znaczniki: pokazano zgrupowane komórki.","Túl sok találat az egyedi jelölőkhöz: csoportosított cellák láthatók.","Troppi risultati per indicatori singoli: vengono mostrate celle raggruppate.","Demasiados resultados para marcadores individuales: se muestran celdas agrupadas.","Trop de résultats pour des marqueurs individuels : affichage de cellules groupées.","結果太多，無法逐一標記：改為顯示分組格。","結果が多すぎて個別のマーカーにできないため、グループ化したセルを表示しています。","Resultados demais para marcadores individuais: exibindo células agrupadas.","结果太多，无法逐一标记：改为显示分组格。"
"VSTR_XMLE_MAP_NOTHING","No spawn places found for this type.","No spawn places found for this type.","Pro tento typ nebyla nalezena žádná místa spawnu.","Für diesen Typ wurden keine Spawnorte gefunden.","Для этого типа мест спавна не найдено.","Nie znaleziono miejsc spawnu dla tego typu.","Ehhez a típushoz nem található spawnhely.","Nessun punto di spawn trovato per questo tipo.","No se encontraron puntos de aparición para este tipo.","Aucun emplacement d'apparition trouvé pour ce type.","找不到此類型的生成位置。","このタイプのスポーン地点は見つかりませんでした。","Nenhum local de surgimento encontrado para este tipo.","找不到此类型的生成位置。"
"VSTR_XMLE_MAP_LIVE_FMT","%1 live instance(s) found","%1 live instance(s) found","Nalezené živé instance: %1","%1 Live-Instanz(en) gefunden","Найдено экземпляров в мире: %1","Znalezione instancje w grze: %1","%1 élő példány található","%1 istanze in gioco trovate","%1 instancia(s) en vivo encontrada(s)","%1 instance(s) en direct trouvée(s)","找到 %1 個即時實體","ライブ実体が %1 個見つかりました","%1 instância(s) ao vivo encontrada(s)","找到 %1 个实时实体"
"VSTR_XMLE_MAP_LIVE_CAPPED","Showing the first %1 live instances.","Showing the first %1 live instances.","Zobrazuje se prvních %1 živých instancí.","Die ersten %1 Live-Instanzen werden angezeigt.","Показаны первые %1 экземпляров в мире.","Pokazano pierwsze %1 instancji w grze.","Az első %1 élő példány látható.","Vengono mostrate le prime %1 istanze in gioco.","Se muestran las primeras %1 instancias en vivo.","Affichage des %1 premières instances en direct.","顯示前 %1 個即時實體。","最初の %1 個のライブ実体を表示しています。","Exibindo as primeiras %1 instâncias ao vivo.","显示前 %1 个实时实体。"
"VSTR_XMLE_SCAN_WARNING","Scanning for buildings or wrecks checks every object on the map and can freeze the server for a moment. Continue?","Scanning for buildings or wrecks checks every object on the map and can freeze the server for a moment. Continue?","Hledání budov nebo vraků prověří každý objekt na mapě a může na chvíli zamrazit server. Pokračovat?","Die Suche nach Gebäuden oder Wracks prüft jedes Objekt der Karte und kann den Server kurz einfrieren. Fortfahren?","Поиск зданий или обломков проверяет каждый объект на карте и может ненадолго подвесить сервер. Продолжить?","Skanowanie budynków lub wraków sprawdza każdy obiekt na mapie i może na chwilę zamrozić serwer. Kontynuować?","Az épületek vagy roncsok keresése a térkép minden objektumát ellenőrzi, és egy pillanatra megakaszthatja a szervert. Folytatod?","La scansione di edifici o relitti controlla ogni oggetto della mappa e può bloccare il server per un attimo. Continuare?","Buscar edificios o restos revisa cada objeto del mapa y puede congelar el servidor un momento. ¿Continuar?","La recherche de bâtiments ou d'épaves vérifie chaque objet de la carte et peut figer le serveur un instant. Continuer ?","掃描建築或殘骸會檢查地圖上的每個物件，可能讓伺服器短暫停頓。要繼續嗎？","建物や残骸のスキャンはマップ上のすべてのオブジェクトを調べるため、サーバーが一瞬止まることがあります。続行しますか？","Escanear edifícios ou destroços verifica cada objeto do mapa e pode travar o servidor por um momento. Continuar?","扫描建筑或残骸会检查地图上的每个物体，可能让服务器短暂停顿。要继续吗？"
"VSTR_XMLE_DLG_DELLIVE_TITLE","Delete live items","Delete live items","Smazat živé předměty","Live-Items löschen","Удалить предметы в мире","Usuń przedmioty w grze","Élő tárgyak törlése","Elimina oggetti in gioco","Eliminar objetos en vivo","Supprimer les objets en direct","刪除即時物品","ライブアイテムを削除","Excluir itens ao vivo","删除实时物品"
"VSTR_XMLE_DLG_DELLIVE_BODY","Delete %1 live instance(s) of %2 from the world?","Delete %1 live instance(s) of %2 from the world?","Smazat ze světa živé instance %2 (%1)?","%1 Live-Instanz(en) von %2 aus der Welt löschen?","Удалить из мира экземпляры %2 (%1)?","Usunąć ze świata instancje %2 (%1)?","Törlöd a világból %2 %1 élő példányát?","Eliminare dal mondo %1 istanze di %2?","¿Eliminar del mundo %1 instancia(s) de %2?","Supprimer du monde %1 instance(s) de %2 ?","要從世界中刪除 %2 的 %1 個即時實體嗎？","ワールドから %2 のライブ実体 %1 個を削除しますか？","Excluir do mundo %1 instância(s) de %2?","要从世界中删除 %2 的 %1 个实时实体吗？"
"VSTR_XMLE_MAP_DELETED","%1 object(s) deleted.","%1 object(s) deleted.","Smazané objekty: %1.","%1 Objekt(e) gelöscht.","Удалено объектов: %1.","Usunięte obiekty: %1.","%1 objektum törölve.","%1 oggetti eliminati.","%1 objeto(s) eliminado(s).","%1 objet(s) supprimé(s).","已刪除 %1 個物件。","%1 個のオブジェクトを削除しました。","%1 objeto(s) excluído(s).","已删除 %1 个物体。"
"VSTR_XMLE_SUM_BUILDINGS","%1 buildings of %2 types, %3 loot points","%1 buildings of %2 types, %3 loot points","%1 budov z %2 typů, %3 bodů lootu","%1 Gebäude aus %2 Typen, %3 Loot-Punkte","Зданий: %1 (типов: %2), точек лута: %3","Budynki: %1 (typy: %2), punkty lootu: %3","%1 épület %2 típusból, %3 loot pont","%1 edifici di %2 tipi, %3 punti loot","%1 edificios de %2 tipos, %3 puntos de botín","%1 bâtiments de %2 types, %3 points de butin","%2 種建築共 %1 棟，%3 個戰利品點","%2 種類の建物 %1 棟、戦利品ポイント %3","%1 edifícios de %2 tipos, %3 pontos de loot","%2 种建筑共 %1 栋，%3 个战利品点"
"VSTR_XMLE_SUM_EVENTOBJ","%1 event wreck positions","%1 event wreck positions","%1 pozic vraků akcí","%1 Positionen von Event-Wracks","Позиций обломков: %1","Pozycje wraków eventów: %1","%1 esemény-roncs pozíció","%1 posizioni di relitti degli eventi","%1 posiciones de restos de eventos","%1 positions d'épaves d'événement","%1 個事件殘骸位置","イベント残骸の位置 %1 か所","%1 posições de destroços de eventos","%1 个事件残骸位置"
"VSTR_XMLE_SUM_EVENTCHILD","%1 event positions","%1 event positions","%1 pozic akcí","%1 Event-Positionen","Позиций событий: %1","Pozycje eventów: %1","%1 esemény pozíció","%1 posizioni degli eventi","%1 posiciones de eventos","%1 positions d'événement","%1 個事件位置","イベント位置 %1 か所","%1 posições de eventos","%1 个事件位置"
"VSTR_XMLE_SUM_INFECTED","%1 infected zones","%1 infected zones","%1 zón nakažených","%1 Infizierten-Zonen","Зон заражённых: %1","Strefy zarażonych: %1","%1 fertőzött zóna","%1 zone di infetti","%1 zonas de infectados","%1 zones d'infectés","%1 個感染者區域","感染者ゾーン %1 か所","%1 zonas de infectados","%1 个感染者区域"
"VSTR_XMLE_SUM_CLUSTERS","%1 trees, bushes or stones","%1 trees, bushes or stones","%1 stromů, keřů nebo kamenů","%1 Bäume, Büsche oder Steine","Деревьев, кустов или камней: %1","Drzewa, krzewy lub kamienie: %1","%1 fa, bokor vagy kő","%1 alberi, cespugli o pietre","%1 árboles, arbustos o piedras","%1 arbres, buissons ou pierres","%1 棵樹木、灌木或石頭","木・茂み・石 %1 個","%1 árvores, arbustos ou pedras","%1 个树木、灌木或石头"
"VSTR_XMLE_SUM_DISPATCH","%1 wreck part spots","%1 wreck part spots","%1 míst dílů vraků","%1 Stellen für Wrackteile","Мест запчастей: %1","Miejsca części wraków: %1","%1 alkatrész-lelőhely","%1 punti per ricambi","%1 puntos de piezas","%1 emplacements de pièces d'épave","%1 個殘骸零件點","残骸パーツの場所 %1 か所","%1 pontos de peças","%1 个残骸零件点"
"VSTR_XMLE_SUM_CONTAINERS","Spawns on or in %1 other types","Spawns on or in %1 other types","Spawnuje se na nebo v %1 jiných typech","Spawnt an oder in %1 anderen Typen","Появляется на или в других типах: %1","Pojawia się na lub w innych typach: %1","%1 másik típuson vagy abban jelenik meg","Appare su o in %1 altri tipi","Aparece en o dentro de %1 tipos más","Apparaît sur ou dans %1 autres types","會生成於其他 %1 種類型之上或之中","他の %1 タイプに付属または収納されて出現","Surge em ou dentro de %1 outros tipos","会生成于其他 %1 种类型之上或之中"
"VSTR_XMLE_STAGE_REGISTRY","Scanning mission files","Scanning mission files","Prohledávání souborů mise","Missionsdateien werden gescannt","Сканирование файлов миссии","Skanowanie plików misji","Misszió fájlok vizsgálata","Scansione dei file della missione","Analizando archivos de la misión","Analyse des fichiers de mission","正在掃描任務檔案","ミッションファイルをスキャン中","Verificando arquivos da missão","正在扫描任务文件"
"VSTR_XMLE_STAGE_TYPES","Indexing types","Indexing types","Indexování typů","Typen werden indiziert","Индексация типов","Indeksowanie typów","Típusok indexelése","Indicizzazione dei tipi","Indexando tipos","Indexation des types","正在建立類型索引","タイプをインデックス中","Indexando tipos","正在建立类型索引"
"VSTR_XMLE_STAGE_SPAWN_LIGHT","Reading events and spawnable types","Reading events and spawnable types","Čtení událostí a spawnable types","Events und Spawnable Types werden gelesen","Чтение событий и spawnable types","Wczytywanie eventów i spawnable types","Események és spawnable types beolvasása","Lettura di eventi e spawnable types","Leyendo eventos y spawnable types","Lecture des événements et des spawnable types","正在讀取事件與 spawnable types","イベントと spawnable types を読み込み中","Lendo eventos e spawnable types","正在读取事件与 spawnable types"
"VSTR_XMLE_STAGE_PROTO","Reading building loot","Reading building loot","Čtení lootu budov","Gebäude-Loot wird gelesen","Чтение лута зданий","Wczytywanie lootu budynków","Épület-loot beolvasása","Lettura del loot degli edifici","Leyendo el botín de edificios","Lecture du butin des bâtiments","正在讀取建築戰利品","建物の戦利品を読み込み中","Lendo o loot dos edifícios","正在读取建筑战利品"
"VSTR_XMLE_STAGE_POSITIONS","Reading building positions","Reading building positions","Čtení pozic budov","Gebäudepositionen werden gelesen","Чтение позиций зданий","Wczytywanie pozycji budynków","Épületpozíciók beolvasása","Lettura delle posizioni degli edifici","Leyendo posiciones de edificios","Lecture des positions des bâtiments","正在讀取建築位置","建物の位置を読み込み中","Lendo posições dos edifícios","正在读取建筑位置"
"VSTR_XMLE_STAGE_AREAFLAGS","Reading map tiers","Reading map tiers","Čtení tierů mapy","Karten-Tiers werden gelesen","Чтение тиров карты","Wczytywanie tierów mapy","Térkép tierek beolvasása","Lettura dei tier della mappa","Leyendo tiers del mapa","Lecture des tiers de carte","正在讀取地圖等級","マップのティアを読み込み中","Lendo tiers do mapa","正在读取地图等级"
"VSTR_XMLE_STAGE_CLUSTERS","Reading trees and stones","Reading trees and stones","Čtení stromů a kamenů","Bäume und Steine werden gelesen","Чтение деревьев и камней","Wczytywanie drzew i kamieni","Fák és kövek beolvasása","Lettura di alberi e pietre","Leyendo árboles y piedras","Lecture des arbres et des pierres","正在讀取樹木與石頭","木と石を読み込み中","Lendo árvores e pedras","正在读取树木与石头"
"VSTR_XMLE_STAGE_MATCH","Matching spawn places","Matching spawn places","Párování míst spawnu","Spawnorte werden abgeglichen","Сопоставление мест спавна","Dopasowywanie miejsc spawnu","Spawnhelyek egyeztetése","Abbinamento dei punti di spawn","Buscando puntos de aparición","Correspondance des emplacements","正在比對生成位置","スポーン地点を照合中","Buscando locais de surgimento","正在匹配生成位置"
"VSTR_XMLE_STAGE_SAVE","Saving","Saving","Ukládání","Speichern","Сохранение","Zapisywanie","Mentés","Salvataggio","Guardando","Enregistrement","儲存中","保存中","Salvando","保存中"
"VSTR_XMLE_STAGE_DIFF","Comparing","Comparing","Porovnávání","Vergleichen","Сравнение","Porównywanie","Összehasonlítás","Confronto","Comparando","Comparaison","比較中","比較中","Comparando","比较中"
"VSTR_XMLE_STAGE_ISSUES","Checking files","Checking files","Kontrola souborů","Dateien werden geprüft","Проверка файлов","Sprawdzanie plików","Fájlok ellenőrzése","Controllo dei file","Comprobando archivos","Vérification des fichiers","正在檢查檔案","ファイルを確認中","Verificando arquivos","正在检查文件"
"VSTR_XMLE_BK_TITLE","BACKUPS","BACKUPS","ZÁLOHY","SICHERUNGEN","РЕЗЕРВНЫЕ КОПИИ","KOPIE ZAPASOWE","BIZTONSÁGI MENTÉSEK","BACKUP","COPIAS DE SEGURIDAD","SAUVEGARDES","備份","バックアップ","BACKUPS","备份"
"VSTR_XMLE_BK_ALLFILES","All files","All files","Všechny soubory","Alle Dateien","Все файлы","Wszystkie pliki","Minden fájl","Tutti i file","Todos los archivos","Tous les fichiers","所有檔案","すべてのファイル","Todos os arquivos","所有文件"
"VSTR_XMLE_BK_SNAPSHOT","SNAPSHOT","SNAPSHOT","SNÍMEK","SNAPSHOT","СНИМОК","MIGAWKA","PILLANATKÉP","SNAPSHOT","CAPTURA","INSTANTANÉ","快照","スナップショット","SNAPSHOT","快照"
"VSTR_XMLE_BK_PIN","PIN","PIN","PŘIPNOUT","ANHEFTEN","ЗАКРЕПИТЬ","PRZYPNIJ","RÖGZÍT","FISSA","FIJAR","ÉPINGLER","釘選","固定","FIXAR","固定"
"VSTR_XMLE_BK_UNPIN","UNPIN","UNPIN","ODEPNOUT","LÖSEN","ОТКРЕПИТЬ","ODEPNIJ","FELOLD","SBLOCCA","DESFIJAR","DÉSÉPINGLER","取消釘選","固定解除","DESAFIXAR","取消固定"
"VSTR_XMLE_BK_RESTORE","RESTORE","RESTORE","OBNOVIT","ZURÜCKHOLEN","ВОССТАНОВИТЬ","PRZYWRÓĆ","VISSZAÁLLÍT","RIPRISTINA","RESTAURAR","RESTAURER","還原","復元","RESTAURAR","还原"
"VSTR_XMLE_BK_DELETE","DELETE","DELETE","SMAZAT","LÖSCHEN","УДАЛИТЬ","USUŃ","TÖRLÉS","ELIMINA","ELIMINAR","SUPPRIMER","刪除","削除","EXCLUIR","删除"
"VSTR_XMLE_BK_RETENTION","Keeping %1 per file, %2 days, %3 MB in total. Pinned backups are always kept.","Keeping %1 per file, %2 days, %3 MB in total. Pinned backups are always kept.","Uchovává se %1 na soubor, %2 dní, celkem %3 MB. Připnuté zálohy se uchovávají vždy.","Behalten werden %1 pro Datei, %2 Tage, insgesamt %3 MB. Angeheftete Sicherungen bleiben immer erhalten.","Хранится %1 на файл, %2 дн., всего %3 МБ. Закреплённые копии хранятся всегда.","Przechowywane: %1 na plik, %2 dni, łącznie %3 MB. Przypięte kopie są zawsze zachowywane.","Fájlonként %1, %2 nap, összesen %3 MB marad meg. A rögzített mentések mindig megmaradnak.","Si conservano %1 per file, %2 giorni, %3 MB in totale. I backup fissati vengono sempre conservati.","Se conservan %1 por archivo, %2 días, %3 MB en total. Las copias fijadas se conservan siempre.","Conservation : %1 par fichier, %2 jours, %3 Mo au total. Les sauvegardes épinglées sont toujours conservées.","每個檔案保留 %1 份、%2 天，總計 %3 MB。已釘選的備份一律保留。","ファイルごとに %1 件、%2 日、合計 %3 MB まで保持します。固定したバックアップは常に保持されます。","Mantendo %1 por arquivo, %2 dias, %3 MB no total. Backups fixados são sempre mantidos.","每个文件保留 %1 份、%2 天，总计 %3 MB。已固定的备份始终保留。"
"VSTR_XMLE_BK_DIFF","CHANGES","CHANGES","ZMĚNY","ÄNDERUNGEN","ИЗМЕНЕНИЯ","ZMIANY","VÁLTOZÁSOK","MODIFICHE","CAMBIOS","MODIFICATIONS","變更","変更点","ALTERAÇÕES","更改"
"VSTR_XMLE_BK_VS_CURRENT","vs current file","vs current file","vs. aktuální soubor","vs. aktuelle Datei","с текущим файлом","z bieżącym plikiem","a jelenlegihez képest","vs file attuale","vs archivo actual","vs fichier actuel","對比目前檔案","現在のファイルと比較","vs arquivo atual","对比当前文件"
"VSTR_XMLE_BK_VS_NEXT","changes after it","changes after it","změny po ní","Änderungen danach","изменения после неё","zmiany po niej","utána történt változások","modifiche successive","cambios posteriores","modifications suivantes","之後的變更","その後の変更","alterações posteriores","之后的更改"
"VSTR_XMLE_BK_SUMMARY","%1 added, %2 removed, %3 changed","%1 added, %2 removed, %3 changed","%1 přidáno, %2 odebráno, %3 změněno","%1 hinzugefügt, %2 entfernt, %3 geändert","добавлено: %1, удалено: %2, изменено: %3","dodano: %1, usunięto: %2, zmieniono: %3","%1 hozzáadva, %2 eltávolítva, %3 módosítva","%1 aggiunti, %2 rimossi, %3 modificati","%1 añadidos, %2 eliminados, %3 cambiados","%1 ajouté(s), %2 supprimé(s), %3 modifié(s)","新增 %1、移除 %2、變更 %3","追加 %1、削除 %2、変更 %3","%1 adicionados, %2 removidos, %3 alterados","新增 %1、移除 %2、更改 %3"
"VSTR_XMLE_BK_META","%1 by %2 (%3)","%1 by %2 (%3)","%1, autor %2 (%3)","%1 von %2 (%3)","%1, автор %2 (%3)","%1, autor: %2 (%3)","%1, készítette: %2 (%3)","%1 di %2 (%3)","%1 por %2 (%3)","%1 par %2 (%3)","%1，由 %2 建立（%3）","%1、%2 が作成（%3）","%1 por %2 (%3)","%1，由 %2 创建（%3）"
"VSTR_XMLE_BK_NOTE","Note: %1","Note: %1","Poznámka: %1","Notiz: %1","Заметка: %1","Notatka: %1","Megjegyzés: %1","Nota: %1","Nota: %1","Note : %1","備註：%1","メモ: %1","Nota: %1","备注：%1"
"VSTR_XMLE_BK_REASON_EDIT","before edit","before edit","před úpravou","vor Bearbeitung","перед правкой","przed edycją","szerkesztés előtt","prima della modifica","antes de editar","avant modification","編輯前","編集前","antes da edição","编辑前"
"VSTR_XMLE_BK_REASON_RESTORE","before restore","before restore","před obnovením","vor Wiederherstellung","перед восстановлением","przed przywróceniem","visszaállítás előtt","prima del ripristino","antes de restaurar","avant restauration","還原前","復元前","antes da restauração","还原前"
"VSTR_XMLE_BK_REASON_MANUAL","manual snapshot","manual snapshot","ruční snímek","manueller Snapshot","ручной снимок","ręczna migawka","kézi pillanatkép","snapshot manuale","instantánea manual","instantané manuel","手動快照","手動スナップショット","snapshot manual","手动快照"
"VSTR_XMLE_BK_REASON_BULK","before bulk edit","before bulk edit","před hromadnou úpravou","vor Massenbearbeitung","перед массовой правкой","przed edycją zbiorczą","csoportos szerkesztés előtt","prima della modifica in blocco","antes de edición masiva","avant édition groupée","批次編輯前","一括編集前","antes da edição em massa","批量编辑前"
"VSTR_XMLE_BK_REASON_STRUCT","before add, move or delete","before add, move or delete","před přidáním, přesunem nebo smazáním","vor Hinzufügen, Verschieben oder Löschen","перед добавлением, переносом или удалением","przed dodaniem, przeniesieniem lub usunięciem","hozzáadás, áthelyezés vagy törlés előtt","prima di aggiunta, spostamento o eliminazione","antes de añadir, mover o eliminar","avant ajout, déplacement ou suppression","新增、移動或刪除前","追加・移動・削除の前","antes de adicionar, mover ou excluir","添加、移动或删除前"
"VSTR_XMLE_BK_EMPTY","No backups yet. One is made before every save.","No backups yet. One is made before every save.","Zatím žádné zálohy. Jedna se vytvoří před každým uložením.","Noch keine Sicherungen. Vor jedem Speichern wird eine angelegt.","Резервных копий пока нет. Копия создаётся перед каждым сохранением.","Brak kopii zapasowych. Kopia powstaje przed każdym zapisem.","Még nincs biztonsági mentés. Minden mentés előtt készül egy.","Ancora nessun backup. Ne viene creato uno prima di ogni salvataggio.","Aún no hay copias de seguridad. Se crea una antes de cada guardado.","Aucune sauvegarde pour l'instant. Une sauvegarde est créée avant chaque enregistrement.","尚無備份。每次儲存前都會建立一份。","バックアップはまだありません。保存のたびに作成されます。","Ainda não há backups. Um é criado antes de cada salvamento.","暂无备份。每次保存前都会创建一份。"
"VSTR_XMLE_BK_SELECT","Select a backup to see its changes.","Select a backup to see its changes.","Vyber zálohu a uvidíš její změny.","Wähle eine Sicherung, um ihre Änderungen zu sehen.","Выберите копию, чтобы увидеть её изменения.","Wybierz kopię, aby zobaczyć jej zmiany.","Válassz egy mentést a változásai megtekintéséhez.","Seleziona un backup per vederne le modifiche.","Selecciona una copia para ver sus cambios.","Sélectionnez une sauvegarde pour voir ses modifications.","選擇一份備份以查看其變更。","バックアップを選択すると変更点が表示されます。","Selecione um backup para ver as alterações.","选择一份备份以查看其更改。"
"VSTR_XMLE_BK_SAME","No differences.","No differences.","Žádné rozdíly.","Keine Unterschiede.","Различий нет.","Brak różnic.","Nincs eltérés.","Nessuna differenza.","Sin diferencias.","Aucune différence.","沒有差異。","差分はありません。","Nenhuma diferença.","没有差异。"
"VSTR_XMLE_BK_TRUNCATED","Showing the first %1 differences.","Showing the first %1 differences.","Zobrazuje se prvních %1 rozdílů.","Die ersten %1 Unterschiede werden angezeigt.","Показаны первые %1 различий.","Pokazano pierwsze %1 różnic.","Az első %1 eltérés látható.","Vengono mostrate le prime %1 differenze.","Se muestran las primeras %1 diferencias.","Affichage des %1 premières différences.","顯示前 %1 項差異。","最初の %1 件の差分を表示しています。","Exibindo as primeiras %1 diferenças.","显示前 %1 项差异。"
"VSTR_XMLE_BK_LINES","Lines %1 to %2 differ","Lines %1 to %2 differ","Řádky %1 až %2 se liší","Zeilen %1 bis %2 unterscheiden sich","Строки с %1 по %2 различаются","Wiersze od %1 do %2 się różnią","A(z) %1–%2. sorok eltérnek","Le righe da %1 a %2 differiscono","Las líneas %1 a %2 difieren","Les lignes %1 à %2 diffèrent","第 %1 至 %2 行不同","%1〜%2 行目が異なります","As linhas %1 a %2 diferem","第 %1 至 %2 行不同"
"VSTR_XMLE_DIFF_ENTRY_ADDED","entry added","entry added","položka přidána","Eintrag hinzugefügt","запись добавлена","dodano wpis","bejegyzés hozzáadva","voce aggiunta","entrada añadida","entrée ajoutée","已新增項目","エントリ追加","entrada adicionada","已添加条目"
"VSTR_XMLE_DIFF_ENTRY_REMOVED","entry removed","entry removed","položka odebrána","Eintrag entfernt","запись удалена","usunięto wpis","bejegyzés eltávolítva","voce rimossa","entrada eliminada","entrée supprimée","已移除項目","エントリ削除","entrada removida","已移除条目"
"VSTR_XMLE_BK_CURRENT","current","current","aktuální","aktuell","текущий","bieżący","jelenlegi","attuale","actual","actuel","目前","現在","atual","当前"
"VSTR_XMLE_BK_PICK_FILE","Choose a file in the filter first.","Choose a file in the filter first.","Nejprve vyber soubor ve filtru.","Wähle zuerst eine Datei im Filter.","Сначала выберите файл в фильтре.","Najpierw wybierz plik w filtrze.","Előbb válassz egy fájlt a szűrőben.","Scegli prima un file nel filtro.","Elige primero un archivo en el filtro.","Choisissez d'abord un fichier dans le filtre.","請先在篩選中選擇檔案。","先にフィルターでファイルを選択してください。","Escolha primeiro um arquivo no filtro.","请先在筛选中选择文件。"
"VSTR_XMLE_DLG_RESTORE_TITLE","Restore backup","Restore backup","Obnovit zálohu","Sicherung wiederherstellen","Восстановить копию","Przywróć kopię","Mentés visszaállítása","Ripristina backup","Restaurar copia","Restaurer la sauvegarde","還原備份","バックアップを復元","Restaurar backup","还原备份"
"VSTR_XMLE_DLG_RESTORE_BODY","Replace %1 with the backup from %2? The current file is backed up first.","Replace %1 with the backup from %2? The current file is backed up first.","Nahradit %1 zálohou z %2? Aktuální soubor se nejprve zálohuje.","%1 durch die Sicherung vom %2 ersetzen? Die aktuelle Datei wird vorher gesichert.","Заменить %1 копией от %2? Сначала будет создана копия текущего файла.","Zastąpić %1 kopią z %2? Bieżący plik zostanie najpierw zarchiwizowany.","Lecseréled a(z) %1 fájlt a(z) %2 mentésre? Előbb a jelenlegi fájlról készül mentés.","Sostituire %1 con il backup del %2? Prima viene creato un backup del file attuale.","¿Reemplazar %1 con la copia de %2? Antes se hace una copia del archivo actual.","Remplacer %1 par la sauvegarde du %2 ? Le fichier actuel est d'abord sauvegardé.","要以 %2 的備份取代 %1 嗎？會先備份目前的檔案。","%1 を %2 のバックアップで置き換えますか？現在のファイルは先にバックアップされます。","Substituir %1 pelo backup de %2? O arquivo atual recebe um backup antes.","要以 %2 的备份替换 %1 吗？会先备份当前文件。"
"VSTR_XMLE_DLG_BKDEL_TITLE","Delete backups","Delete backups","Smazat zálohy","Sicherungen löschen","Удалить копии","Usuń kopie","Mentések törlése","Elimina backup","Eliminar copias","Supprimer les sauvegardes","刪除備份","バックアップを削除","Excluir backups","删除备份"
"VSTR_XMLE_DLG_BKDEL_BODY","Permanently delete %1 backup(s)? Pinned backups are kept.","Permanently delete %1 backup(s)? Pinned backups are kept.","Trvale smazat zálohy (%1)? Připnuté zálohy zůstanou.","%1 Sicherung(en) endgültig löschen? Angeheftete Sicherungen bleiben erhalten.","Удалить копии (%1) навсегда? Закреплённые копии сохранятся.","Trwale usunąć kopie (%1)? Przypięte kopie zostaną zachowane.","Véglegesen törlöd a(z) %1 mentést? A rögzített mentések megmaradnak.","Eliminare definitivamente %1 backup? I backup fissati vengono conservati.","¿Eliminar definitivamente %1 copia(s)? Las copias fijadas se conservan.","Supprimer définitivement %1 sauvegarde(s) ? Les sauvegardes épinglées sont conservées.","要永久刪除 %1 份備份嗎？已釘選的備份會保留。","%1 件のバックアップを完全に削除しますか？固定したバックアップは残ります。","Excluir permanentemente %1 backup(s)? Backups fixados são mantidos.","要永久删除 %1 份备份吗？已固定的备份会保留。"
"VSTR_XMLE_DLG_SNAPSHOT_TITLE","Snapshot","Snapshot","Snímek","Snapshot","Снимок","Migawka","Pillanatkép","Snapshot","Instantánea","Instantané","快照","スナップショット","Snapshot","快照"
"VSTR_XMLE_DLG_SNAPSHOT_BODY","Optional note for this snapshot of %1.","Optional note for this snapshot of %1.","Volitelná poznámka ke snímku %1.","Optionale Notiz für diesen Snapshot von %1.","Необязательная заметка к снимку %1.","Opcjonalna notatka do migawki %1.","Nem kötelező megjegyzés a(z) %1 pillanatképéhez.","Nota facoltativa per questo snapshot di %1.","Nota opcional para esta instantánea de %1.","Note facultative pour cet instantané de %1.","%1 此快照的備註（選填）。","%1 のこのスナップショットのメモ（任意）。","Nota opcional para este snapshot de %1.","%1 此快照的备注（可选）。"
"VSTR_XMLE_BK_RESTORED","Restored %1. It applies after the next restart.","Restored %1. It applies after the next restart.","Obnoveno: %1. Projeví se po příštím restartu.","%1 wiederhergestellt. Gilt nach dem nächsten Neustart.","Восстановлено: %1. Вступит в силу после следующего перезапуска.","Przywrócono %1. Zadziała po następnym restarcie.","%1 visszaállítva. A következő újraindítás után lép életbe.","%1 ripristinato. Vale dopo il prossimo riavvio.","%1 restaurado. Se aplica tras el próximo reinicio.","%1 restauré. S'applique après le prochain redémarrage.","已還原 %1。會在下次重新啟動後生效。","%1 を復元しました。次回の再起動後に反映されます。","%1 restaurado. Vale após o próximo reinício.","已还原 %1。会在下次重启后生效。"
"VSTR_XMLE_BK_DELETED","%1 backup(s) deleted.","%1 backup(s) deleted.","Smazané zálohy: %1.","%1 Sicherung(en) gelöscht.","Удалено копий: %1.","Usunięte kopie: %1.","%1 mentés törölve.","%1 backup eliminati.","%1 copia(s) eliminada(s).","%1 sauvegarde(s) supprimée(s).","已刪除 %1 份備份。","%1 件のバックアップを削除しました。","%1 backup(s) excluído(s).","已删除 %1 份备份。"
"VSTR_XMLE_BK_CREATED","Snapshot created.","Snapshot created.","Snímek vytvořen.","Snapshot erstellt.","Снимок создан.","Utworzono migawkę.","A pillanatkép elkészült.","Snapshot creato.","Instantánea creada.","Instantané créé.","已建立快照。","スナップショットを作成しました。","Snapshot criado.","已创建快照。"
"VSTR_XMLE_BK_PINNED","Backup pinned.","Backup pinned.","Záloha připnuta.","Sicherung angeheftet.","Копия закреплена.","Kopia przypięta.","Mentés rögzítve.","Backup fissato.","Copia fijada.","Sauvegarde épinglée.","已釘選備份。","バックアップを固定しました。","Backup fixado.","已固定备份。"
"VSTR_XMLE_BK_UNPINNED","Backup unpinned.","Backup unpinned.","Záloha odepnuta.","Sicherung gelöst.","Копия откреплена.","Kopia odpięta.","Mentés rögzítése feloldva.","Backup sbloccato.","Copia desfijada.","Sauvegarde désépinglée.","已取消釘選備份。","バックアップの固定を解除しました。","Backup desafixado.","已取消固定备份。"
"VSTR_XMLE_FILES_TITLE","MISSION FILES","MISSION FILES","SOUBORY MISE","MISSIONSDATEIEN","ФАЙЛЫ МИССИИ","PLIKI MISJI","MISSZIÓ FÁJLJAI","FILE DELLA MISSIONE","ARCHIVOS DE MISIÓN","FICHIERS DE MISSION","任務檔案","ミッションファイル","ARQUIVOS DA MISSÃO","任务文件"
"VSTR_XMLE_FILES_LEGEND","Only types files can be edited in this version. The other files feed the map and the checks.","Only types files can be edited in this version. The other files feed the map and the checks.","V této verzi lze upravovat jen soubory typů. Ostatní soubory slouží mapě a kontrolám.","In dieser Version sind nur Types-Dateien bearbeitbar. Die übrigen Dateien speisen die Karte und die Prüfungen.","В этой версии можно редактировать только файлы типов. Остальные файлы используются картой и проверками.","W tej wersji można edytować tylko pliki typów. Pozostałe pliki zasilają mapę i kontrole.","Ebben a verzióban csak a types fájlok szerkeszthetők. A többi fájl a térképet és az ellenőrzéseket szolgálja.","In questa versione si possono modificare solo i file dei tipi. Gli altri file alimentano la mappa e i controlli.","En esta versión solo se pueden editar los archivos de tipos. Los demás alimentan el mapa y las comprobaciones.","Dans cette version, seuls les fichiers types sont modifiables. Les autres fichiers alimentent la carte et les vérifications.","此版本只能編輯 types 檔案。其他檔案用於地圖與檢查。","このバージョンで編集できるのは types ファイルのみです。その他のファイルはマップとチェックに使われます。","Nesta versão só os arquivos de tipos podem ser editados. Os outros arquivos alimentam o mapa e as verificações.","此版本只能编辑 types 文件。其他文件用于地图与检查。"
"VSTR_XMLE_EOL_BINARY","Line endings are kept exactly as they are.","Line endings are kept exactly as they are.","Konce řádků zůstávají přesně tak, jak jsou.","Zeilenenden bleiben genau so erhalten.","Окончания строк сохраняются без изменений.","Znaki końca wiersza pozostają bez zmian.","A sorvégek pontosan megmaradnak.","I fine riga restano esattamente come sono.","Los finales de línea se conservan tal cual.","Les fins de ligne sont conservées telles quelles.","換行符號會完全保持原樣。","改行コードはそのまま保持されます。","As quebras de linha são mantidas exatamente como estão.","换行符会完全保持原样。"
"VSTR_XMLE_EOL_CRLF","This server writes CRLF line endings: saved files use CRLF.","This server writes CRLF line endings: saved files use CRLF.","Tento server zapisuje konce řádků CRLF: uložené soubory používají CRLF.","Dieser Server schreibt CRLF-Zeilenenden: Gespeicherte Dateien nutzen CRLF.","Этот сервер записывает окончания строк CRLF: сохранённые файлы используют CRLF.","Ten serwer zapisuje końce wierszy CRLF: zapisane pliki używają CRLF.","Ez a szerver CRLF sorvégeket ír: a mentett fájlok CRLF-et használnak.","Questo server scrive fine riga CRLF: i file salvati usano CRLF.","Este servidor escribe finales de línea CRLF: los archivos guardados usan CRLF.","Ce serveur écrit des fins de ligne CRLF : les fichiers enregistrés utilisent CRLF.","此伺服器寫入 CRLF 換行：儲存的檔案使用 CRLF。","このサーバーは CRLF 改行で書き込みます。保存されたファイルは CRLF になります。","Este servidor grava quebras de linha CRLF: os arquivos salvos usam CRLF.","此服务器写入 CRLF 换行：保存的文件使用 CRLF。"
"VSTR_XMLE_EOL_LF","This server reads files without CR: saved files use LF.","This server reads files without CR: saved files use LF.","Tento server čte soubory bez CR: uložené soubory používají LF.","Dieser Server liest Dateien ohne CR: Gespeicherte Dateien nutzen LF.","Этот сервер читает файлы без CR: сохранённые файлы используют LF.","Ten serwer czyta pliki bez CR: zapisane pliki używają LF.","Ez a szerver CR nélkül olvassa a fájlokat: a mentett fájlok LF-et használnak.","Questo server legge i file senza CR: i file salvati usano LF.","Este servidor lee los archivos sin CR: los archivos guardados usan LF.","Ce serveur lit les fichiers sans CR : les fichiers enregistrés utilisent LF.","此伺服器讀取檔案時不含 CR：儲存的檔案使用 LF。","このサーバーは CR なしでファイルを読み込みます。保存されたファイルは LF になります。","Este servidor lê arquivos sem CR: os arquivos salvos usam LF.","此服务器读取文件时不含 CR：保存的文件使用 LF。"
"VSTR_XMLE_EOL_UNKNOWN","The line-ending check failed. Saves are still verified.","The line-ending check failed. Saves are still verified.","Kontrola konců řádků selhala. Uložení se přesto ověřují.","Die Prüfung der Zeilenenden ist fehlgeschlagen. Speichervorgänge werden trotzdem verifiziert.","Проверка окончаний строк не удалась. Сохранения всё равно проверяются.","Sprawdzenie końców wierszy nie powiodło się. Zapisy są nadal weryfikowane.","A sorvégek ellenőrzése nem sikerült. A mentések ellenőrzése továbbra is megtörténik.","Il controllo dei fine riga non è riuscito. I salvataggi vengono comunque verificati.","La comprobación de finales de línea falló. Los guardados se siguen verificando.","La vérification des fins de ligne a échoué. Les enregistrements restent vérifiés.","換行檢查失敗。儲存仍會經過驗證。","改行コードの確認に失敗しました。保存は引き続き検証されます。","A verificação de quebras de linha falhou. Os salvamentos continuam sendo verificados.","换行检查失败。保存仍会经过验证。"
"VSTR_XMLE_NOTE_EOL_CRLF","This server writes CRLF line endings, so the saved file now uses CRLF.","This server writes CRLF line endings, so the saved file now uses CRLF.","Tento server zapisuje konce řádků CRLF, takže uložený soubor nyní používá CRLF.","Dieser Server schreibt CRLF-Zeilenenden, daher nutzt die gespeicherte Datei jetzt CRLF.","Этот сервер записывает окончания строк CRLF, поэтому сохранённый файл теперь использует CRLF.","Ten serwer zapisuje końce wierszy CRLF, więc zapisany plik używa teraz CRLF.","Ez a szerver CRLF sorvégeket ír, ezért a mentett fájl mostantól CRLF-et használ.","Questo server scrive fine riga CRLF, quindi il file salvato ora usa CRLF.","Este servidor escribe finales de línea CRLF, así que el archivo guardado ahora usa CRLF.","Ce serveur écrit des fins de ligne CRLF : le fichier enregistré utilise désormais CRLF.","此伺服器寫入 CRLF 換行，因此儲存的檔案現在使用 CRLF。","このサーバーは CRLF 改行で書き込むため、保存したファイルは CRLF になりました。","Este servidor grava quebras de linha CRLF, então o arquivo salvo agora usa CRLF.","此服务器写入 CRLF 换行，因此保存的文件现在使用 CRLF。"
"VSTR_XMLE_ISS_TITLE","ISSUES","ISSUES","PROBLÉMY","PROBLEME","ПРОБЛЕМЫ","PROBLEMY","PROBLÉMÁK","PROBLEMI","PROBLEMAS","PROBLÈMES","問題","問題","PROBLEMAS","问题"
"VSTR_XMLE_ISS_COUNT","%1 errors, %2 warnings, %3 notes","%1 errors, %2 warnings, %3 notes","chyby: %1, varování: %2, poznámky: %3","%1 Fehler, %2 Warnungen, %3 Hinweise","ошибок: %1, предупреждений: %2, заметок: %3","błędy: %1, ostrzeżenia: %2, uwagi: %3","%1 hiba, %2 figyelmeztetés, %3 megjegyzés","%1 errori, %2 avvisi, %3 note","%1 errores, %2 avisos, %3 notas","%1 erreurs, %2 avertissements, %3 notes","%1 個錯誤、%2 個警告、%3 個提示","エラー %1、警告 %2、メモ %3","%1 erros, %2 avisos, %3 notas","%1 个错误、%2 个警告、%3 个提示"
"VSTR_XMLE_ISS_HINT","Double-click a types issue to open that type.","Double-click a types issue to open that type.","Dvojklikem na problém v types otevřeš daný typ.","Doppelklick auf ein Types-Problem öffnet diesen Typ.","Двойной щелчок по проблеме в types открывает этот тип.","Kliknij dwukrotnie problem z types, aby otworzyć ten typ.","Dupla kattintás egy types problémára megnyitja az adott típust.","Doppio clic su un problema dei tipi per aprire quel tipo.","Doble clic en un problema de tipos para abrir ese tipo.","Double-cliquez sur un problème types pour ouvrir ce type.","雙擊 types 問題即可開啟該類型。","types の問題をダブルクリックすると、そのタイプを開きます。","Clique duas vezes num problema de tipos para abrir esse tipo.","双击 types 问题即可打开该类型。"
"VSTR_XMLE_ISS_SEV_ALL","All severities","All severities","Všechny závažnosti","Alle Schweregrade","Все уровни","Wszystkie poziomy","Minden súlyosság","Tutte le gravità","Todas las gravedades","Toutes les gravités","所有嚴重度","すべての重要度","Todas as gravidades","所有严重度"
"VSTR_XMLE_ISS_SEV_ERR","Errors only","Errors only","Jen chyby","Nur Fehler","Только ошибки","Tylko błędy","Csak hibák","Solo errori","Solo errores","Erreurs seulement","僅錯誤","エラーのみ","Somente erros","仅错误"
"VSTR_XMLE_ISS_SEV_WARN","Warnings and errors","Warnings and errors","Varování a chyby","Warnungen und Fehler","Предупреждения и ошибки","Ostrzeżenia i błędy","Figyelmeztetések és hibák","Avvisi ed errori","Avisos y errores","Avertissements et erreurs","警告與錯誤","警告とエラー","Avisos e erros","警告与错误"
"VSTR_XMLE_ISS_NONE","No issues found.","No issues found.","Nebyly nalezeny žádné problémy.","Keine Probleme gefunden.","Проблем не найдено.","Nie znaleziono problemów.","Nem található probléma.","Nessun problema trovato.","No se encontraron problemas.","Aucun problème trouvé.","未發現問題。","問題は見つかりませんでした。","Nenhum problema encontrado.","未发现问题。"
"VSTR_XMLE_SEV_ERROR","ERROR","ERROR","CHYBA","FEHLER","ОШИБКА","BŁĄD","HIBA","ERRORE","ERROR","ERREUR","錯誤","エラー","ERRO","错误"
"VSTR_XMLE_SEV_WARNING","WARN","WARN","VAROV.","WARNUNG","ПРЕДУПР.","OSTRZ.","FIGY.","AVVISO","AVISO","ALERTE","警告","警告","AVISO","警告"
"VSTR_XMLE_SEV_INFO","NOTE","NOTE","POZN.","HINWEIS","ЗАМЕТКА","UWAGA","MEGJ.","NOTA","NOTA","NOTE","提示","メモ","NOTA","提示"
"VSTR_XMLE_KIND_TYPES","Types","Types","Typy","Typen","Типы","Typy","Típusok","Tipi","Tipos","Types","類型","タイプ","Tipos","类型"
"VSTR_XMLE_KIND_GLOBALS","Globals","Globals","Globální","Globals","Глобальные","Globalne","Globális","Globali","Globales","Globales","全域","グローバル","Globais","全局"
"VSTR_XMLE_KIND_ECONOMY","Economy","Economy","Ekonomika","Ökonomie","Экономика","Ekonomia","Gazdaság","Economia","Economía","Économie","經濟","エコノミー","Economia","经济"
"VSTR_XMLE_KIND_MESSAGES","Messages","Messages","Zprávy","Nachrichten","Сообщения","Wiadomości","Üzenetek","Messaggi","Mensajes","Messages","訊息","メッセージ","Mensagens","消息"
"VSTR_XMLE_KIND_EVENTS","Events","Events","Události","Events","События","Eventy","Események","Eventi","Eventos","Événements","事件","イベント","Eventos","事件"
"VSTR_XMLE_KIND_SPAWNABLE","Spawnable types","Spawnable types","Spawnovatelné typy","Spawnbare Typen","Спавн-типы","Typy spawnu","Spawnolható típusok","Tipi generabili","Tipos generables","Types d'apparition","可生成類型","スポーン可能タイプ","Tipos geráveis","可生成类型"
"VSTR_XMLE_KIND_PRESETS","Random presets","Random presets","Náhodné presety","Zufallspresets","Случайные пресеты","Losowe presety","Véletlen presetek","Preset casuali","Presets aleatorios","Presets aléatoires","隨機預設組","ランダムプリセット","Presets aleatórios","随机预设组"
"VSTR_XMLE_KIND_CORE","Economy core","Economy core","Jádro ekonomiky","Economy-Kern","Ядро экономики","Rdzeń ekonomii","Gazdasági mag","Nucleo economia","Núcleo de economía","Noyau de l'économie","經濟核心","エコノミーコア","Núcleo da economia","经济核心"
"VSTR_XMLE_KIND_LIMITS","Limits","Limits","Limity","Limits","Лимиты","Limity","Korlátok","Limiti","Límites","Limites","限制定義","制限定義","Limites","限制定义"
"VSTR_XMLE_KIND_LIMITSUSER","User limits","User limits","Uživatelské limity","Benutzer-Limits","Пользовательские лимиты","Limity użytkownika","Felhasználói korlátok","Limiti utente","Límites de usuario","Limites utilisateur","使用者限制","ユーザー制限","Limites de usuário","用户限制"
"VSTR_XMLE_KIND_IGNORE","Ignore list","Ignore list","Seznam ignorovaných","Ignorierliste","Список игнорирования","Lista ignorowanych","Kihagyási lista","Lista ignorati","Lista de ignorados","Liste d'exclusion","忽略清單","除外リスト","Lista de ignorados","忽略列表"
"VSTR_XMLE_KIND_EVSPAWNS","Event spawns","Event spawns","Spawny událostí","Event-Spawns","Точки событий","Spawny eventów","Esemény spawnok","Spawn degli eventi","Puntos de eventos","Points d'événement","事件生成點","イベント出現地点","Spawns de eventos","事件生成点"
"VSTR_XMLE_KIND_EVGROUPS","Event groups","Event groups","Skupiny událostí","Event-Gruppen","Группы событий","Grupy eventów","Eseménycsoportok","Gruppi di eventi","Grupos de eventos","Groupes d'événements","事件群組","イベントグループ","Grupos de eventos","事件组"
"VSTR_XMLE_KIND_PLAYERSPAWNS","Player spawns","Player spawns","Spawny hráčů","Spieler-Spawns","Точки появления игроков","Spawny graczy","Játékos spawnok","Spawn dei giocatori","Apariciones de jugadores","Apparitions des joueurs","玩家出生點","プレイヤー出現地点","Spawns de jogadores","玩家出生点"
"VSTR_XMLE_KIND_WEATHER","Weather","Weather","Počasí","Wetter","Погода","Pogoda","Időjárás","Meteo","Clima","Météo","天氣","天候","Clima","天气"
"VSTR_XMLE_KIND_ENV","Environment","Environment","Prostředí","Umgebung","Окружение","Środowisko","Környezet","Ambiente","Entorno","Environnement","環境","環境","Ambiente","环境"
"VSTR_XMLE_KIND_TERRITORY","Territory","Territory","Teritorium","Territorium","Территория","Terytorium","Terület","Territorio","Territorio","Territoire","領域","テリトリー","Território","领地"
"VSTR_XMLE_KIND_MAPPROTO","Loot prototypes","Loot prototypes","Prototypy lootu","Loot-Prototypen","Прототипы лута","Prototypy lootu","Loot prototípusok","Prototipi loot","Prototipos de botín","Prototypes de butin","戰利品原型","戦利品プロトタイプ","Protótipos de loot","战利品原型"
"VSTR_XMLE_KIND_MAPPOS","Building positions","Building positions","Pozice budov","Gebäudepositionen","Позиции зданий","Pozycje budynków","Épületpozíciók","Posizioni edifici","Posiciones de edificios","Positions des bâtiments","建築位置","建物の位置","Posições de edifícios","建筑位置"
"VSTR_XMLE_KIND_CLUSTERPROTO","Cluster prototypes","Cluster prototypes","Prototypy clusterů","Cluster-Prototypen","Прототипы кластеров","Prototypy klastrów","Klaszter prototípusok","Prototipi cluster","Prototipos de clúster","Prototypes de clusters","叢集原型","クラスタープロトタイプ","Protótipos de cluster","集群原型"
"VSTR_XMLE_KIND_CLUSTERPOS","Cluster positions","Cluster positions","Pozice clusterů","Cluster-Positionen","Позиции кластеров","Pozycje klastrów","Klaszter pozíciók","Posizioni cluster","Posiciones de clúster","Positions des clusters","叢集位置","クラスターの位置","Posições de cluster","集群位置"
"VSTR_XMLE_STATE_OK","OK","OK","OK","OK","ОК","OK","OK","OK","OK","OK","正常","正常","OK","正常"
"VSTR_XMLE_STATE_RESTART","Restart","Restart","Restart","Neustart","Перезапуск","Restart","Újraindítás","Riavvio","Reinicio","Redémarrage","需重新啟動","要再起動","Reinício","需重启"
"VSTR_XMLE_STATE_ERROR","Error","Error","Chyba","Fehler","Ошибка","Błąd","Hiba","Errore","Error","Erreur","錯誤","エラー","Erro","错误"
"VSTR_XMLE_STATE_MISSING","Missing","Missing","Chybí","Fehlt","Отсутствует","Brak","Hiányzik","Mancante","Falta","Manquant","遺失","見つからない","Ausente","缺失"
"VSTR_XMLE_STATE_READONLY","Read only","Read only","Jen pro čtení","Schreibgeschützt","Только чтение","Tylko odczyt","Csak olvasható","Sola lettura","Solo lectura","Lecture seule","唯讀","読み取り専用","Somente leitura","只读"
"VSTR_XMLE_STATE_EXTERNAL","Changed outside","Changed outside","Změněno mimo","Extern geändert","Изменён извне","Zmieniony z zewnątrz","Kívülről módosítva","Modificato fuori","Cambiado fuera","Modifié ailleurs","外部已變更","外部で変更","Alterado fora","外部已更改"
"VSTR_XMLE_STATE_INTERRUPTED","Interrupted","Interrupted","Přerušeno","Unterbrochen","Прервано","Przerwano","Megszakadt","Interrotto","Interrumpido","Interrompu","已中斷","中断","Interrompido","已中断"
"VSTR_XMLE_ISSUE_UNKNOWN_CATEGORY","Unknown category %1: treated as no category.","Unknown category %1: treated as no category.","Neznámá kategorie %1: bere se jako bez kategorie.","Unbekannte Kategorie %1: wird wie keine Kategorie behandelt.","Неизвестная категория %1: считается, что категории нет.","Nieznana kategoria %1: traktowana jak brak kategorii.","Ismeretlen kategória (%1): kategória nélküliként kezelve.","Categoria sconosciuta %1: trattata come nessuna categoria.","Categoría desconocida %1: se trata como sin categoría.","Catégorie inconnue %1 : traitée comme aucune catégorie.","未知類別 %1：視為無類別。","不明なカテゴリ %1: カテゴリなしとして扱われます。","Categoria desconhecida %1: tratada como sem categoria.","未知类别 %1：视为无类别。"
"VSTR_XMLE_ISSUE_UNKNOWN_USAGE","Unknown usage %1: the economy ignores it.","Unknown usage %1: the economy ignores it.","Neznámé použití %1: ekonomika ho ignoruje.","Unbekannte Nutzung %1: Die Economy ignoriert sie.","Неизвестное использование %1: экономика его игнорирует.","Nieznane użycie %1: ekonomia je ignoruje.","Ismeretlen használat (%1): a gazdaság figyelmen kívül hagyja.","Uso sconosciuto %1: l'economia lo ignora.","Uso desconocido %1: la economía lo ignora.","Usage inconnu %1 : l'économie l'ignore.","未知用途 %1：經濟系統會忽略它。","不明な用途 %1: エコノミーは無視します。","Uso desconhecido %1: a economia o ignora.","未知用途 %1：经济系统会忽略它。"
"VSTR_XMLE_ISSUE_UNKNOWN_VALUE","Unknown value %1: the economy ignores it.","Unknown value %1: the economy ignores it.","Neznámá hodnota %1: ekonomika ji ignoruje.","Unbekannter Wert %1: Die Economy ignoriert ihn.","Неизвестная ценность %1: экономика её игнорирует.","Nieznana wartość %1: ekonomia ją ignoruje.","Ismeretlen érték (%1): a gazdaság figyelmen kívül hagyja.","Valore sconosciuto %1: l'economia lo ignora.","Valor desconocido %1: la economía lo ignora.","Valeur inconnue %1 : l'économie l'ignore.","未知價值 %1：經濟系統會忽略它。","不明な価値 %1: エコノミーは無視します。","Valor desconhecido %1: a economia o ignora.","未知价值 %1：经济系统会忽略它。"
"VSTR_XMLE_ISSUE_UNKNOWN_TAG","Unknown tag %1: the economy ignores it.","Unknown tag %1: the economy ignores it.","Neznámý tag %1: ekonomika ho ignoruje.","Unbekannter Tag %1: Die Economy ignoriert ihn.","Неизвестный тег %1: экономика его игнорирует.","Nieznany tag %1: ekonomia go ignoruje.","Ismeretlen címke (%1): a gazdaság figyelmen kívül hagyja.","Tag sconosciuto %1: l'economia lo ignora.","Etiqueta desconocida %1: la economía la ignora.","Tag inconnu %1 : l'économie l'ignore.","未知標籤 %1：經濟系統會忽略它。","不明なタグ %1: エコノミーは無視します。","Tag desconhecida %1: a economia a ignora.","未知标签 %1：经济系统会忽略它。"
"VSTR_XMLE_ISSUE_MULTI_CATEGORY","More than one category: only the first (%1) is used.","More than one category: only the first (%1) is used.","Více než jedna kategorie: použije se jen první (%1).","Mehr als eine Kategorie: Nur die erste (%1) wird verwendet.","Больше одной категории: используется только первая (%1).","Więcej niż jedna kategoria: używana jest tylko pierwsza (%1).","Több kategória: csak az első (%1) érvényes.","Più di una categoria: viene usata solo la prima (%1).","Más de una categoría: solo se usa la primera (%1).","Plus d'une catégorie : seule la première (%1) est utilisée.","有多個類別：只會使用第一個（%1）。","カテゴリが複数あります。最初のもの（%1）のみ使用されます。","Mais de uma categoria: só a primeira (%1) é usada.","有多个类别：只会使用第一个（%1）。"
"VSTR_XMLE_ISSUE_MIN_GT_NOMINAL","min is above nominal: the engine lowers it to nominal.","min is above nominal: the engine lowers it to nominal.","min je vyšší než nominal: engine ho sníží na nominal.","Min liegt über Nominal: Die Engine senkt es auf Nominal.","min больше номинала: движок снижает его до номинала.","min jest większe od nominału: silnik obniża je do nominału.","A min nagyobb a névlegesnél: a motor a névlegesre csökkenti.","min è sopra il nominale: il motore lo abbassa al nominale.","min es mayor que el nominal: el motor lo reduce al nominal.","min dépasse le nominal : le moteur le ramène au nominal.","min 高於標稱：引擎會將它降為標稱值。","min がノミナルより大きいです。エンジンはノミナルまで下げます。","min é maior que o nominal: o motor o reduz para o nominal.","min 高于标称：引擎会将它降为标称值。"
"VSTR_XMLE_ISSUE_QUANT_RANGE","Quantity value %1 is outside -1 or 0 to 100.","Quantity value %1 is outside -1 or 0 to 100.","Hodnota množství %1 není -1 ani v rozsahu 0 až 100.","Mengenwert %1 liegt außerhalb von -1 bzw. 0 bis 100.","Значение количества %1 недопустимо: нужно -1 или от 0 до 100.","Wartość ilości %1 jest poza -1 lub zakresem 0–100.","A(z) %1 mennyiségérték se nem -1, se nem 0 és 100 közötti.","Il valore di quantità %1 è fuori da -1 o da 0 a 100.","El valor de cantidad %1 está fuera de -1 o de 0 a 100.","La valeur de quantité %1 n'est ni -1 ni comprise entre 0 et 100.","數量值 %1 不是 -1，也不在 0 至 100 之間。","量の値 %1 が -1 でも 0〜100 の範囲でもありません。","O valor de quantidade %1 está fora de -1 ou de 0 a 100.","数量值 %1 不是 -1，也不在 0 至 100 之间。"
"VSTR_XMLE_ISSUE_QUANT_ORDER","quantmin is above quantmax.","quantmin is above quantmax.","quantmin je vyšší než quantmax.","quantmin liegt über quantmax.","quantmin больше quantmax.","quantmin jest większe od quantmax.","A quantmin nagyobb a quantmaxnál.","quantmin è sopra quantmax.","quantmin es mayor que quantmax.","quantmin dépasse quantmax.","quantmin 高於 quantmax。","quantmin が quantmax より大きいです。","quantmin é maior que quantmax.","quantmin 高于 quantmax。"
"VSTR_XMLE_ISSUE_NEGATIVE","%1 is negative.","%1 is negative.","%1 je záporné.","%1 ist negativ.","%1 отрицательное.","%1 jest ujemne.","%1 negatív.","%1 è negativo.","%1 es negativo.","%1 est négatif.","%1 為負值。","%1 が負の値です。","%1 é negativo.","%1 为负值。"
"VSTR_XMLE_ISSUE_DUP_IN_FILE","Defined more than once in this file (also line %1): the entries are merged.","Defined more than once in this file (also line %1): the entries are merged.","V tomto souboru je definován víckrát (také řádek %1): záznamy se sloučí.","In dieser Datei mehrfach definiert (auch Zeile %1): Die Einträge werden zusammengeführt.","Определён в этом файле несколько раз (также строка %1): записи объединяются.","Zdefiniowany w tym pliku więcej niż raz (także wiersz %1): wpisy są scalane.","Többször definiálva ebben a fájlban (a(z) %1. sorban is): a bejegyzések összevonódnak.","Definito più volte in questo file (anche riga %1): le voci vengono unite.","Definido más de una vez en este archivo (también línea %1): las entradas se combinan.","Défini plusieurs fois dans ce fichier (aussi ligne %1) : les entrées sont fusionnées.","在此檔案中重複定義（另見第 %1 行）：項目會被合併。","このファイルで複数回定義されています（%1 行目にも）。エントリは統合されます。","Definido mais de uma vez neste arquivo (também linha %1): as entradas são mescladas.","在此文件中重复定义（另见第 %1 行）：条目会被合并。"
"VSTR_XMLE_ISSUE_OVERRIDDEN","Also defined in %1: later files override the fields they contain.","Also defined in %1: later files override the fields they contain.","Definováno také v %1: pozdější soubory přepisují pole, která obsahují.","Auch in %1 definiert: Spätere Dateien überschreiben die enthaltenen Felder.","Также определён в %1: более поздние файлы переопределяют содержащиеся в них поля.","Zdefiniowany także w %1: późniejsze pliki nadpisują zawarte w nich pola.","Itt is definiálva: %1. A későbbi fájlok felülírják a bennük szereplő mezőket.","Definito anche in %1: i file successivi sovrascrivono i campi che contengono.","También definido en %1: los archivos posteriores sobrescriben los campos que contienen.","Aussi défini dans %1 : les fichiers suivants remplacent les champs qu'ils contiennent.","也定義於 %1：較後的檔案會覆寫其包含的欄位。","%1 でも定義されています。後のファイルが含まれる項目を上書きします。","Também definido em %1: arquivos posteriores sobrescrevem os campos que contêm.","也定义于 %1：较后的文件会覆盖其包含的字段。"
"VSTR_XMLE_ISSUE_NOT_IN_CONFIG","Class does not exist in config: the economy skips it.","Class does not exist in config: the economy skips it.","Třída v configu neexistuje: ekonomika ji přeskočí.","Klasse existiert nicht in der Config: Die Economy überspringt sie.","Класса нет в конфиге: экономика его пропускает.","Klasa nie istnieje w configu: ekonomia ją pomija.","Az osztály nem létezik a configban: a gazdaság kihagyja.","La classe non esiste nel config: l'economia la ignora.","La clase no existe en el config: la economía la omite.","La classe n'existe pas dans la config : l'économie l'ignore.","config 中不存在此類別：經濟系統會略過它。","config にクラスが存在しません。エコノミーはスキップします。","A classe não existe no config: a economia a ignora.","config 中不存在此类：经济系统会跳过它。"
"VSTR_XMLE_ISSUE_NOT_PUBLIC","Class is not public (scope below 2): the economy skips it.","Class is not public (scope below 2): the economy skips it.","Třída není veřejná (scope pod 2): ekonomika ji přeskočí.","Klasse ist nicht öffentlich (scope unter 2): Die Economy überspringt sie.","Класс не публичный (scope ниже 2): экономика его пропускает.","Klasa nie jest publiczna (scope poniżej 2): ekonomia ją pomija.","Az osztály nem nyilvános (scope 2 alatt): a gazdaság kihagyja.","La classe non è pubblica (scope sotto 2): l'economia la ignora.","La clase no es pública (scope menor que 2): la economía la omite.","La classe n'est pas publique (scope inférieur à 2) : l'économie l'ignore.","此類別不是公開的（scope 小於 2）：經濟系統會略過它。","クラスが公開されていません（scope が 2 未満）。エコノミーはスキップします。","A classe não é pública (scope abaixo de 2): a economia a ignora.","此类不是公开的（scope 小于 2）：经济系统会跳过它。"
"VSTR_XMLE_ISSUE_IGNORED","Listed in cfgignorelist.xml: the economy does not spawn it (nominal %1).","Listed in cfgignorelist.xml: the economy does not spawn it (nominal %1).","Uvedeno v cfgignorelist.xml: ekonomika ho nespawnuje (nominal %1).","In cfgignorelist.xml eingetragen: Die Economy spawnt es nicht (Nominal %1).","Указан в cfgignorelist.xml: экономика его не спавнит (номинал %1).","Na liście cfgignorelist.xml: ekonomia go nie spawnuje (nominał %1).","Szerepel a cfgignorelist.xml fájlban: a gazdaság nem spawnolja (névleges %1).","Presente in cfgignorelist.xml: l'economia non lo genera (nominale %1).","Incluido en cfgignorelist.xml: la economía no lo genera (nominal %1).","Listé dans cfgignorelist.xml : l'économie ne le fait pas apparaître (nominal %1).","已列於 cfgignorelist.xml：經濟系統不會生成它（標稱 %1）。","cfgignorelist.xml に記載されています。エコノミーはスポーンしません（ノミナル %1）。","Listado em cfgignorelist.xml: a economia não o gera (nominal %1).","已列于 cfgignorelist.xml：经济系统不会生成它（标称 %1）。"
"VSTR_XMLE_ISSUE_NO_PLACEMENT","No usage and no value: it can spawn in any building that accepts its category.","No usage and no value: it can spawn in any building that accepts its category.","Žádné použití ani hodnota: může se spawnout v každé budově, která přijímá jeho kategorii.","Weder Nutzung noch Wert: Es kann in jedem Gebäude spawnen, das seine Kategorie annimmt.","Нет ни использования, ни ценности: может появиться в любом здании, принимающем его категорию.","Brak użycia i wartości: może pojawić się w każdym budynku, który przyjmuje jego kategorię.","Nincs használat és érték: bármely épületben megjelenhet, amely elfogadja a kategóriáját.","Nessun uso e nessun valore: può apparire in qualsiasi edificio che accetti la sua categoria.","Sin uso ni valor: puede aparecer en cualquier edificio que acepte su categoría.","Ni usage ni valeur : il peut apparaître dans tout bâtiment qui accepte sa catégorie.","沒有用途也沒有價值：可在任何接受其類別的建築中生成。","用途も価値もありません。カテゴリを受け入れるどの建物にもスポーンし得ます。","Sem uso e sem valor: pode surgir em qualquer edifício que aceite sua categoria.","没有用途也没有价值：可在任何接受其类别的建筑中生成。"
"VSTR_XMLE_ISSUE_NOT_NUMBER","%1 is not a whole number.","%1 is not a whole number.","%1 není celé číslo.","%1 ist keine ganze Zahl.","%1 не является целым числом.","%1 nie jest liczbą całkowitą.","%1 nem egész szám.","%1 non è un numero intero.","%1 no es un número entero.","%1 n'est pas un nombre entier.","%1 不是整數。","%1 が整数ではありません。","%1 não é um número inteiro.","%1 不是整数。"
"VSTR_XMLE_ISSUE_UNKNOWN_CHILD","Unknown element %1 is kept unchanged.","Unknown element %1 is kept unchanged.","Neznámý prvek %1 zůstává beze změny.","Unbekanntes Element %1 bleibt unverändert.","Неизвестный элемент %1 сохраняется без изменений.","Nieznany element %1 pozostaje bez zmian.","Az ismeretlen %1 elem változatlan marad.","L'elemento sconosciuto %1 resta invariato.","El elemento desconocido %1 se mantiene sin cambios.","L'élément inconnu %1 est conservé tel quel.","未知元素 %1 會保持不變。","不明な要素 %1 はそのまま保持されます。","O elemento desconhecido %1 é mantido sem alterações.","未知元素 %1 会保持不变。"
"VSTR_XMLE_ISSUE_TYPE_NO_NAME","A type entry has no name attribute: the economy skips it.","A type entry has no name attribute: the economy skips it.","Záznam typu nemá atribut name: ekonomika ho přeskočí.","Ein Type-Eintrag hat kein name-Attribut: Die Economy überspringt ihn.","У записи типа нет атрибута name: экономика её пропускает.","Wpis typu nie ma atrybutu name: ekonomia go pomija.","Egy típusbejegyzésnek nincs name attribútuma: a gazdaság kihagyja.","Una voce di tipo non ha l'attributo name: l'economia la ignora.","Una entrada de tipo no tiene atributo name: la economía la omite.","Une entrée de type n'a pas d'attribut name : l'économie l'ignore.","某個類型項目沒有 name 屬性：經濟系統會略過它。","タイプのエントリに name 属性がありません。エコノミーはスキップします。","Uma entrada de tipo não tem o atributo name: a economia a ignora.","某个类型条目没有 name 属性：经济系统会跳过它。"
"VSTR_XMLE_ISSUE_PARSE","The file does not parse (%1): the economy skips the whole file.","The file does not parse (%1): the economy skips the whole file.","Soubor nelze zpracovat (%1): ekonomika přeskočí celý soubor.","Die Datei lässt sich nicht parsen (%1): Die Economy überspringt die ganze Datei.","Файл не разбирается (%1): экономика пропускает весь файл.","Nie można przetworzyć pliku (%1): ekonomia pomija cały plik.","A fájl nem értelmezhető (%1): a gazdaság az egész fájlt kihagyja.","Il file non è analizzabile (%1): l'economia ignora l'intero file.","El archivo no se puede analizar (%1): la economía omite el archivo entero.","Le fichier ne peut pas être analysé (%1) : l'économie ignore tout le fichier.","無法解析此檔案（%1）：經濟系統會略過整個檔案。","ファイルを解析できません（%1）。エコノミーはファイル全体をスキップします。","O arquivo não pode ser analisado (%1): a economia ignora o arquivo inteiro.","无法解析此文件（%1）：经济系统会跳过整个文件。"
"VSTR_XMLE_ISSUE_FILE_MISSING","Registered in cfgeconomycore.xml but the file does not exist.","Registered in cfgeconomycore.xml but the file does not exist.","Zaregistrováno v cfgeconomycore.xml, ale soubor neexistuje.","In cfgeconomycore.xml eingetragen, aber die Datei existiert nicht.","Указан в cfgeconomycore.xml, но файл не существует.","Zarejestrowany w cfgeconomycore.xml, ale plik nie istnieje.","Szerepel a cfgeconomycore.xml fájlban, de a fájl nem létezik.","Registrato in cfgeconomycore.xml ma il file non esiste.","Registrado en cfgeconomycore.xml, pero el archivo no existe.","Déclaré dans cfgeconomycore.xml, mais le fichier n'existe pas.","已在 cfgeconomycore.xml 中註冊，但檔案不存在。","cfgeconomycore.xml に登録されていますが、ファイルが存在しません。","Registrado em cfgeconomycore.xml, mas o arquivo não existe.","已在 cfgeconomycore.xml 中注册，但文件不存在。"
"VSTR_XMLE_ISSUE_OUTSIDE","The path %1 points outside the mission folder: the editor will not open it.","The path %1 points outside the mission folder: the editor will not open it.","Cesta %1 vede mimo složku mise: editor ji neotevře.","Der Pfad %1 zeigt aus dem Missionsordner hinaus: Der Editor öffnet ihn nicht.","Путь %1 указывает за пределы папки миссии: редактор его не откроет.","Ścieżka %1 wskazuje poza folder misji: edytor jej nie otworzy.","A(z) %1 útvonal a misszió mappáján kívülre mutat: a szerkesztő nem nyitja meg.","Il percorso %1 punta fuori dalla cartella della missione: l'editor non lo aprirà.","La ruta %1 apunta fuera de la carpeta de la misión: el editor no la abrirá.","Le chemin %1 pointe hors du dossier de mission : l'éditeur ne l'ouvrira pas.","路徑 %1 指向任務資料夾之外：編輯器不會開啟它。","パス %1 はミッションフォルダーの外を指しています。エディターでは開きません。","O caminho %1 aponta para fora da pasta da missão: o editor não o abrirá.","路径 %1 指向任务文件夹之外：编辑器不会打开它。"
"VSTR_XMLE_ISSUE_CE_TYPE","Unknown file type %1 in cfgeconomycore.xml: the economy ignores this file.","Unknown file type %1 in cfgeconomycore.xml: the economy ignores this file.","Neznámý typ souboru %1 v cfgeconomycore.xml: ekonomika tento soubor ignoruje.","Unbekannter Dateityp %1 in cfgeconomycore.xml: Die Economy ignoriert diese Datei.","Неизвестный тип файла %1 в cfgeconomycore.xml: экономика игнорирует этот файл.","Nieznany typ pliku %1 w cfgeconomycore.xml: ekonomia ignoruje ten plik.","Ismeretlen fájltípus (%1) a cfgeconomycore.xml fájlban: a gazdaság figyelmen kívül hagyja ezt a fájlt.","Tipo di file sconosciuto %1 in cfgeconomycore.xml: l'economia ignora questo file.","Tipo de archivo desconocido %1 en cfgeconomycore.xml: la economía ignora este archivo.","Type de fichier inconnu %1 dans cfgeconomycore.xml : l'économie ignore ce fichier.","cfgeconomycore.xml 中有未知的檔案類型 %1：經濟系統會忽略此檔案。","cfgeconomycore.xml に不明なファイル種別 %1 があります。エコノミーはこのファイルを無視します。","Tipo de arquivo desconhecido %1 em cfgeconomycore.xml: a economia ignora este arquivo.","cfgeconomycore.xml 中有未知的文件类型 %1：经济系统会忽略此文件。"
"VSTR_XMLE_ISSUE_INTERRUPTED","A save was interrupted. Check the file or restore backup %1.","A save was interrupted. Check the file or restore backup %1.","Uložení bylo přerušeno. Zkontroluj soubor nebo obnov zálohu %1.","Ein Speichervorgang wurde unterbrochen. Prüfe die Datei oder stelle Sicherung %1 wieder her.","Сохранение было прервано. Проверьте файл или восстановите копию %1.","Zapis został przerwany. Sprawdź plik lub przywróć kopię %1.","Egy mentés megszakadt. Ellenőrizd a fájlt, vagy állítsd vissza ezt a mentést: %1.","Un salvataggio è stato interrotto. Controlla il file o ripristina il backup %1.","Se interrumpió un guardado. Revisa el archivo o restaura la copia %1.","Un enregistrement a été interrompu. Vérifiez le fichier ou restaurez la sauvegarde %1.","儲存曾被中斷。請檢查檔案或還原備份 %1。","保存が中断されました。ファイルを確認するか、バックアップ %1 を復元してください。","Um salvamento foi interrompido. Verifique o arquivo ou restaure o backup %1.","保存曾被中断。请检查文件或还原备份 %1。"
"VSTR_XMLE_ISSUE_PENDING","Changed since the server started: restart to apply.","Changed since the server started: restart to apply.","Změněno od startu serveru: pro použití restartuj.","Seit dem Serverstart geändert: Zum Übernehmen neu starten.","Изменён после запуска сервера: перезапустите, чтобы применить.","Zmieniony od startu serwera: zrestartuj, aby zastosować.","A szerver indulása óta módosult: indítsd újra az érvényesítéshez.","Modificato dall'avvio del server: riavvia per applicare.","Cambiado desde el inicio del servidor: reinicia para aplicarlo.","Modifié depuis le démarrage du serveur : redémarrez pour appliquer.","自伺服器啟動後已變更：重新啟動後套用。","サーバー起動後に変更されました。適用するには再起動してください。","Alterado desde o início do servidor: reinicie para aplicar.","自服务器启动后已更改：重启后应用。"
"VSTR_XMLE_ISSUE_EXTERNAL","Changed outside the XML Editor since its last save.","Changed outside the XML Editor since its last save.","Od posledního uložení změněno mimo XML Editor.","Seit dem letzten Speichern außerhalb des XML-Editors geändert.","Изменён вне XML-редактора после последнего сохранения.","Zmieniony poza edytorem XML od ostatniego zapisu.","Az utolsó mentés óta az XML szerkesztőn kívül módosult.","Modificato fuori dall'editor XML dopo l'ultimo salvataggio.","Cambiado fuera del editor XML desde su último guardado.","Modifié hors de l'éditeur XML depuis son dernier enregistrement.","自上次儲存後已在 XML 編輯器外被變更。","前回の保存後に XML エディター以外で変更されました。","Alterado fora do editor XML desde o último salvamento.","自上次保存后已在 XML 编辑器外被更改。"
"VSTR_XMLE_ISSUE_LIMIT_BITS","%1 has more than 32 names: the extra names share bits and break loot matching.","%1 has more than 32 names: the extra names share bits and break loot matching.","%1 má více než 32 názvů: nadbytečné názvy sdílejí bity a narušují přiřazování lootu.","%1 hat mehr als 32 Namen: Die zusätzlichen Namen teilen sich Bits und stören die Loot-Zuordnung.","В %1 больше 32 имён: лишние имена делят биты и ломают подбор лута.","%1 ma ponad 32 nazwy: nadmiarowe nazwy dzielą bity i psują dopasowanie lootu.","%1 több mint 32 nevet tartalmaz: a többletnevek biteken osztoznak, és elrontják a loot egyeztetését.","%1 ha più di 32 nomi: i nomi in eccesso condividono i bit e rompono l'abbinamento del loot.","%1 tiene más de 32 nombres: los nombres sobrantes comparten bits y rompen la asignación del botín.","%1 a plus de 32 noms : les noms en trop partagent des bits et faussent l'attribution du butin.","%1 有超過 32 個名稱：多出的名稱會共用位元並破壞戰利品配對。","%1 に 32 個を超える名前があります。超過分はビットを共有し、戦利品の割り当てが壊れます。","%1 tem mais de 32 nomes: os nomes extras compartilham bits e quebram a correspondência do loot.","%1 有超过 32 个名称：多出的名称会共用位并破坏战利品匹配。"
"VSTR_XMLE_ISSUE_LIMIT_DUP","Duplicate name %1 in the limits definition.","Duplicate name %1 in the limits definition.","Duplicitní název %1 v definici limitů.","Doppelter Name %1 in der Limits-Definition.","Повторяющееся имя %1 в определении лимитов.","Zduplikowana nazwa %1 w definicji limitów.","Ismétlődő név (%1) a korlátok definíciójában.","Nome duplicato %1 nella definizione dei limiti.","Nombre duplicado %1 en la definición de límites.","Nom en double %1 dans la définition des limites.","限制定義中有重複名稱 %1。","制限定義に重複した名前 %1 があります。","Nome duplicado %1 na definição de limites.","限制定义中有重复名称 %1。"
"VSTR_XMLE_ISSUE_LIMIT_UNUSED","%1 is defined in the limits but no type uses it.","%1 is defined in the limits but no type uses it.","%1 je definován v limitech, ale žádný typ ho nepoužívá.","%1 ist in den Limits definiert, aber kein Typ nutzt es.","%1 определён в лимитах, но ни один тип его не использует.","%1 jest zdefiniowany w limitach, ale żaden typ go nie używa.","%1 szerepel a korlátokban, de egy típus sem használja.","%1 è definito nei limiti ma nessun tipo lo usa.","%1 está definido en los límites, pero ningún tipo lo usa.","%1 est défini dans les limites, mais aucun type ne l'utilise.","%1 已在限制中定義，但沒有類型使用它。","%1 は制限に定義されていますが、どのタイプも使用していません。","%1 está definido nos limites, mas nenhum tipo o usa.","%1 已在限制中定义，但没有类型使用它。"
"VSTR_XMLE_ISSUE_UNSUPPORTED_NAME","The file name %1 uses characters the editor does not support: it is not opened.","The file name %1 uses characters the editor does not support: it is not opened.","Název souboru %1 obsahuje znaky, které editor nepodporuje: neotevře se.","Der Dateiname %1 enthält Zeichen, die der Editor nicht unterstützt: Die Datei wird nicht geöffnet.","Имя файла %1 содержит символы, которые редактор не поддерживает: файл не открывается.","Nazwa pliku %1 zawiera znaki nieobsługiwane przez edytor: plik nie zostanie otwarty.","A(z) %1 fájlnév a szerkesztő által nem támogatott karaktereket tartalmaz: nem nyílik meg.","Il nome file %1 usa caratteri non supportati dall'editor: non viene aperto.","El nombre de archivo %1 usa caracteres que el editor no admite: no se abre.","Le nom de fichier %1 utilise des caractères non pris en charge par l'éditeur : il n'est pas ouvert.","檔名 %1 含有編輯器不支援的字元：不會開啟。","ファイル名 %1 にエディターが対応していない文字が含まれています。開かれません。","O nome de arquivo %1 usa caracteres que o editor não suporta: ele não é aberto.","文件名 %1 含有编辑器不支持的字符：不会打开。"
"VSTR_XMLE_ISSUE_READ_FAIL","The file could not be read completely: it cannot be edited.","The file could not be read completely: it cannot be edited.","Soubor nešel přečíst celý: nelze ho upravovat.","Die Datei konnte nicht vollständig gelesen werden: Sie kann nicht bearbeitet werden.","Файл не удалось прочитать полностью: его нельзя изменить.","Nie udało się odczytać całego pliku: nie można go edytować.","A fájlt nem sikerült teljesen beolvasni: nem szerkeszthető.","Il file non è stato letto completamente: non può essere modificato.","No se pudo leer el archivo completo: no se puede editar.","Le fichier n'a pas pu être lu entièrement : il ne peut pas être modifié.","無法完整讀取檔案：無法編輯。","ファイルを完全に読み込めませんでした。編集できません。","O arquivo não pôde ser lido por completo: não pode ser editado.","无法完整读取文件：无法编辑。"
"VSTR_XMLE_ISSUE_EVSPAWN_NO_EVENT","cfgeventspawns.xml lists %1, which is not an event.","cfgeventspawns.xml lists %1, which is not an event.","cfgeventspawns.xml uvádí %1, což není událost.","cfgeventspawns.xml nennt %1, das kein Event ist.","В cfgeventspawns.xml указан %1, но такого события нет.","cfgeventspawns.xml zawiera %1, który nie jest eventem.","A cfgeventspawns.xml tartalmazza ezt: %1, de ez nem esemény.","cfgeventspawns.xml elenca %1, che non è un evento.","cfgeventspawns.xml incluye %1, que no es un evento.","cfgeventspawns.xml mentionne %1, qui n'est pas un événement.","cfgeventspawns.xml 列出了 %1，但它不是事件。","cfgeventspawns.xml に %1 がありますが、イベントではありません。","cfgeventspawns.xml lista %1, que não é um evento.","cfgeventspawns.xml 列出了 %1，但它不是事件。"
"VSTR_XMLE_ISSUE_EVSPAWN_NO_GROUP","A position uses group %1, which is not in cfgeventgroups.xml.","A position uses group %1, which is not in cfgeventgroups.xml.","Pozice používá skupinu %1, která není v cfgeventgroups.xml.","Eine Position nutzt die Gruppe %1, die nicht in cfgeventgroups.xml steht.","Позиция использует группу %1, которой нет в cfgeventgroups.xml.","Pozycja używa grupy %1, której nie ma w cfgeventgroups.xml.","Egy pozíció a(z) %1 csoportot használja, amely nincs a cfgeventgroups.xml fájlban.","Una posizione usa il gruppo %1, che non è in cfgeventgroups.xml.","Una posición usa el grupo %1, que no está en cfgeventgroups.xml.","Une position utilise le groupe %1, absent de cfgeventgroups.xml.","某個位置使用了群組 %1，但它不在 cfgeventgroups.xml 中。","ある位置がグループ %1 を使っていますが、cfgeventgroups.xml にありません。","Uma posição usa o grupo %1, que não está em cfgeventgroups.xml.","某个位置使用了组 %1，但它不在 cfgeventgroups.xml 中。"
"VSTR_XMLE_ISSUE_PRESET_MISSING","Preset %1 is not defined in the random presets.","Preset %1 is not defined in the random presets.","Preset %1 není definován v náhodných presetech.","Preset %1 ist in den Zufallspresets nicht definiert.","Пресет %1 не определён в случайных пресетах.","Preset %1 nie jest zdefiniowany w losowych presetach.","A(z) %1 preset nincs definiálva a véletlen presetek között.","Il preset %1 non è definito nei preset casuali.","El preset %1 no está definido en los presets aleatorios.","Le preset %1 n'est pas défini dans les presets aléatoires.","隨機預設組中沒有定義預設組 %1。","プリセット %1 はランダムプリセットに定義されていません。","O preset %1 não está definido nos presets aleatórios.","随机预设组中没有定义预设组 %1。"
"VSTR_XMLE_ISSUE_PRESET_EMPTY","Preset %1 has no items.","Preset %1 has no items.","Preset %1 nemá žádné předměty.","Preset %1 enthält keine Items.","В пресете %1 нет предметов.","Preset %1 nie ma przedmiotów.","A(z) %1 presetben nincs tárgy.","Il preset %1 non ha oggetti.","El preset %1 no tiene objetos.","Le preset %1 ne contient aucun objet.","預設組 %1 沒有任何物品。","プリセット %1 にアイテムがありません。","O preset %1 não tem itens.","预设组 %1 没有任何物品。"
"VSTR_XMLE_ISSUE_PRESET_UNUSED","Preset %1 is not used by any type.","Preset %1 is not used by any type.","Preset %1 nepoužívá žádný typ.","Preset %1 wird von keinem Typ verwendet.","Пресет %1 не используется ни одним типом.","Preset %1 nie jest używany przez żaden typ.","A(z) %1 presetet egy típus sem használja.","Il preset %1 non è usato da alcun tipo.","El preset %1 no lo usa ningún tipo.","Le preset %1 n'est utilisé par aucun type.","沒有類型使用預設組 %1。","プリセット %1 はどのタイプにも使われていません。","O preset %1 não é usado por nenhum tipo.","没有类型使用预设组 %1。"
"VSTR_XMLE_ISSUE_SPAWNABLE_NO_TYPE","Listed in the spawnable types but has no types entry: ignored.","Listed in the spawnable types but has no types entry: ignored.","Uvedeno ve spawnable types, ale chybí záznam v types: ignoruje se.","In den Spawnable Types aufgeführt, aber ohne Types-Eintrag: wird ignoriert.","Указан в spawnable types, но нет записи в types: игнорируется.","Na liście spawnable types, ale bez wpisu w types: ignorowany.","Szerepel a spawnable types között, de nincs types bejegyzése: figyelmen kívül marad.","Presente negli spawnable types ma senza voce nei types: ignorato.","Figura en los spawnable types pero no tiene entrada en types: se ignora.","Présent dans les spawnable types mais sans entrée types : ignoré.","列於 spawnable types 中，但沒有 types 項目：會被忽略。","spawnable types に記載されていますが types のエントリがありません。無視されます。","Listado nos spawnable types, mas sem entrada em types: ignorado.","列于 spawnable types 中，但没有 types 条目：会被忽略。"
"VSTR_XMLE_ISSUE_EVENT_NO_POS","Event %1 uses fixed positions but has none in cfgeventspawns.xml.","Event %1 uses fixed positions but has none in cfgeventspawns.xml.","Událost %1 používá pevné pozice, ale v cfgeventspawns.xml žádné nemá.","Event %1 nutzt feste Positionen, hat aber keine in cfgeventspawns.xml.","Событие %1 использует фиксированные позиции, но в cfgeventspawns.xml их нет.","Event %1 używa stałych pozycji, ale nie ma żadnych w cfgeventspawns.xml.","A(z) %1 esemény fix pozíciókat használ, de a cfgeventspawns.xml fájlban egy sincs.","L'evento %1 usa posizioni fisse ma non ne ha in cfgeventspawns.xml.","El evento %1 usa posiciones fijas pero no tiene ninguna en cfgeventspawns.xml.","L'événement %1 utilise des positions fixes mais n'en a aucune dans cfgeventspawns.xml.","事件 %1 使用固定位置，但 cfgeventspawns.xml 中沒有任何位置。","イベント %1 は固定位置を使いますが、cfgeventspawns.xml に位置がありません。","O evento %1 usa posições fixas, mas não tem nenhuma em cfgeventspawns.xml.","事件 %1 使用固定位置，但 cfgeventspawns.xml 中没有任何位置。"
"VSTR_XMLE_ISSUE_POS_NO_PROTO","%1 building positions have no loot definition in mapgroupproto.xml.","%1 building positions have no loot definition in mapgroupproto.xml.","Pozice budov bez definice lootu v mapgroupproto.xml: %1.","%1 Gebäudepositionen haben keine Loot-Definition in mapgroupproto.xml.","Позиций зданий без описания лута в mapgroupproto.xml: %1.","Pozycje budynków bez definicji lootu w mapgroupproto.xml: %1.","%1 épületpozíciónak nincs loot-definíciója a mapgroupproto.xml fájlban.","%1 posizioni di edifici non hanno una definizione di loot in mapgroupproto.xml.","%1 posiciones de edificios no tienen definición de botín en mapgroupproto.xml.","%1 positions de bâtiments n'ont pas de définition de butin dans mapgroupproto.xml.","有 %1 個建築位置在 mapgroupproto.xml 中沒有戰利品定義。","%1 か所の建物の位置に mapgroupproto.xml の戦利品定義がありません。","%1 posições de edifícios não têm definição de loot em mapgroupproto.xml.","有 %1 个建筑位置在 mapgroupproto.xml 中没有战利品定义。"
"VSTR_XMLE_ISSUE_AREAFLAGS","areaflags.map could not be read: map tiers are unavailable.","areaflags.map could not be read: map tiers are unavailable.","areaflags.map nelze přečíst: tiery mapy nejsou k dispozici.","areaflags.map konnte nicht gelesen werden: Karten-Tiers sind nicht verfügbar.","Не удалось прочитать areaflags.map: тиры карты недоступны.","Nie można odczytać areaflags.map: tiery mapy są niedostępne.","Az areaflags.map nem olvasható: a térkép tierjei nem érhetők el.","Impossibile leggere areaflags.map: i tier della mappa non sono disponibili.","No se pudo leer areaflags.map: los tiers del mapa no están disponibles.","Impossible de lire areaflags.map : les tiers de carte sont indisponibles.","無法讀取 areaflags.map：地圖等級無法使用。","areaflags.map を読み込めませんでした。マップのティアは利用できません。","Não foi possível ler areaflags.map: os tiers do mapa não estão disponíveis.","无法读取 areaflags.map：地图等级无法使用。"
"VSTR_XMLE_ERR_PERMISSION","You do not have permission for this action.","You do not have permission for this action.","Na tuto akci nemáš oprávnění.","Du hast keine Berechtigung für diese Aktion.","У вас нет прав на это действие.","Nie masz uprawnień do tej akcji.","Nincs jogosultságod ehhez a művelethez.","Non hai il permesso per questa azione.","No tienes permiso para esta acción.","Vous n'avez pas la permission pour cette action.","你沒有執行此動作的權限。","この操作を行う権限がありません。","Você não tem permissão para esta ação.","你没有执行此操作的权限。"
"VSTR_XMLE_ERR_FILE_UNKNOWN","That file is not registered on the server.","That file is not registered on the server.","Tento soubor není na serveru registrován.","Diese Datei ist auf dem Server nicht registriert.","Этот файл не зарегистрирован на сервере.","Ten plik nie jest zarejestrowany na serwerze.","Ez a fájl nincs regisztrálva a szerveren.","Questo file non è registrato sul server.","Ese archivo no está registrado en el servidor.","Ce fichier n'est pas enregistré sur le serveur.","伺服器上未註冊該檔案。","そのファイルはサーバーに登録されていません。","Esse arquivo não está registrado no servidor.","服务器上未注册该文件。"
"VSTR_XMLE_ERR_STALE","The file changed on the server after you loaded it. Your changes were kept and the list was refreshed: review them, then press SAVE again.","The file changed on the server after you loaded it. Your changes were kept and the list was refreshed: review them, then press SAVE again.","Soubor se na serveru změnil poté, co jsi ho načetl. Tvé změny zůstaly zachovány a seznam se obnovil: zkontroluj je a znovu stiskni ULOŽIT.","Die Datei hat sich auf dem Server geändert, nachdem du sie geladen hast. Deine Änderungen bleiben erhalten und die Liste wurde aktualisiert: Prüfe sie und drücke erneut SPEICHERN.","Файл изменился на сервере после загрузки. Ваши изменения сохранены, список обновлён: проверьте их и снова нажмите СОХРАНИТЬ.","Plik zmienił się na serwerze po wczytaniu. Twoje zmiany zostały zachowane, a lista odświeżona: sprawdź je i ponownie naciśnij ZAPISZ.","A fájl a betöltés után megváltozott a szerveren. A változtatásaid megmaradtak, a lista frissült: nézd át őket, majd nyomd meg újra a MENTÉS gombot.","Il file è cambiato sul server dopo che l'hai caricato. Le tue modifiche sono state mantenute e l'elenco è stato aggiornato: controllale, poi premi di nuovo SALVA.","El archivo cambió en el servidor después de cargarlo. Tus cambios se conservaron y la lista se actualizó: revísalos y pulsa GUARDAR de nuevo.","Le fichier a changé sur le serveur après son chargement. Vos modifications sont conservées et la liste a été actualisée : vérifiez-les, puis appuyez de nouveau sur ENREGISTRER.","載入後伺服器上的檔案已變更。你的變更已保留且清單已重新整理：請檢查後再按一次「儲存」。","読み込んだ後にサーバー上のファイルが変更されました。変更は保持され、一覧を更新しました。確認してから、もう一度「保存」を押してください。","O arquivo mudou no servidor depois que você o carregou. Suas alterações foram mantidas e a lista foi atualizada: revise-as e clique em SALVAR novamente.","加载后服务器上的文件已更改。你的更改已保留且列表已刷新：请检查后再按一次“保存”。"
"VSTR_XMLE_ERR_PARSE","The file could not be read: %1","The file could not be read: %1","Soubor nelze přečíst: %1","Die Datei konnte nicht gelesen werden: %1","Не удалось прочитать файл: %1","Nie można odczytać pliku: %1","A fájl nem olvasható: %1","Impossibile leggere il file: %1","No se pudo leer el archivo: %1","Impossible de lire le fichier : %1","無法讀取檔案：%1","ファイルを読み込めませんでした: %1","Não foi possível ler o arquivo: %1","无法读取文件：%1"
"VSTR_XMLE_ERR_READ","The file could not be read completely. Nothing was changed.","The file could not be read completely. Nothing was changed.","Soubor nešel přečíst celý. Nic se nezměnilo.","Die Datei konnte nicht vollständig gelesen werden. Es wurde nichts geändert.","Файл не удалось прочитать полностью. Ничего не изменено.","Nie udało się odczytać całego pliku. Nic nie zostało zmienione.","A fájlt nem sikerült teljesen beolvasni. Semmi sem változott.","Il file non è stato letto completamente. Nulla è stato modificato.","No se pudo leer el archivo completo. No se cambió nada.","Le fichier n'a pas pu être lu entièrement. Rien n'a été modifié.","無法完整讀取檔案。沒有任何變更。","ファイルを完全に読み込めませんでした。何も変更されていません。","O arquivo não pôde ser lido por completo. Nada foi alterado.","无法完整读取文件。没有任何更改。"
"VSTR_XMLE_ERR_BACKUP","The backup could not be created, so nothing was saved.","The backup could not be created, so nothing was saved.","Zálohu nešlo vytvořit, proto se nic neuložilo.","Die Sicherung konnte nicht angelegt werden, daher wurde nichts gespeichert.","Не удалось создать резервную копию, поэтому ничего не сохранено.","Nie udało się utworzyć kopii zapasowej, więc nic nie zapisano.","A biztonsági mentés nem jött létre, ezért semmi sem mentődött.","Impossibile creare il backup, quindi non è stato salvato nulla.","No se pudo crear la copia de seguridad, así que no se guardó nada.","La sauvegarde n'a pas pu être créée, rien n'a donc été enregistré.","無法建立備份，因此未儲存任何內容。","バックアップを作成できなかったため、何も保存されていません。","Não foi possível criar o backup, então nada foi salvo.","无法创建备份，因此未保存任何内容。"
"VSTR_XMLE_ERR_WRITE","The file could not be written. Nothing was changed.","The file could not be written. Nothing was changed.","Soubor nešel zapsat. Nic se nezměnilo.","Die Datei konnte nicht geschrieben werden. Es wurde nichts geändert.","Не удалось записать файл. Ничего не изменено.","Nie udało się zapisać pliku. Nic nie zostało zmienione.","A fájlt nem sikerült írni. Semmi sem változott.","Impossibile scrivere il file. Nulla è stato modificato.","No se pudo escribir el archivo. No se cambió nada.","Le fichier n'a pas pu être écrit. Rien n'a été modifié.","無法寫入檔案。沒有任何變更。","ファイルを書き込めませんでした。何も変更されていません。","O arquivo não pôde ser gravado. Nada foi alterado.","无法写入文件。没有任何更改。"
"VSTR_XMLE_ERR_VERIFY","The written file did not verify and was restored from the backup.","The written file did not verify and was restored from the backup.","Zapsaný soubor neprošel ověřením a byl obnoven ze zálohy.","Die geschriebene Datei wurde nicht bestätigt und aus der Sicherung wiederhergestellt.","Записанный файл не прошёл проверку и был восстановлен из резервной копии.","Zapisany plik nie przeszedł weryfikacji i został przywrócony z kopii zapasowej.","Az írt fájl nem ment át az ellenőrzésen, ezért visszaállt a mentésből.","Il file scritto non ha superato la verifica ed è stato ripristinato dal backup.","El archivo escrito no pasó la verificación y se restauró desde la copia de seguridad.","Le fichier écrit n'a pas été validé et a été restauré depuis la sauvegarde.","寫入的檔案未通過驗證，已從備份還原。","書き込んだファイルの検証に失敗したため、バックアップから復元しました。","O arquivo gravado não passou na verificação e foi restaurado do backup.","写入的文件未通过验证，已从备份还原。"
"VSTR_XMLE_ERR_ROLLBACK","The written file did not verify and could not be restored. Restore backup %1 from the BACKUPS tab.","The written file did not verify and could not be restored. Restore backup %1 from the BACKUPS tab.","Zapsaný soubor neprošel ověřením a nešel obnovit. Obnov zálohu %1 na kartě ZÁLOHY.","Die geschriebene Datei wurde nicht bestätigt und konnte nicht wiederhergestellt werden. Stelle Sicherung %1 im Tab SICHERUNGEN wieder her.","Записанный файл не прошёл проверку и не может быть восстановлен. Восстановите копию %1 на вкладке КОПИИ.","Zapisany plik nie przeszedł weryfikacji i nie dało się go przywrócić. Przywróć kopię %1 na karcie KOPIE.","Az írt fájl nem ment át az ellenőrzésen, és nem sikerült visszaállítani. Állítsd vissza a(z) %1 mentést a MENTÉSEK lapon.","Il file scritto non ha superato la verifica e non è stato possibile ripristinarlo. Ripristina il backup %1 dalla scheda BACKUP.","El archivo escrito no pasó la verificación y no se pudo restaurar. Restaura la copia %1 desde la pestaña COPIAS.","Le fichier écrit n'a pas été validé et n'a pas pu être restauré. Restaurez la sauvegarde %1 depuis l'onglet SAUVEGARDES.","寫入的檔案未通過驗證且無法還原。請在「備份」分頁還原備份 %1。","書き込んだファイルの検証に失敗し、復元もできませんでした。「バックアップ」タブからバックアップ %1 を復元してください。","O arquivo gravado não passou na verificação e não pôde ser restaurado. Restaure o backup %1 na aba BACKUPS.","写入的文件未通过验证且无法还原。请在“备份”选项卡还原备份 %1。"
"VSTR_XMLE_ERR_VALIDATION","Invalid change for %1.","Invalid change for %1.","Neplatná změna pro %1.","Ungültige Änderung für %1.","Недопустимое изменение для %1.","Nieprawidłowa zmiana dla %1.","Érvénytelen változtatás: %1.","Modifica non valida per %1.","Cambio no válido para %1.","Modification non valide pour %1.","%1 的變更無效。","%1 への変更が無効です。","Alteração inválida para %1.","%1 的更改无效。"
"VSTR_XMLE_ERR_NAME_EXISTS","A type named %1 already exists in that file.","A type named %1 already exists in that file.","Typ s názvem %1 v tomto souboru již existuje.","Ein Typ namens %1 existiert in dieser Datei bereits.","Тип с именем %1 уже есть в этом файле.","Typ o nazwie %1 już istnieje w tym pliku.","Már létezik %1 nevű típus abban a fájlban.","In quel file esiste già un tipo chiamato %1.","Ya existe un tipo llamado %1 en ese archivo.","Un type nommé %1 existe déjà dans ce fichier.","該檔案中已存在名為 %1 的類型。","そのファイルには %1 という名前のタイプが既にあります。","Já existe um tipo chamado %1 nesse arquivo.","该文件中已存在名为 %1 的类型。"
"VSTR_XMLE_ERR_NAME_OTHER_FILE","%1 is also defined in another types file. Confirm the override first.","%1 is also defined in another types file. Confirm the override first.","%1 je definován i v jiném souboru typů. Nejprve potvrď přepsání.","%1 ist auch in einer anderen Types-Datei definiert. Bestätige zuerst die Überschreibung.","%1 также определён в другом файле типов. Сначала подтвердите переопределение.","%1 jest także zdefiniowany w innym pliku typów. Najpierw potwierdź nadpisanie.","%1 egy másik types fájlban is definiálva van. Előbb erősítsd meg a felülírást.","%1 è definito anche in un altro file dei tipi. Conferma prima la sovrascrittura.","%1 también está definido en otro archivo de tipos. Confirma antes la sobrescritura.","%1 est aussi défini dans un autre fichier types. Confirmez d'abord la surcharge.","%1 也定義於另一個 types 檔案中。請先確認覆寫。","%1 は別の types ファイルでも定義されています。先に上書きを確認してください。","%1 também está definido em outro arquivo de tipos. Confirme a sobrescrita antes.","%1 也定义于另一个 types 文件中。请先确认覆盖。"
"VSTR_XMLE_ERR_NAME_INVALID","%1 is not a valid class name.","%1 is not a valid class name.","%1 není platný název třídy.","%1 ist kein gültiger Klassenname.","%1 не является допустимым именем класса.","%1 nie jest prawidłową nazwą klasy.","%1 nem érvényes osztálynév.","%1 non è un nome di classe valido.","%1 no es un nombre de clase válido.","%1 n'est pas un nom de classe valide.","%1 不是有效的類別名稱。","%1 は有効なクラス名ではありません。","%1 não é um nome de classe válido.","%1 不是有效的类名。"
"VSTR_XMLE_ERR_NOT_FOUND","%1 was not found in that file.","%1 was not found in that file.","%1 nebyl v tomto souboru nalezen.","%1 wurde in dieser Datei nicht gefunden.","%1 не найден в этом файле.","Nie znaleziono %1 w tym pliku.","%1 nem található abban a fájlban.","%1 non è stato trovato in quel file.","No se encontró %1 en ese archivo.","%1 est introuvable dans ce fichier.","在該檔案中找不到 %1。","そのファイルに %1 が見つかりませんでした。","%1 não foi encontrado nesse arquivo.","在该文件中找不到 %1。"
"VSTR_XMLE_ERR_BACKUP_MISSING","That backup no longer exists.","That backup no longer exists.","Tato záloha už neexistuje.","Diese Sicherung existiert nicht mehr.","Эта резервная копия больше не существует.","Ta kopia zapasowa już nie istnieje.","Ez a mentés már nem létezik.","Quel backup non esiste più.","Esa copia de seguridad ya no existe.","Cette sauvegarde n'existe plus.","該備份已不存在。","そのバックアップはもう存在しません。","Esse backup não existe mais.","该备份已不存在。"
"VSTR_XMLE_ERR_PROTOCOL","Client and server XML Editor versions differ. Update the mod.","Client and server XML Editor versions differ. Update the mod.","Verze XML Editoru na klientu a serveru se liší. Aktualizuj mod.","Die XML-Editor-Versionen von Client und Server unterscheiden sich. Aktualisiere den Mod.","Версии XML-редактора клиента и сервера различаются. Обновите мод.","Wersje edytora XML klienta i serwera się różnią. Zaktualizuj moda.","A kliens és a szerver XML szerkesztőjének verziója eltér. Frissítsd a modot.","Le versioni dell'editor XML di client e server sono diverse. Aggiorna la mod.","Las versiones del editor XML del cliente y del servidor no coinciden. Actualiza el mod.","Les versions de l'éditeur XML du client et du serveur diffèrent. Mettez le mod à jour.","用戶端與伺服器的 XML 編輯器版本不同。請更新模組。","クライアントとサーバーの XML エディターのバージョンが異なります。MOD を更新してください。","As versões do editor XML do cliente e do servidor são diferentes. Atualize o mod.","客户端与服务器的 XML 编辑器版本不同。请更新模组。"
"VSTR_XMLE_ERR_NOT_READY","The index is still being built. Try again in a moment.","The index is still being built. Try again in a moment.","Index se stále vytváří. Zkus to za chvíli znovu.","Der Index wird noch aufgebaut. Versuche es gleich noch einmal.","Индекс ещё строится. Повторите попытку чуть позже.","Indeks jest jeszcze budowany. Spróbuj ponownie za chwilę.","Az index még készül. Próbáld újra egy pillanat múlva.","L'indice è ancora in costruzione. Riprova tra un momento.","El índice aún se está creando. Inténtalo de nuevo en un momento.","L'index est encore en cours de construction. Réessayez dans un instant.","索引仍在建立中。請稍後再試。","インデックスを作成中です。しばらくしてから再試行してください。","O índice ainda está sendo criado. Tente novamente em instantes.","索引仍在建立中。请稍后再试。"
"VSTR_XMLE_ERR_COOLDOWN","Please wait a few seconds before scanning again.","Please wait a few seconds before scanning again.","Před dalším skenováním počkej pár sekund.","Bitte warte ein paar Sekunden, bevor du erneut scannst.","Подождите несколько секунд перед новым сканированием.","Odczekaj kilka sekund przed ponownym skanowaniem.","Várj néhány másodpercet az újabb keresés előtt.","Attendi qualche secondo prima di eseguire un'altra scansione.","Espera unos segundos antes de volver a escanear.","Patientez quelques secondes avant de relancer un scan.","請稍候幾秒再重新掃描。","再スキャンする前に数秒お待ちください。","Aguarde alguns segundos antes de escanear novamente.","请稍候几秒再重新扫描。"
"VSTR_XMLE_ERR_REFUSED","%1 object(s) were refused: players, occupied vehicles or other types.","%1 object(s) were refused: players, occupied vehicles or other types.","Odmítnuté objekty: %1 (hráči, obsazená vozidla nebo jiné typy).","%1 Objekt(e) wurden abgelehnt: Spieler, besetzte Fahrzeuge oder andere Typen.","Отклонено объектов: %1 (игроки, занятые машины или другие типы).","Odrzucone obiekty: %1 (gracze, zajęte pojazdy lub inne typy).","%1 objektum elutasítva: játékosok, foglalt járművek vagy más típusok.","%1 oggetti rifiutati: giocatori, veicoli occupati o altri tipi.","Se rechazaron %1 objeto(s): jugadores, vehículos ocupados u otros tipos.","%1 objet(s) refusé(s) : joueurs, véhicules occupés ou autres types.","有 %1 個物件被拒絕：玩家、有人乘坐的載具或其他類型。","%1 個のオブジェクトが拒否されました（プレイヤー、乗車中の車両、他のタイプ）。","%1 objeto(s) recusado(s): jogadores, veículos ocupados ou outros tipos.","有 %1 个物体被拒绝：玩家、有人乘坐的载具或其他类型。"
"VSTR_XMLE_ERR_READONLY_FILE","That file cannot be edited.","That file cannot be edited.","Tento soubor nelze upravit.","Diese Datei kann nicht bearbeitet werden.","Этот файл нельзя изменить.","Tego pliku nie można edytować.","Ez a fájl nem szerkeszthető.","Quel file non può essere modificato.","Ese archivo no se puede editar.","Ce fichier ne peut pas être modifié.","該檔案無法編輯。","そのファイルは編集できません。","Esse arquivo não pode ser editado.","该文件无法编辑。"
"VSTR_XMLE_ERR_INTERNAL","Internal check failed (%1). Nothing was written.","Internal check failed (%1). Nothing was written.","Vnitřní kontrola selhala (%1). Nic se nezapsalo.","Interne Prüfung fehlgeschlagen (%1). Es wurde nichts geschrieben.","Внутренняя проверка не пройдена (%1). Ничего не записано.","Wewnętrzna kontrola nie powiodła się (%1). Nic nie zapisano.","Belső ellenőrzés sikertelen (%1). Semmi sem íródott ki.","Controllo interno non riuscito (%1). Non è stato scritto nulla.","Falló una comprobación interna (%1). No se escribió nada.","Échec d'une vérification interne (%1). Rien n'a été écrit.","內部檢查失敗（%1）。未寫入任何內容。","内部チェックに失敗しました（%1）。何も書き込まれていません。","Falha numa verificação interna (%1). Nada foi gravado.","内部检查失败（%1）。未写入任何内容。"
"VSTR_XMLE_SAVED","Saved %1 change(s) to %2. It applies after the next restart.","Saved %1 change(s) to %2. It applies after the next restart.","Uloženo změn: %1 do %2. Projeví se po příštím restartu.","%1 Änderung(en) in %2 gespeichert. Gilt nach dem nächsten Neustart.","Сохранено изменений: %1 в %2. Вступит в силу после следующего перезапуска.","Zapisano zmiany (%1) w %2. Zadziałają po następnym restarcie.","%1 változás mentve ide: %2. A következő újraindítás után lép életbe.","Salvate %1 modifiche in %2. Valgono dopo il prossimo riavvio.","Guardado(s) %1 cambio(s) en %2. Se aplica tras el próximo reinicio.","%1 modification(s) enregistrée(s) dans %2. S'applique après le prochain redémarrage.","已將 %1 項變更儲存到 %2。會在下次重新啟動後生效。","%1 件の変更を %2 に保存しました。次回の再起動後に反映されます。","%1 alteração(ões) salva(s) em %2. Vale após o próximo reinício.","已将 %1 项更改保存到 %2。会在下次重启后生效。"
"VSTR_XMLE_NOTIFY_OTHER_ADMIN","%1 was changed on the server. Your unsaved changes are kept. Review them, then press SAVE.","%1 was changed on the server. Your unsaved changes are kept. Review them, then press SAVE.","%1 byl na serveru změněn. Tvé neuložené změny zůstávají. Zkontroluj je a stiskni ULOŽIT.","%1 wurde auf dem Server geändert. Deine ungespeicherten Änderungen bleiben erhalten. Prüfe sie und drücke dann SPEICHERN.","%1 изменён на сервере. Ваши несохранённые изменения сохранены. Проверьте их и нажмите СОХРАНИТЬ.","%1 został zmieniony na serwerze. Twoje niezapisane zmiany pozostają. Sprawdź je i naciśnij ZAPISZ.","A(z) %1 megváltozott a szerveren. A mentetlen változtatásaid megmaradnak. Nézd át őket, majd nyomd meg a MENTÉS gombot.","%1 è stato modificato sul server. Le tue modifiche non salvate restano. Controllale, poi premi SALVA.","%1 cambió en el servidor. Tus cambios sin guardar se conservan. Revísalos y pulsa GUARDAR.","%1 a été modifié sur le serveur. Vos modifications non enregistrées sont conservées. Vérifiez-les, puis appuyez sur ENREGISTRER.","伺服器上的 %1 已變更。你未儲存的變更會保留。請檢查後按「儲存」。","サーバー上で %1 が変更されました。未保存の変更は保持されています。確認してから「保存」を押してください。","%1 foi alterado no servidor. Suas alterações não salvas foram mantidas. Revise-as e clique em SALVAR.","服务器上的 %1 已更改。你未保存的更改会保留。请检查后按“保存”。"
"VSTR_XMLE_NOTIFY_REBASED","Your changes to %1 now apply to the latest version. %2 type(s) were also changed by someone else: check them before saving.","Your changes to %1 now apply to the latest version. %2 type(s) were also changed by someone else: check them before saving.","Tvé změny v %1 nyní platí pro nejnovější verzi. Typy změněné i někým jiným: %2. Před uložením je zkontroluj.","Deine Änderungen an %1 gelten jetzt für die neueste Version. %2 Typ(en) wurden auch von jemand anderem geändert: Prüfe sie vor dem Speichern.","Ваши изменения в %1 теперь применяются к последней версии. Типов, изменённых также кем-то другим: %2. Проверьте их перед сохранением.","Twoje zmiany w %1 dotyczą teraz najnowszej wersji. Typy zmienione także przez kogoś innego: %2. Sprawdź je przed zapisem.","A(z) %1 változtatásaid most a legújabb verzióra vonatkoznak. %2 típust valaki más is módosított: mentés előtt ellenőrizd őket.","Le tue modifiche a %1 ora si applicano all'ultima versione. %2 tipi sono stati modificati anche da qualcun altro: controllali prima di salvare.","Tus cambios en %1 ahora se aplican a la última versión. %2 tipo(s) también los cambió otra persona: revísalos antes de guardar.","Vos modifications de %1 s'appliquent désormais à la dernière version. %2 type(s) ont aussi été modifiés par quelqu'un d'autre : vérifiez-les avant d'enregistrer.","你對 %1 的變更現已套用到最新版本。有 %2 個類型也被他人變更：儲存前請先檢查。","%1 への変更は最新バージョンに適用されました。%2 個のタイプは他の人も変更しています。保存前に確認してください。","Suas alterações em %1 agora valem para a versão mais recente. %2 tipo(s) também foram alterados por outra pessoa: verifique-os antes de salvar.","你对 %1 的更改现已应用到最新版本。有 %2 个类型也被他人更改：保存前请先检查。"
"VSTR_XMLE_STRUCT_SAVE_FIRST","Save or revert the unsaved changes of this type first.","Save or revert the unsaved changes of this type first.","Nejprve ulož nebo vrať neuložené změny tohoto typu.","Speichere oder verwirf zuerst die ungespeicherten Änderungen dieses Typs.","Сначала сохраните или отмените несохранённые изменения этого типа.","Najpierw zapisz lub cofnij niezapisane zmiany tego typu.","Előbb mentsd vagy vond vissza a típus mentetlen változásait.","Prima salva o annulla le modifiche non salvate di questo tipo.","Primero guarda o revierte los cambios sin guardar de este tipo.","Enregistrez ou annulez d'abord les modifications non enregistrées de ce type.","請先儲存或還原此類型未儲存的變更。","先にこのタイプの未保存の変更を保存するか元に戻してください。","Primeiro salve ou reverta as alterações não salvas deste tipo.","请先保存或还原此类型未保存的更改。"
"VSTR_XMLE_DLG_DROP_STAGED","Its %1 unsaved change(s) are discarded.","Its %1 unsaved change(s) are discarded.","Jeho neuložené změny (%1) budou zahozeny.","Seine %1 ungespeicherten Änderung(en) werden verworfen.","Его несохранённые изменения (%1) будут отменены.","Jego niezapisane zmiany (%1) zostaną odrzucone.","A(z) %1 mentetlen változása elvész.","Le sue %1 modifiche non salvate vengono scartate.","Se descartan sus %1 cambio(s) sin guardar.","Ses %1 modification(s) non enregistrée(s) sont abandonnées.","它的 %1 項未儲存變更會被捨棄。","未保存の変更 %1 件は破棄されます。","As %1 alteração(ões) não salva(s) dele são descartadas.","它的 %1 项未保存更改会被放弃。"
"VSTR_XMLE_NOTIFY_ORPHANED","%1 unsaved change(s) in %2 were dropped: those types no longer exist in that file.","%1 unsaved change(s) in %2 were dropped: those types no longer exist in that file.","Neuložené změny v %2 (%1) byly zahozeny: tyto typy už v souboru neexistují.","%1 ungespeicherte Änderung(en) in %2 wurden verworfen: Diese Typen gibt es in der Datei nicht mehr.","Несохранённые изменения в %2 (%1) отброшены: этих типов больше нет в файле.","Niezapisane zmiany w %2 (%1) zostały odrzucone: tych typów nie ma już w pliku.","%1 mentetlen változás elveszett itt: %2. Ezek a típusok már nem léteznek a fájlban.","%1 modifiche non salvate in %2 sono state scartate: quei tipi non esistono più nel file.","Se descartaron %1 cambio(s) sin guardar en %2: esos tipos ya no existen en ese archivo.","%1 modification(s) non enregistrée(s) dans %2 ont été abandonnées : ces types n'existent plus dans ce fichier.","%2 中有 %1 項未儲存變更已被捨棄：這些類型已不在該檔案中。","%2 の未保存の変更 %1 件を破棄しました。それらのタイプはもうファイルにありません。","%1 alteração(ões) não salva(s) em %2 foram descartadas: esses tipos não existem mais nesse arquivo.","%2 中有 %1 项未保存更改已被放弃：这些类型已不在该文件中。"
"VSTR_XMLE_BK_UNVERIFIED","Unverified copy: the file could not be read when this backup was made. It cannot be restored or compared here.","Unverified copy: the file could not be read when this backup was made. It cannot be restored or compared here.","Neověřená kopie: při vytváření této zálohy nešel soubor přečíst. Zde ji nelze obnovit ani porovnat.","Ungeprüfte Kopie: Die Datei war beim Anlegen dieser Sicherung nicht lesbar. Sie kann hier nicht wiederhergestellt oder verglichen werden.","Непроверенная копия: при её создании файл не удалось прочитать. Здесь её нельзя восстановить или сравнить.","Niezweryfikowana kopia: podczas tworzenia tej kopii nie dało się odczytać pliku. Nie można jej tu przywrócić ani porównać.","Ellenőrizetlen másolat: a mentés készítésekor a fájl nem volt olvasható. Itt nem állítható vissza és nem hasonlítható össze.","Copia non verificata: il file non era leggibile quando è stato creato questo backup. Qui non può essere ripristinata né confrontata.","Copia sin verificar: el archivo no se pudo leer al crear esta copia. No se puede restaurar ni comparar aquí.","Copie non vérifiée : le fichier était illisible lors de cette sauvegarde. Elle ne peut pas être restaurée ni comparée ici.","未驗證的複本：建立此備份時無法讀取檔案。無法在此還原或比較。","未検証のコピーです。このバックアップ作成時にファイルを読み込めませんでした。ここでは復元も比較もできません。","Cópia não verificada: o arquivo não pôde ser lido quando este backup foi feito. Não pode ser restaurada nem comparada aqui.","未验证的副本：创建此备份时无法读取文件。无法在此还原或比较。"
"VSTR_XMLE_ERR_DUP_IN_FILE","%1 is defined more than once in this file. Merge or delete the duplicate definitions first.","%1 is defined more than once in this file. Merge or delete the duplicate definitions first.","%1 je v tomto souboru definován vícekrát. Nejprve duplicitní definice slouč nebo smaž.","%1 ist in dieser Datei mehrfach definiert. Führe die doppelten Definitionen zuerst zusammen oder lösche sie.","%1 определён в этом файле более одного раза. Сначала объедините или удалите повторяющиеся определения.","%1 jest zdefiniowany w tym pliku więcej niż raz. Najpierw scal lub usuń zduplikowane definicje.","%1 többször is definiálva van ebben a fájlban. Előbb vond össze vagy töröld a duplikált definíciókat.","%1 è definito più di una volta in questo file. Unisci o elimina prima le definizioni duplicate.","%1 está definido más de una vez en este archivo. Combina o elimina primero las definiciones duplicadas.","%1 est défini plusieurs fois dans ce fichier. Fusionnez ou supprimez d'abord les définitions en double.","%1 在此檔案中定義了不只一次。請先合併或刪除重複的定義。","%1 はこのファイル内で複数回定義されています。先に重複した定義を統合または削除してください。","%1 está definido mais de uma vez neste arquivo. Mescle ou exclua as definições duplicadas primeiro.","%1 在此文件中定义了不止一次。请先合并或删除重复的定义。"
"VSTR_XMLE_TAB_CREATE","CREATE","CREATE","VYTVOŘIT","ERSTELLEN","СОЗДАТЬ","UTWÓRZ","LÉTREHOZÁS","CREA","CREAR","CRÉER","建立","作成","CRIAR","创建"
"VSTR_XMLE_CR_LIST_TITLE","CUSTOM CE FILES","CUSTOM CE FILES","VLASTNÍ SOUBORY CE","EIGENE CE-DATEIEN","СВОИ ФАЙЛЫ CE","WŁASNE PLIKI CE","EGYÉNI CE FÁJLOK","FILE CE PERSONALIZZATI","ARCHIVOS CE PERSONALIZADOS","FICHIERS CE PERSONNALISÉS","自訂 CE 檔案","カスタム CE ファイル","ARQUIVOS CE PERSONALIZADOS","自定义 CE 文件"
"VSTR_XMLE_CR_LIST_HINT","Files registered through <ce> blocks in cfgeconomycore.xml. Click a row to use its folder; double-click a types or messages file to open it.","Files registered through <ce> blocks in cfgeconomycore.xml. Click a row to use its folder; double-click a types or messages file to open it.","Soubory registrované bloky <ce> v cfgeconomycore.xml. Kliknutím na řádek použijete jeho složku; dvojklikem otevřete soubor types nebo zpráv.","Über <ce>-Blöcke in cfgeconomycore.xml registrierte Dateien. Klicke auf eine Zeile, um ihren Ordner zu übernehmen; ein Doppelklick öffnet eine Types- oder Nachrichtendatei.","Файлы, зарегистрированные блоками <ce> в cfgeconomycore.xml. Щёлкните строку, чтобы взять её папку; двойной щелчок открывает файл types или сообщений.","Pliki zarejestrowane blokami <ce> w cfgeconomycore.xml. Kliknij wiersz, aby użyć jego folderu; kliknij dwukrotnie plik types lub wiadomości, aby go otworzyć.","A cfgeconomycore.xml <ce> blokkjaiban regisztrált fájlok. Kattints egy sorra a mappája használatához; egy types vagy üzenetfájlra duplán kattintva megnyílik.","File registrati tramite blocchi <ce> in cfgeconomycore.xml. Fai clic su una riga per usarne la cartella; fai doppio clic su un file types o di messaggi per aprirlo.","Archivos registrados mediante bloques <ce> en cfgeconomycore.xml. Haz clic en una fila para usar su carpeta; haz doble clic en un archivo types o de mensajes para abrirlo.","Fichiers enregistrés via des blocs <ce> dans cfgeconomycore.xml. Cliquez sur une ligne pour utiliser son dossier ; double-cliquez sur un fichier types ou de messages pour l'ouvrir.","透過 cfgeconomycore.xml 中的 <ce> 區塊註冊的檔案。點選一列即可使用其資料夾；雙擊 types 或訊息檔案即可開啟。","cfgeconomycore.xml の <ce> ブロックで登録されたファイルです。行をクリックするとそのフォルダーを使用し、types またはメッセージファイルをダブルクリックすると開きます。","Arquivos registrados por blocos <ce> em cfgeconomycore.xml. Clique em uma linha para usar a pasta dela; clique duas vezes em um arquivo types ou de mensagens para abri-lo.","通过 cfgeconomycore.xml 中的 <ce> 块注册的文件。单击一行即可使用其文件夹；双击 types 或消息文件即可打开。"
"VSTR_XMLE_CR_LIST_EMPTY","No <ce> files are registered yet.","No <ce> files are registered yet.","Zatím nejsou registrovány žádné soubory <ce>.","Noch keine <ce>-Dateien registriert.","Файлы <ce> пока не зарегистрированы.","Nie zarejestrowano jeszcze plików <ce>.","Még nincs regisztrált <ce> fájl.","Nessun file <ce> ancora registrato.","Aún no hay archivos <ce> registrados.","Aucun fichier <ce> n'est encore enregistré.","尚未註冊任何 <ce> 檔案。","<ce> ファイルはまだ登録されていません。","Nenhum arquivo <ce> registrado ainda.","尚未注册任何 <ce> 文件。"
"VSTR_XMLE_CR_FORM_TITLE","NEW CE FILE","NEW CE FILE","NOVÝ SOUBOR CE","NEUE CE-DATEI","НОВЫЙ ФАЙЛ CE","NOWY PLIK CE","ÚJ CE FÁJL","NUOVO FILE CE","NUEVO ARCHIVO CE","NOUVEAU FICHIER CE","新 CE 檔案","新しい CE ファイル","NOVO ARQUIVO CE","新 CE 文件"
"VSTR_XMLE_CR_FOLDER","Folder","Folder","Složka","Ordner","Папка","Folder","Mappa","Cartella","Carpeta","Dossier","資料夾","フォルダー","Pasta","文件夹"
"VSTR_XMLE_CR_FILE","File name","File name","Název souboru","Dateiname","Имя файла","Nazwa pliku","Fájlnév","Nome file","Nombre de archivo","Nom du fichier","檔案名稱","ファイル名","Nome do arquivo","文件名"
"VSTR_XMLE_CR_PICK_FOLDER","Existing folders","Existing folders","Existující složky","Vorhandene Ordner","Существующие папки","Istniejące foldery","Meglévő mappák","Cartelle esistenti","Carpetas existentes","Dossiers existants","現有資料夾","既存のフォルダー","Pastas existentes","现有文件夹"
"VSTR_XMLE_CR_RULES","Letters, digits, _ and - (up to 3 folder levels); .xml is added.","Letters, digits, _ and - (up to 3 folder levels); .xml is added.","Písmena, číslice, _ a - (až 3 úrovně složek); .xml se doplní.","Buchstaben, Ziffern, _ und - (bis zu 3 Ordnerebenen); .xml wird ergänzt.","Буквы, цифры, _ и - (до 3 уровней папок); .xml добавляется.","Litery, cyfry, _ i - (do 3 poziomów folderów); .xml jest dodawane.","Betűk, számjegyek, _ és - (legfeljebb 3 mappaszint); a .xml hozzáadódik.","Lettere, cifre, _ e - (fino a 3 livelli di cartelle); .xml viene aggiunto.","Letras, dígitos, _ y - (hasta 3 niveles de carpetas); se añade .xml.","Lettres, chiffres, _ et - (jusqu'à 3 niveaux de dossiers) ; .xml est ajouté.","字母、數字、_ 與 -（最多 3 層資料夾）；會自動加上 .xml。","英字・数字・_・-（フォルダーは 3 階層まで）。.xml は自動で付きます。","Letras, dígitos, _ e - (até 3 níveis de pastas); .xml é adicionado.","字母、数字、_ 和 -（最多 3 层文件夹）；会自动添加 .xml。"
"VSTR_XMLE_CR_PREVIEW_FILE","File: %1","File: %1","Soubor: %1","Datei: %1","Файл: %1","Plik: %1","Fájl: %1","File: %1","Archivo: %1","Fichier : %1","檔案：%1","ファイル: %1","Arquivo: %1","文件：%1"
"VSTR_XMLE_CR_PREVIEW_EXISTING","Added to cfgeconomycore.xml inside %1:","Added to cfgeconomycore.xml inside %1:","Přidá se do cfgeconomycore.xml do %1:","Wird in cfgeconomycore.xml innerhalb von %1 ergänzt:","Будет добавлено в cfgeconomycore.xml внутрь %1:","Zostanie dodane do cfgeconomycore.xml wewnątrz %1:","A cfgeconomycore.xml fájlba kerül, ezen belül: %1","Aggiunto a cfgeconomycore.xml dentro %1:","Se añade a cfgeconomycore.xml dentro de %1:","Ajouté à cfgeconomycore.xml dans %1 :","將加入 cfgeconomycore.xml 的 %1 之內：","cfgeconomycore.xml の %1 の中に追加されます:","Adicionado ao cfgeconomycore.xml dentro de %1:","将添加到 cfgeconomycore.xml 的 %1 之内："
"VSTR_XMLE_CR_PREVIEW_NEW","Added to cfgeconomycore.xml as a new block:","Added to cfgeconomycore.xml as a new block:","Přidá se do cfgeconomycore.xml jako nový blok:","Wird in cfgeconomycore.xml als neuer Block ergänzt:","Будет добавлено в cfgeconomycore.xml новым блоком:","Zostanie dodane do cfgeconomycore.xml jako nowy blok:","Új blokkként kerül a cfgeconomycore.xml fájlba:","Aggiunto a cfgeconomycore.xml come nuovo blocco:","Se añade a cfgeconomycore.xml como un bloque nuevo:","Ajouté à cfgeconomycore.xml sous forme de nouveau bloc :","將以新區塊加入 cfgeconomycore.xml：","新しいブロックとして cfgeconomycore.xml に追加されます:","Adicionado ao cfgeconomycore.xml como um novo bloco:","将以新块添加到 cfgeconomycore.xml："
"VSTR_XMLE_CR_EMPTY","Enter a folder and a file name.","Enter a folder and a file name.","Zadejte složku a název souboru.","Gib einen Ordner und einen Dateinamen ein.","Введите папку и имя файла.","Wpisz folder i nazwę pliku.","Adj meg egy mappát és egy fájlnevet.","Inserisci una cartella e un nome file.","Introduce una carpeta y un nombre de archivo.","Saisissez un dossier et un nom de fichier.","請輸入資料夾與檔案名稱。","フォルダーとファイル名を入力してください。","Informe uma pasta e um nome de arquivo.","请输入文件夹和文件名。"
"VSTR_XMLE_CR_READY","Ready to create %1","Ready to create %1","Připraveno k vytvoření %1","Bereit zum Erstellen von %1","Готово к созданию %1","Gotowe do utworzenia %1","Létrehozható: %1","Pronto per creare %1","Listo para crear %1","Prêt à créer %1","可以建立 %1","%1 を作成できます","Pronto para criar %1","可以创建 %1"
"VSTR_XMLE_CR_BTN_CREATE","CREATE FILE","CREATE FILE","VYTVOŘIT SOUBOR","DATEI ERSTELLEN","СОЗДАТЬ ФАЙЛ","UTWÓRZ PLIK","FÁJL LÉTREHOZÁSA","CREA FILE","CREAR ARCHIVO","CRÉER LE FICHIER","建立檔案","ファイルを作成","CRIAR ARQUIVO","创建文件"
"VSTR_XMLE_CR_BTN_OPEN","OPEN FILE","OPEN FILE","OTEVŘÍT SOUBOR","DATEI ÖFFNEN","ОТКРЫТЬ ФАЙЛ","OTWÓRZ PLIK","FÁJL MEGNYITÁSA","APRI FILE","ABRIR ARCHIVO","OUVRIR LE FICHIER","開啟檔案","ファイルを開く","ABRIR ARQUIVO","打开文件"
"VSTR_XMLE_CR_NOTE","Both files are backed up before the change. The Central Economy loads the new file at the next server restart. Fill a types file from the Types tab (add, move or copy types into it) and a messages file from the Messages tab.","Both files are backed up before the change. The Central Economy loads the new file at the next server restart. Fill a types file from the Types tab (add, move or copy types into it) and a messages file from the Messages tab.","Oba soubory se před změnou zálohují. Centrální ekonomika načte nový soubor při příštím restartu serveru. Soubor types naplňte na kartě Typy (přidáním, přesunutím či kopírováním typů) a soubor zpráv na kartě Zprávy.","Beide Dateien werden vor der Änderung gesichert. Die Central Economy lädt die neue Datei beim nächsten Serverneustart. Befülle eine Types-Datei im Tab Typen (Typen hinzufügen, verschieben oder kopieren) und eine Nachrichtendatei im Tab Nachrichten.","Перед изменением создаются резервные копии обоих файлов. Центральная экономика загрузит новый файл при следующем перезапуске. Файл types заполняйте на вкладке «Типы» (добавляя, перемещая или копируя типы), а файл сообщений — на вкладке «Сообщения».","Przed zmianą oba pliki są archiwizowane. Centralna ekonomia wczyta nowy plik przy następnym restarcie serwera. Plik types wypełnij na karcie Typy (dodając, przenosząc lub kopiując typy), a plik wiadomości na karcie Wiadomości.","A módosítás előtt mindkét fájlról biztonsági mentés készül. A Central Economy a következő újraindításkor tölti be az új fájlt. A types fájlt a Típusok fülön töltsd fel (típusok hozzáadásával, áthelyezésével vagy másolásával), az üzenetfájlt az Üzenetek fülön.","Prima della modifica viene fatto un backup di entrambi i file. La Central Economy carica il nuovo file al prossimo riavvio. Riempi un file types dalla scheda Tipi (aggiungendo, spostando o copiando tipi) e un file di messaggi dalla scheda Messaggi.","Ambos archivos se respaldan antes del cambio. La economía central carga el nuevo archivo en el próximo reinicio. Rellena un archivo types desde la pestaña Tipos (añadiendo, moviendo o copiando tipos) y un archivo de mensajes desde la pestaña Mensajes.","Les deux fichiers sont sauvegardés avant la modification. L'économie centrale charge le nouveau fichier au prochain redémarrage. Remplissez un fichier types depuis l'onglet Types (ajout, déplacement ou copie de types) et un fichier de messages depuis l'onglet Messages.","變更前會先備份這兩個檔案。中央經濟系統會在下次重新啟動時載入新檔案。types 檔案請在「類型」分頁填入（新增、移動或複製類型），訊息檔案請在「訊息」分頁編輯。","変更の前に両方のファイルがバックアップされます。セントラルエコノミーは次回の再起動時に新しいファイルを読み込みます。types ファイルは「タイプ」タブで（タイプの追加・移動・コピー）、メッセージファイルは「メッセージ」タブで編集してください。","Os dois arquivos recebem backup antes da alteração. A Economia Central carrega o novo arquivo na próxima reinicialização. Preencha um arquivo types pela aba Tipos (adicionando, movendo ou copiando tipos) e um arquivo de mensagens pela aba Mensagens.","修改前会先备份这两个文件。中央经济系统会在下次重启时加载新文件。types 文件请在“类型”选项卡中填充（添加、移动或复制类型），消息文件请在“消息”选项卡中编辑。"
"VSTR_XMLE_CR_DLG_TITLE","Create file","Create file","Vytvořit soubor","Datei erstellen","Создать файл","Utwórz plik","Fájl létrehozása","Crea file","Crear archivo","Créer un fichier","建立檔案","ファイルを作成","Criar arquivo","创建文件"
"VSTR_XMLE_CR_DLG_BODY","Create %1 and register it in cfgeconomycore.xml? If a file of that kind already exists there, it is registered as it is.","Create %1 and register it in cfgeconomycore.xml? If a file of that kind already exists there, it is registered as it is.","Vytvořit %1 a zaregistrovat ho v cfgeconomycore.xml? Pokud tam soubor tohoto druhu už existuje, zaregistruje se beze změny.","%1 erstellen und in cfgeconomycore.xml registrieren? Existiert dort bereits eine Datei dieser Art, wird sie unverändert registriert.","Создать %1 и зарегистрировать его в cfgeconomycore.xml? Если там уже есть файл этого типа, он будет зарегистрирован как есть.","Utworzyć %1 i zarejestrować go w cfgeconomycore.xml? Jeśli istnieje tam już plik tego rodzaju, zostanie zarejestrowany bez zmian.","Létrehozod a(z) %1 fájlt, és regisztrálod a cfgeconomycore.xml-ben? Ha ott már van ilyen típusú fájl, változatlanul regisztrálódik.","Creare %1 e registrarlo in cfgeconomycore.xml? Se lì esiste già un file di quel tipo, viene registrato così com'è.","¿Crear %1 y registrarlo en cfgeconomycore.xml? Si ya existe allí un archivo de ese tipo, se registra tal cual.","Créer %1 et l'enregistrer dans cfgeconomycore.xml ? Si un fichier de ce type existe déjà à cet endroit, il est enregistré tel quel.","要建立 %1 並在 cfgeconomycore.xml 中註冊嗎？若該處已有此種類的檔案，將直接註冊不做變更。","%1 を作成して cfgeconomycore.xml に登録しますか？そこに同じ種類のファイルが既にある場合は、そのまま登録されます。","Criar %1 e registrá-lo em cfgeconomycore.xml? Se já existir ali um arquivo desse tipo, ele será registrado como está.","要创建 %1 并在 cfgeconomycore.xml 中注册吗？如果该处已有此类文件，将按原样注册。"
"VSTR_XMLE_CR_DONE","Created %1 and registered it in cfgeconomycore.xml. Restart the server to load it.","Created %1 and registered it in cfgeconomycore.xml. Restart the server to load it.","%1 byl vytvořen a zaregistrován v cfgeconomycore.xml. Pro načtení restartujte server.","%1 wurde erstellt und in cfgeconomycore.xml registriert. Starte den Server neu, um die Datei zu laden.","%1 создан и зарегистрирован в cfgeconomycore.xml. Перезапустите сервер, чтобы загрузить его.","Utworzono %1 i zarejestrowano w cfgeconomycore.xml. Zrestartuj serwer, aby go wczytać.","%1 létrehozva és regisztrálva a cfgeconomycore.xml-ben. A betöltéshez indítsd újra a szervert.","%1 creato e registrato in cfgeconomycore.xml. Riavvia il server per caricarlo.","Se creó %1 y se registró en cfgeconomycore.xml. Reinicia el servidor para cargarlo.","%1 a été créé et enregistré dans cfgeconomycore.xml. Redémarrez le serveur pour le charger.","已建立 %1 並在 cfgeconomycore.xml 中註冊。請重新啟動伺服器以載入。","%1 を作成し、cfgeconomycore.xml に登録しました。読み込むにはサーバーを再起動してください。","%1 foi criado e registrado em cfgeconomycore.xml. Reinicie o servidor para carregá-lo.","已创建 %1 并在 cfgeconomycore.xml 中注册。请重启服务器以加载。"
"VSTR_XMLE_CR_ADOPTED","Registered the existing file %1 in cfgeconomycore.xml. Restart the server to load it.","Registered the existing file %1 in cfgeconomycore.xml. Restart the server to load it.","Existující soubor %1 byl zaregistrován v cfgeconomycore.xml. Pro načtení restartujte server.","Die vorhandene Datei %1 wurde in cfgeconomycore.xml registriert. Starte den Server neu, um sie zu laden.","Существующий файл %1 зарегистрирован в cfgeconomycore.xml. Перезапустите сервер, чтобы загрузить его.","Zarejestrowano istniejący plik %1 w cfgeconomycore.xml. Zrestartuj serwer, aby go wczytać.","A meglévő %1 fájl regisztrálva a cfgeconomycore.xml-ben. A betöltéshez indítsd újra a szervert.","Il file esistente %1 è stato registrato in cfgeconomycore.xml. Riavvia il server per caricarlo.","Se registró el archivo existente %1 en cfgeconomycore.xml. Reinicia el servidor para cargarlo.","Le fichier existant %1 a été enregistré dans cfgeconomycore.xml. Redémarrez le serveur pour le charger.","已在 cfgeconomycore.xml 中註冊現有檔案 %1。請重新啟動伺服器以載入。","既存のファイル %1 を cfgeconomycore.xml に登録しました。読み込むにはサーバーを再起動してください。","O arquivo existente %1 foi registrado em cfgeconomycore.xml. Reinicie o servidor para carregá-lo.","已在 cfgeconomycore.xml 中注册现有文件 %1。请重启服务器以加载。"
"VSTR_XMLE_CR_NO_PERMISSION","Creating files needs the Add/Remove Types permission.","Creating files needs the Add/Remove Types permission.","Vytváření souborů vyžaduje oprávnění Přidat/Odebrat typy.","Zum Erstellen von Dateien ist die Berechtigung Typen hinzufügen/entfernen nötig.","Для создания файлов нужно право «Добавление/удаление типов».","Tworzenie plików wymaga uprawnienia Dodawanie/usuwanie typów.","Fájlok létrehozásához a Típusok hozzáadása/eltávolítása jogosultság kell.","Per creare file serve il permesso Aggiungi/rimuovi tipi.","Crear archivos requiere el permiso Añadir/quitar tipos.","La création de fichiers nécessite l'autorisation Ajouter/retirer des types.","建立檔案需要「新增/移除類型」權限。","ファイルの作成には「タイプの追加/削除」権限が必要です。","Criar arquivos exige a permissão Adicionar/remover tipos.","创建文件需要“添加/移除类型”权限。"
"VSTR_XMLE_CR_ERR_FOLDER_EMPTY","Enter a folder name.","Enter a folder name.","Zadejte název složky.","Gib einen Ordnernamen ein.","Введите имя папки.","Wpisz nazwę folderu.","Adj meg egy mappanevet.","Inserisci il nome di una cartella.","Introduce un nombre de carpeta.","Saisissez un nom de dossier.","請輸入資料夾名稱。","フォルダー名を入力してください。","Informe o nome de uma pasta.","请输入文件夹名称。"
"VSTR_XMLE_CR_ERR_FOLDER","Folder: only letters, digits, _ and -, up to 3 levels separated by /.","Folder: only letters, digits, _ and -, up to 3 levels separated by /.","Složka: pouze písmena, číslice, _ a -, nejvýše 3 úrovně oddělené /.","Ordner: nur Buchstaben, Ziffern, _ und -, höchstens 3 durch / getrennte Ebenen.","Папка: только буквы, цифры, _ и -, не более 3 уровней через /.","Folder: tylko litery, cyfry, _ i -, najwyżej 3 poziomy oddzielone /.","Mappa: csak betűk, számjegyek, _ és -, legfeljebb 3 szint / jellel elválasztva.","Cartella: solo lettere, cifre, _ e -, fino a 3 livelli separati da /.","Carpeta: solo letras, dígitos, _ y -, hasta 3 niveles separados por /.","Dossier : uniquement lettres, chiffres, _ et -, jusqu'à 3 niveaux séparés par /.","資料夾：只能使用字母、數字、_ 與 -，最多 3 層並以 / 分隔。","フォルダー: 英字・数字・_・- のみ、/ 区切りで 3 階層まで。","Pasta: apenas letras, dígitos, _ e -, até 3 níveis separados por /.","文件夹：只能使用字母、数字、_ 和 -，最多 3 层并以 / 分隔。"
"VSTR_XMLE_CR_ERR_FILE_EMPTY","Enter a file name.","Enter a file name.","Zadejte název souboru.","Gib einen Dateinamen ein.","Введите имя файла.","Wpisz nazwę pliku.","Adj meg egy fájlnevet.","Inserisci un nome file.","Introduce un nombre de archivo.","Saisissez un nom de fichier.","請輸入檔案名稱。","ファイル名を入力してください。","Informe um nome de arquivo.","请输入文件名。"
"VSTR_XMLE_CR_ERR_FILE","File name: only letters, digits, _ . and -, not starting with a dot.","File name: only letters, digits, _ . and -, not starting with a dot.","Název souboru: pouze písmena, číslice, _ . a -, nesmí začínat tečkou.","Dateiname: nur Buchstaben, Ziffern, _ . und -, nicht mit einem Punkt beginnend.","Имя файла: только буквы, цифры, _ . и -, не может начинаться с точки.","Nazwa pliku: tylko litery, cyfry, _ . i -, bez kropki na początku.","Fájlnév: csak betűk, számjegyek, _ . és -, nem kezdődhet ponttal.","Nome file: solo lettere, cifre, _ . e -, senza punto iniziale.","Nombre de archivo: solo letras, dígitos, _ . y -, sin empezar por un punto.","Nom du fichier : uniquement lettres, chiffres, _ . et -, sans point au début.","檔案名稱：只能使用字母、數字、_ . 與 -，且不可以點開頭。","ファイル名: 英字・数字・_・.・- のみ、先頭にドットは使えません。","Nome do arquivo: apenas letras, dígitos, _ . e -, sem começar com ponto.","文件名：只能使用字母、数字、_ . 和 -，且不能以点开头。"
"VSTR_XMLE_CR_ERR_EXISTS","%1 is already registered.","%1 is already registered.","%1 je už registrován.","%1 ist bereits registriert.","%1 уже зарегистрирован.","%1 jest już zarejestrowany.","%1 már regisztrálva van.","%1 è già registrato.","%1 ya está registrado.","%1 est déjà enregistré.","%1 已註冊。","%1 は既に登録されています。","%1 já está registrado.","%1 已注册。"
"VSTR_XMLE_CR_ERR_NOT_TYPES","%1 already exists and is not a file of that kind.","%1 already exists and is not a file of that kind.","%1 už existuje a není to soubor tohoto druhu.","%1 existiert bereits und ist keine Datei dieser Art.","%1 уже существует и не является файлом этого типа.","%1 już istnieje i nie jest plikiem tego rodzaju.","%1 már létezik, és nem ilyen típusú fájl.","%1 esiste già e non è un file di quel tipo.","%1 ya existe y no es un archivo de ese tipo.","%1 existe déjà et n'est pas un fichier de ce type.","%1 已存在且不是此種類的檔案。","%1 は既に存在し、その種類のファイルではありません。","%1 já existe e não é um arquivo desse tipo.","%1 已存在且不是此类文件。"
"VSTR_XMLE_CR_ERR_CORE","cfgeconomycore.xml could not be read or does not parse.","cfgeconomycore.xml could not be read or does not parse.","cfgeconomycore.xml nelze načíst nebo nejde zpracovat.","cfgeconomycore.xml konnte nicht gelesen oder verarbeitet werden.","Не удалось прочитать или разобрать cfgeconomycore.xml.","Nie można odczytać lub przetworzyć cfgeconomycore.xml.","A cfgeconomycore.xml nem olvasható be vagy nem értelmezhető.","Impossibile leggere o analizzare cfgeconomycore.xml.","No se pudo leer o analizar cfgeconomycore.xml.","cfgeconomycore.xml n'a pas pu être lu ou analysé.","無法讀取或解析 cfgeconomycore.xml。","cfgeconomycore.xml を読み込めないか、解析できません。","Não foi possível ler ou interpretar cfgeconomycore.xml.","无法读取或解析 cfgeconomycore.xml。"
"VSTR_XMLE_TAB_MESSAGES","MESSAGES","MESSAGES","ZPRÁVY","NACHRICHTEN","СООБЩЕНИЯ","WIADOMOŚCI","ÜZENETEK","MESSAGGI","MENSAJES","MESSAGES","訊息","メッセージ","MENSAGENS","消息"
"VSTR_XMLE_MSG_LIST_TITLE","SERVER MESSAGES","SERVER MESSAGES","ZPRÁVY SERVERU","SERVERNACHRICHTEN","СООБЩЕНИЯ СЕРВЕРА","WIADOMOŚCI SERWERA","SZERVERÜZENETEK","MESSAGGI DEL SERVER","MENSAJES DEL SERVIDOR","MESSAGES DU SERVEUR","伺服器訊息","サーバーメッセージ","MENSAGENS DO SERVIDOR","服务器消息"
"VSTR_XMLE_MSG_BTN_ADD","ADD","ADD","PŘIDAT","HINZUFÜGEN","ДОБАВИТЬ","DODAJ","HOZZÁAD","AGGIUNGI","AÑADIR","AJOUTER","新增","追加","ADICIONAR","添加"
"VSTR_XMLE_MSG_BTN_DUP","DUPLICATE","DUPLICATE","DUPLIKOVAT","DUPLIZIEREN","ДУБЛИРОВАТЬ","DUPLIKUJ","MÁSOLAT","DUPLICA","DUPLICAR","DUPLIQUER","複製","複製","DUPLICAR","复制"
"VSTR_XMLE_MSG_BTN_DELETE","DELETE","DELETE","SMAZAT","LÖSCHEN","УДАЛИТЬ","USUŃ","TÖRLÉS","ELIMINA","ELIMINAR","SUPPRIMER","刪除","削除","EXCLUIR","删除"
"VSTR_XMLE_MSG_BTN_REVERT","REVERT","REVERT","VRÁTIT","ZURÜCKSETZEN","ОТКАТИТЬ","COFNIJ","VISSZAÁLLÍTÁS","RIPRISTINA","REVERTIR","ANNULER","還原","元に戻す","REVERTER","还原"
"VSTR_XMLE_MSG_EDIT_NONE","MESSAGE","MESSAGE","ZPRÁVA","NACHRICHT","СООБЩЕНИЕ","WIADOMOŚĆ","ÜZENET","MESSAGGIO","MENSAJE","MESSAGE","訊息","メッセージ","MENSAGEM","消息"
"VSTR_XMLE_MSG_EDIT_NEW","NEW MESSAGE","NEW MESSAGE","NOVÁ ZPRÁVA","NEUE NACHRICHT","НОВОЕ СООБЩЕНИЕ","NOWA WIADOMOŚĆ","ÚJ ÜZENET","NUOVO MESSAGGIO","NUEVO MENSAJE","NOUVEAU MESSAGE","新訊息","新しいメッセージ","NOVA MENSAGEM","新消息"
"VSTR_XMLE_MSG_EDIT_TITLE","MESSAGE %1","MESSAGE %1","ZPRÁVA %1","NACHRICHT %1","СООБЩЕНИЕ %1","WIADOMOŚĆ %1","%1. ÜZENET","MESSAGGIO %1","MENSAJE %1","MESSAGE %1","訊息 %1","メッセージ %1","MENSAGEM %1","消息 %1"
"VSTR_XMLE_MSG_LINE","line %1","line %1","řádek %1","Zeile %1","строка %1","wiersz %1","%1. sor","riga %1","línea %1","ligne %1","第 %1 行","%1 行目","linha %1","第 %1 行"
"VSTR_XMLE_MSG_WHEN","WHEN","WHEN","KDY","WANN","КОГДА","KIEDY","MIKOR","QUANDO","CUÁNDO","QUAND","何時","タイミング","QUANDO","何时"
"VSTR_XMLE_MSG_MODE_CONNECT","ON CONNECT","ON CONNECT","PŘI PŘIPOJENÍ","BEIM VERBINDEN","ПРИ ВХОДЕ","PRZY POŁĄCZENIU","CSATLAKOZÁSKOR","ALLA CONNESSIONE","AL CONECTAR","À LA CONNEXION","連線時","接続時","AO CONECTAR","连接时"
"VSTR_XMLE_MSG_MODE_REPEAT","REPEAT","REPEAT","OPAKOVAT","WIEDERHOLEN","ПОВТОР","POWTARZAJ","ISMÉTLÉS","RIPETI","REPETIR","RÉPÉTER","重複","繰り返し","REPETIR","重复"
"VSTR_XMLE_MSG_MODE_COUNTDOWN","COUNTDOWN","COUNTDOWN","ODPOČET","COUNTDOWN","ОТСЧЁТ","ODLICZANIE","VISSZASZÁMLÁLÁS","CONTO ALLA ROVESCIA","CUENTA ATRÁS","COMPTE À REBOURS","倒數","カウントダウン","CONTAGEM","倒计时"
"VSTR_XMLE_MSG_MODE_TIME","SCHEDULED","SCHEDULED","NAPLÁNOVÁNO","GEPLANT","ПО ВРЕМЕНИ","ZAPLANOWANE","ÜTEMEZETT","PROGRAMMATO","PROGRAMADO","PLANIFIÉ","排程","予約","AGENDADO","定时"
"VSTR_XMLE_MSG_DELAY","Delay after connect","Delay after connect","Zpoždění po připojení","Verzögerung nach Verbinden","Задержка после входа","Opóźnienie po połączeniu","Késleltetés csatlakozás után","Ritardo dopo la connessione","Retraso tras conectar","Délai après connexion","連線後延遲","接続後の遅延","Atraso após conectar","连接后延迟"
"VSTR_XMLE_MSG_REPEAT","Repeat every","Repeat every","Opakovat každých","Wiederholen alle","Повторять каждые","Powtarzaj co","Ismétlés minden","Ripeti ogni","Repetir cada","Répéter toutes les","重複間隔","繰り返し間隔","Repetir a cada","重复间隔"
"VSTR_XMLE_MSG_DEADLINE","Countdown length","Countdown length","Délka odpočtu","Countdown-Dauer","Длина отсчёта","Długość odliczania","Visszaszámlálás hossza","Durata del conto","Duración de la cuenta","Durée du compte","倒數長度","カウントダウンの長さ","Duração da contagem","倒计时长度"
"VSTR_XMLE_MSG_MIN","min","min","min","Min.","мин","min","perc","min","min","min","分鐘","分","min","分钟"
"VSTR_XMLE_MSG_SHUTDOWN","SHUT DOWN THE SERVER","SHUT DOWN THE SERVER","VYPNOUT SERVER","SERVER HERUNTERFAHREN","ВЫКЛЮЧИТЬ СЕРВЕР","WYŁĄCZ SERWER","SZERVER LEÁLLÍTÁSA","SPEGNI IL SERVER","APAGAR EL SERVIDOR","ARRÊTER LE SERVEUR","關閉伺服器","サーバーを停止","DESLIGAR O SERVIDOR","关闭服务器"
"VSTR_XMLE_MSG_TIME","Time (HH:MM)","Time (HH:MM)","Čas (HH:MM)","Uhrzeit (HH:MM)","Время (ЧЧ:ММ)","Godzina (HH:MM)","Idő (ÓÓ:PP)","Ora (HH:MM)","Hora (HH:MM)","Heure (HH:MM)","時間 (HH:MM)","時刻 (HH:MM)","Hora (HH:MM)","时间 (HH:MM)"
"VSTR_XMLE_MSG_DATE","Date (optional)","Date (optional)","Datum (nepovinné)","Datum (optional)","Дата (необязательно)","Data (opcjonalnie)","Dátum (nem kötelező)","Data (facoltativa)","Fecha (opcional)","Date (facultative)","日期（選填）","日付（任意）","Data (opcional)","日期（可选）"
"VSTR_XMLE_MSG_TEXT","TEXT","TEXT","TEXT","TEXT","ТЕКСТ","TEKST","SZÖVEG","TESTO","TEXTO","TEXTE","文字","テキスト","TEXTO","文本"
"VSTR_XMLE_MSG_BYTES","%1 / %2 bytes","%1 / %2 bytes","%1 / %2 bajtů","%1 / %2 Bytes","%1 / %2 байт","%1 / %2 bajtów","%1 / %2 bájt","%1 / %2 byte","%1 / %2 bytes","%1 / %2 octets","%1 / %2 位元組","%1 / %2 バイト","%1 / %2 bytes","%1 / %2 字节"
"VSTR_XMLE_MSG_INSERT","Insert:","Insert:","Vložit:","Einfügen:","Вставить:","Wstaw:","Beszúrás:","Inserisci:","Insertar:","Insérer :","插入：","挿入:","Inserir:","插入："
"VSTR_XMLE_MSG_PREVIEW","PREVIEW","PREVIEW","NÁHLED","VORSCHAU","ПРЕДПРОСМОТР","PODGLĄD","ELŐNÉZET","ANTEPRIMA","VISTA PREVIA","APERÇU","預覽","プレビュー","PRÉVIA","预览"
"VSTR_XMLE_MSG_EMPTY","Select a message on the left, or add a new one.","Select a message on the left, or add a new one.","Vyberte zprávu vlevo nebo přidejte novou.","Wähle links eine Nachricht aus oder füge eine neue hinzu.","Выберите сообщение слева или добавьте новое.","Wybierz wiadomość po lewej lub dodaj nową.","Válassz egy üzenetet bal oldalon, vagy adj hozzá újat.","Seleziona un messaggio a sinistra o aggiungine uno nuovo.","Selecciona un mensaje a la izquierda o añade uno nuevo.","Sélectionnez un message à gauche ou ajoutez-en un nouveau.","請從左側選取訊息，或新增一則。","左からメッセージを選ぶか、新しく追加してください。","Selecione uma mensagem à esquerda ou adicione uma nova.","请从左侧选择消息，或添加新消息。"
"VSTR_XMLE_MSG_NO_FILE","No messages file is registered. Create one in the CREATE tab.","No messages file is registered. Create one in the CREATE tab.","Není registrován žádný soubor zpráv. Vytvořte ho na kartě VYTVOŘIT.","Keine Nachrichtendatei registriert. Erstelle eine im Tab ERSTELLEN.","Файл сообщений не зарегистрирован. Создайте его на вкладке СОЗДАТЬ.","Brak zarejestrowanego pliku wiadomości. Utwórz go na karcie UTWÓRZ.","Nincs regisztrált üzenetfájl. Hozz létre egyet a LÉTREHOZÁS fülön.","Nessun file di messaggi registrato. Creane uno nella scheda CREA.","No hay ningún archivo de mensajes registrado. Crea uno en la pestaña CREAR.","Aucun fichier de messages n'est enregistré. Créez-en un dans l'onglet CRÉER.","尚未註冊訊息檔案。請在「建立」分頁中建立。","メッセージファイルが登録されていません。「作成」タブで作成してください。","Nenhum arquivo de mensagens registrado. Crie um na aba CRIAR.","尚未注册消息文件。请在“创建”选项卡中创建。"
"VSTR_XMLE_MSG_NO_FILE_SHORT","No messages file","No messages file","Žádný soubor zpráv","Keine Nachrichtendatei","Нет файла сообщений","Brak pliku wiadomości","Nincs üzenetfájl","Nessun file di messaggi","Sin archivo de mensajes","Aucun fichier de messages","沒有訊息檔案","メッセージファイルなし","Sem arquivo de mensagens","没有消息文件"
"VSTR_XMLE_MSG_READONLY","Read only: editing messages needs the Edit Messages permission.","Read only: editing messages needs the Edit Messages permission.","Jen pro čtení: úprava zpráv vyžaduje oprávnění Upravit zprávy.","Nur lesen: Zum Bearbeiten ist die Berechtigung Nachrichten bearbeiten nötig.","Только чтение: для правки нужно право «Изменение сообщений».","Tylko odczyt: edycja wymaga uprawnienia Edycja wiadomości.","Csak olvasható: a szerkesztéshez Üzenetek szerkesztése jogosultság kell.","Sola lettura: per modificare serve il permesso Modifica messaggi.","Solo lectura: editar requiere el permiso Editar mensajes.","Lecture seule : la modification nécessite l'autorisation Modifier les messages.","唯讀：編輯訊息需要「編輯訊息」權限。","読み取り専用：編集には「メッセージの編集」権限が必要です。","Somente leitura: editar exige a permissão Editar mensagens.","只读：编辑消息需要“编辑消息”权限。"
"VSTR_XMLE_MSG_FILE_READONLY","This file cannot be edited (missing, unreadable or not a <messages> file).","This file cannot be edited (missing, unreadable or not a <messages> file).","Tento soubor nelze upravit (chybí, nejde přečíst nebo to není soubor <messages>).","Diese Datei kann nicht bearbeitet werden (fehlt, unlesbar oder keine <messages>-Datei).","Этот файл нельзя изменить (отсутствует, не читается или не является файлом <messages>).","Tego pliku nie można edytować (brak, nieczytelny lub to nie plik <messages>).","Ez a fájl nem szerkeszthető (hiányzik, nem olvasható, vagy nem <messages> fájl).","Questo file non è modificabile (mancante, illeggibile o non è un file <messages>).","Este archivo no se puede editar (falta, no se puede leer o no es un archivo <messages>).","Ce fichier ne peut pas être modifié (absent, illisible ou pas un fichier <messages>).","此檔案無法編輯（不存在、無法讀取或不是 <messages> 檔案）。","このファイルは編集できません（存在しない、読み込めない、または <messages> ファイルではありません）。","Este arquivo não pode ser editado (ausente, ilegível ou não é um arquivo <messages>).","此文件无法编辑（不存在、无法读取或不是 <messages> 文件）。"
"VSTR_XMLE_MSG_SERVER_CHANGED","The file changed on the server: REVERT to load it (saving would fail).","The file changed on the server: REVERT to load it (saving would fail).","Soubor se na serveru změnil: pro načtení použijte VRÁTIT (uložení by selhalo).","Die Datei wurde auf dem Server geändert: ZURÜCKSETZEN lädt sie (Speichern würde fehlschlagen).","Файл изменился на сервере: нажмите ОТКАТИТЬ, чтобы загрузить его (сохранение не удастся).","Plik zmienił się na serwerze: użyj COFNIJ, aby go wczytać (zapis by się nie udał).","A fájl megváltozott a szerveren: a VISSZAÁLLÍTÁS betölti (a mentés sikertelen lenne).","Il file è cambiato sul server: RIPRISTINA per caricarlo (il salvataggio fallirebbe).","El archivo cambió en el servidor: REVERTIR para cargarlo (guardar fallaría).","Le fichier a changé sur le serveur : ANNULER pour le recharger (l'enregistrement échouerait).","伺服器上的檔案已變更：請按「還原」載入（儲存會失敗）。","サーバー上でファイルが変更されました。「元に戻す」で読み込んでください（保存は失敗します）。","O arquivo mudou no servidor: REVERTER para carregá-lo (salvar falharia).","服务器上的文件已更改：请点“还原”加载（保存会失败）。"
"VSTR_XMLE_MSG_SERVER_NAME","[server name]","[server name]","[název serveru]","[Servername]","[имя сервера]","[nazwa serwera]","[szervernév]","[nome server]","[nombre del servidor]","[nom du serveur]","[伺服器名稱]","[サーバー名]","[nome do servidor]","[服务器名称]"
"VSTR_XMLE_MSG_NEW_TEXT","Welcome to %1!","Welcome to %1!","Vítejte na %1!","Willkommen auf %1!","Добро пожаловать на %1!","Witaj na %1!","Üdv a %1 szerveren!","Benvenuto su %1!","¡Bienvenido a %1!","Bienvenue sur %1 !","歡迎來到 %1！","%1 へようこそ！","Bem-vindo ao %1!","欢迎来到 %1！"
"VSTR_XMLE_MSG_TAG_CONNECT","On connect +%1 min","On connect +%1 min","Při připojení +%1 min","Beim Verbinden +%1 Min.","При входе +%1 мин","Po połączeniu +%1 min","Csatlakozáskor +%1 perc","Alla connessione +%1 min","Al conectar +%1 min","À la connexion +%1 min","連線時 +%1 分鐘","接続時 +%1 分","Ao conectar +%1 min","连接时 +%1 分钟"
"VSTR_XMLE_MSG_TAG_REPEAT","Every %1 min","Every %1 min","Každých %1 min","Alle %1 Min.","Каждые %1 мин","Co %1 min","%1 percenként","Ogni %1 min","Cada %1 min","Toutes les %1 min","每 %1 分鐘","%1 分ごと","A cada %1 min","每 %1 分钟"
"VSTR_XMLE_MSG_TAG_COUNTDOWN","Countdown %1 min","Countdown %1 min","Odpočet %1 min","Countdown %1 Min.","Отсчёт %1 мин","Odliczanie %1 min","Visszaszámlálás %1 perc","Conto alla rovescia %1 min","Cuenta atrás %1 min","Compte à rebours %1 min","倒數 %1 分鐘","カウントダウン %1 分","Contagem %1 min","倒计时 %1 分钟"
"VSTR_XMLE_MSG_TAG_SHUTDOWN","Shutdown","Shutdown","Vypnutí","Herunterfahren","Выключение","Wyłączenie","Leállítás","Spegnimento","Apagado","Arrêt","關機","停止","Desligamento","关机"
"VSTR_XMLE_MSG_TAG_IGNORED","Ignored by the server","Ignored by the server","Server ji ignoruje","Vom Server ignoriert","Игнорируется сервером","Ignorowana przez serwer","A szerver figyelmen kívül hagyja","Ignorato dal server","Ignorado por el servidor","Ignoré par le serveur","伺服器會忽略","サーバーは無視します","Ignorada pelo servidor","服务器会忽略"
"VSTR_XMLE_MSG_SUM_IGNORED","The server ignores this message: it needs text and at least one of On connect, Repeat, Countdown or Scheduled.","The server ignores this message: it needs text and at least one of On connect, Repeat, Countdown or Scheduled.","Server tuto zprávu ignoruje: potřebuje text a alespoň jedno z Při připojení, Opakovat, Odpočet nebo Naplánováno.","Der Server ignoriert diese Nachricht: Sie braucht Text und mindestens eins von Beim Verbinden, Wiederholen, Countdown oder Geplant.","Сервер игнорирует это сообщение: нужен текст и хотя бы один режим — При входе, Повтор, Отсчёт или По времени.","Serwer ignoruje tę wiadomość: potrzebuje tekstu i co najmniej jednego z trybów: Przy połączeniu, Powtarzaj, Odliczanie lub Zaplanowane.","A szerver figyelmen kívül hagyja ezt az üzenetet: szöveg és legalább egy mód kell (Csatlakozáskor, Ismétlés, Visszaszámlálás vagy Ütemezett).","Il server ignora questo messaggio: servono il testo e almeno una tra Alla connessione, Ripeti, Conto alla rovescia o Programmato.","El servidor ignora este mensaje: necesita texto y al menos uno de Al conectar, Repetir, Cuenta atrás o Programado.","Le serveur ignore ce message : il faut un texte et au moins un mode parmi À la connexion, Répéter, Compte à rebours ou Planifié.","伺服器會忽略此訊息：需要文字，並至少啟用「連線時」、「重複」、「倒數」或「排程」其中之一。","サーバーはこのメッセージを無視します。テキストと、接続時・繰り返し・カウントダウン・予約のいずれかが必要です。","O servidor ignora esta mensagem: ela precisa de texto e de pelo menos um entre Ao conectar, Repetir, Contagem ou Agendado.","服务器会忽略此消息：需要文本，并至少启用“连接时”、“重复”、“倒计时”或“定时”之一。"
"VSTR_XMLE_MSG_SUM_CONNECT","Sent privately to each player %1 min after they connect (once per connection).","Sent privately to each player %1 min after they connect (once per connection).","Odešle se soukromě každému hráči %1 min po připojení (jednou za připojení).","Wird jedem Spieler %1 Min. nach dem Verbinden privat gesendet (einmal pro Verbindung).","Отправляется лично каждому игроку через %1 мин после входа (один раз за подключение).","Wysyłana prywatnie każdemu graczowi %1 min po połączeniu (raz na połączenie).","Minden játékosnak privátban megy %1 perccel a csatlakozás után (csatlakozásonként egyszer).","Inviato in privato a ogni giocatore %1 min dopo la connessione (una volta per connessione).","Se envía en privado a cada jugador %1 min después de conectarse (una vez por conexión).","Envoyé en privé à chaque joueur %1 min après sa connexion (une fois par connexion).","在每位玩家連線 %1 分鐘後私下傳送給他（每次連線一次）。","各プレイヤーの接続から %1 分後に個別に送信されます（接続ごとに1回）。","Enviada em privado a cada jogador %1 min após conectar (uma vez por conexão).","在每位玩家连接 %1 分钟后私下发送给他（每次连接一次）。"
"VSTR_XMLE_MSG_SUM_CONNECT_NOW","Sent privately to each player right after they connect (once per connection).","Sent privately to each player right after they connect (once per connection).","Odešle se soukromě každému hráči hned po připojení (jednou za připojení).","Wird jedem Spieler direkt nach dem Verbinden privat gesendet (einmal pro Verbindung).","Отправляется лично каждому игроку сразу после входа (один раз за подключение).","Wysyłana prywatnie każdemu graczowi zaraz po połączeniu (raz na połączenie).","Minden játékosnak privátban megy közvetlenül a csatlakozás után (csatlakozásonként egyszer).","Inviato in privato a ogni giocatore subito dopo la connessione (una volta per connessione).","Se envía en privado a cada jugador justo al conectarse (una vez por conexión).","Envoyé en privé à chaque joueur juste après sa connexion (une fois par connexion).","在每位玩家連線後立即私下傳送給他（每次連線一次）。","各プレイヤーの接続直後に個別に送信されます（接続ごとに1回）。","Enviada em privado a cada jogador logo após conectar (uma vez por conexão).","在每位玩家连接后立即私下发送给他（每次连接一次）。"
"VSTR_XMLE_MSG_SUM_REPEAT","Broadcast to everyone every %1 min, the first time %1 min after the server starts.","Broadcast to everyone every %1 min, the first time %1 min after the server starts.","Vysílá se všem každých %1 min, poprvé %1 min po spuštění serveru.","Wird alle %1 Min. an alle gesendet, zum ersten Mal %1 Min. nach dem Serverstart.","Рассылается всем каждые %1 мин, впервые через %1 мин после запуска сервера.","Nadawana wszystkim co %1 min, pierwszy raz %1 min po starcie serwera.","Mindenkinek %1 percenként megy, először %1 perccel a szerver indulása után.","Inviato a tutti ogni %1 min, la prima volta %1 min dopo l'avvio del server.","Se difunde a todos cada %1 min, la primera vez %1 min tras iniciar el servidor.","Diffusé à tous toutes les %1 min, la première fois %1 min après le démarrage du serveur.","每 %1 分鐘廣播給所有人，第一次在伺服器啟動 %1 分鐘後。","%1 分ごとに全員へ送信されます。初回はサーバー起動の %1 分後です。","Transmitida a todos a cada %1 min, a primeira vez %1 min após o servidor iniciar.","每 %1 分钟广播给所有人，第一次在服务器启动 %1 分钟后。"
"VSTR_XMLE_MSG_SUM_COUNTDOWN","Countdown from the server start, announced to everyone at %1 min left.","Countdown from the server start, announced to everyone at %1 min left.","Odpočet od spuštění serveru, oznamuje se všem při %1 min do konce.","Countdown ab Serverstart, an alle angesagt bei %1 Min. Restzeit.","Отсчёт от запуска сервера, объявляется всем, когда остаётся %1 мин.","Odliczanie od startu serwera, ogłaszane wszystkim przy %1 min do końca.","Visszaszámlálás a szerver indulásától, mindenkinek bejelentve %1 perc hátralévő időnél.","Conto alla rovescia dall'avvio del server, annunciato a tutti a %1 min dalla fine.","Cuenta atrás desde el inicio del servidor, anunciada a todos cuando quedan %1 min.","Compte à rebours depuis le démarrage du serveur, annoncé à tous à %1 min de la fin.","從伺服器啟動開始倒數，剩餘 %1 分鐘時向所有人公告。","サーバー起動からのカウントダウンで、残り %1 分の時点で全員に告知されます。","Contagem a partir do início do servidor, anunciada a todos com %1 min restantes.","从服务器启动开始倒计时，剩余 %1 分钟时向所有人公告。"
"VSTR_XMLE_MSG_SUM_SHUTDOWN_AT","The server shuts down %1 min after it starts.","The server shuts down %1 min after it starts.","Server se vypne %1 min po spuštění.","Der Server fährt %1 Min. nach dem Start herunter.","Сервер выключится через %1 мин после запуска.","Serwer wyłączy się %1 min po starcie.","A szerver %1 perccel az indulás után leáll.","Il server si spegne %1 min dopo l'avvio.","El servidor se apaga %1 min después de iniciarse.","Le serveur s'arrête %1 min après son démarrage.","伺服器會在啟動 %1 分鐘後關閉。","サーバーは起動の %1 分後に停止します。","O servidor desliga %1 min após iniciar.","服务器会在启动 %1 分钟后关闭。"
"VSTR_XMLE_MSG_SUM_ENDS_AT","The countdown ends %1 min after the server starts.","The countdown ends %1 min after the server starts.","Odpočet skončí %1 min po spuštění serveru.","Der Countdown endet %1 Min. nach dem Serverstart.","Отсчёт закончится через %1 мин после запуска сервера.","Odliczanie kończy się %1 min po starcie serwera.","A visszaszámlálás %1 perccel a szerver indulása után ér véget.","Il conto alla rovescia termina %1 min dopo l'avvio del server.","La cuenta atrás termina %1 min después de iniciar el servidor.","Le compte à rebours se termine %1 min après le démarrage du serveur.","倒數會在伺服器啟動 %1 分鐘後結束。","カウントダウンはサーバー起動の %1 分後に終わります。","A contagem termina %1 min após o servidor iniciar.","倒计时会在服务器启动 %1 分钟后结束。"
"VSTR_XMLE_MSG_SUM_DAILY","Broadcast every day at %1 (server clock).","Broadcast every day at %1 (server clock).","Vysílá se každý den v %1 (čas serveru).","Wird jeden Tag um %1 gesendet (Serverzeit).","Рассылается каждый день в %1 (время сервера).","Nadawana codziennie o %1 (czas serwera).","Minden nap %1-kor megy (szerveridő).","Inviato ogni giorno alle %1 (ora del server).","Se difunde cada día a las %1 (hora del servidor).","Diffusé chaque jour à %1 (heure du serveur).","每天 %1 廣播（伺服器時間）。","毎日 %1 に送信されます（サーバー時刻）。","Transmitida todos os dias às %1 (horário do servidor).","每天 %1 广播（服务器时间）。"
"VSTR_XMLE_MSG_SUM_MONTHLY","Broadcast on day %2 of every month at %1 (server clock).","Broadcast on day %2 of every month at %1 (server clock).","Vysílá se %2. den každého měsíce v %1 (čas serveru).","Wird am %2. jedes Monats um %1 gesendet (Serverzeit).","Рассылается %2-го числа каждого месяца в %1 (время сервера).","Nadawana %2. dnia każdego miesiąca o %1 (czas serwera).","Minden hónap %2. napján %1-kor megy (szerveridő).","Inviato il giorno %2 di ogni mese alle %1 (ora del server).","Se difunde el día %2 de cada mes a las %1 (hora del servidor).","Diffusé le %2 de chaque mois à %1 (heure du serveur).","每月 %2 日 %1 廣播（伺服器時間）。","毎月 %2 日の %1 に送信されます（サーバー時刻）。","Transmitida no dia %2 de todo mês às %1 (horário do servidor).","每月 %2 日 %1 广播（服务器时间）。"
"VSTR_XMLE_MSG_SUM_YEARLY","Broadcast every year on %2 at %1 (server clock).","Broadcast every year on %2 at %1 (server clock).","Vysílá se každý rok %2 v %1 (čas serveru).","Wird jedes Jahr am %2 um %1 gesendet (Serverzeit).","Рассылается каждый год %2 в %1 (время сервера).","Nadawana co roku %2 o %1 (czas serwera).","Minden évben %2-én %1-kor megy (szerveridő).","Inviato ogni anno il %2 alle %1 (ora del server).","Se difunde cada año el %2 a las %1 (hora del servidor).","Diffusé chaque année le %2 à %1 (heure du serveur).","每年 %2 %1 廣播（伺服器時間）。","毎年 %2 の %1 に送信されます（サーバー時刻）。","Transmitida todo ano em %2 às %1 (horário do servidor).","每年 %2 %1 广播（服务器时间）。"
"VSTR_XMLE_MSG_SUM_ONCE","Broadcast once on %2 at %1 (server clock).","Broadcast once on %2 at %1 (server clock).","Vysílá se jednou %2 v %1 (čas serveru).","Wird einmal am %2 um %1 gesendet (Serverzeit).","Рассылается один раз %2 в %1 (время сервера).","Nadawana raz, %2 o %1 (czas serwera).","Egyszer megy, %2-én %1-kor (szerveridő).","Inviato una volta il %2 alle %1 (ora del server).","Se difunde una vez el %2 a las %1 (hora del servidor).","Diffusé une fois le %2 à %1 (heure du serveur).","於 %2 %1 廣播一次（伺服器時間）。","%2 の %1 に1回だけ送信されます（サーバー時刻）。","Transmitida uma vez em %2 às %1 (horário do servidor).","于 %2 %1 广播一次（服务器时间）。"
"VSTR_XMLE_MSG_SUM_TIME_SHUTDOWN","It counts down to that time (90 ... 1 min left) and shuts the server down then.","It counts down to that time (90 ... 1 min left) and shuts the server down then.","Odpočítává do tohoto času (90 ... 1 min) a pak server vypne.","Es zählt bis zu dieser Zeit herunter (90 ... 1 Min.) und fährt den Server dann herunter.","Отсчитывает до этого времени (90 ... 1 мин) и затем выключает сервер.","Odlicza do tej godziny (90 ... 1 min) i wtedy wyłącza serwer.","Visszaszámol eddig az időpontig (90 ... 1 perc), majd leállítja a szervert.","Conta alla rovescia fino a quell'ora (90 ... 1 min) e poi spegne il server.","Cuenta atrás hasta esa hora (90 ... 1 min) y entonces apaga el servidor.","Il décompte jusqu'à cette heure (90 ... 1 min) puis arrête le serveur.","倒數到該時間（剩 90 ... 1 分鐘時公告），然後關閉伺服器。","その時刻までカウントダウン（残り 90 ... 1 分）し、そこでサーバーを停止します。","Faz contagem até esse horário (90 ... 1 min) e então desliga o servidor.","倒计时到该时间（剩 90 ... 1 分钟时公告），然后关闭服务器。"
"VSTR_XMLE_MSG_WARN_NO_MODE","Turn on at least one of On connect, Repeat, Countdown or Scheduled, or the server skips this message.","Turn on at least one of On connect, Repeat, Countdown or Scheduled, or the server skips this message.","Zapněte alespoň jedno z Při připojení, Opakovat, Odpočet nebo Naplánováno, jinak server zprávu přeskočí.","Aktiviere mindestens eins von Beim Verbinden, Wiederholen, Countdown oder Geplant, sonst überspringt der Server die Nachricht.","Включите хотя бы один режим (При входе, Повтор, Отсчёт или По времени), иначе сервер пропустит сообщение.","Włącz co najmniej jeden tryb: Przy połączeniu, Powtarzaj, Odliczanie lub Zaplanowane, inaczej serwer pominie wiadomość.","Kapcsolj be legalább egyet (Csatlakozáskor, Ismétlés, Visszaszámlálás vagy Ütemezett), különben a szerver kihagyja az üzenetet.","Attiva almeno uno tra Alla connessione, Ripeti, Conto alla rovescia o Programmato, altrimenti il server salta il messaggio.","Activa al menos uno de Al conectar, Repetir, Cuenta atrás o Programado, o el servidor omite este mensaje.","Activez au moins un mode parmi À la connexion, Répéter, Compte à rebours ou Planifié, sinon le serveur ignore ce message.","請至少啟用「連線時」、「重複」、「倒數」或「排程」其中之一，否則伺服器會略過此訊息。","接続時・繰り返し・カウントダウン・予約のいずれかを有効にしてください。そうしないとサーバーはこのメッセージを読み飛ばします。","Ative pelo menos um entre Ao conectar, Repetir, Contagem ou Agendado, ou o servidor ignora esta mensagem.","请至少启用“连接时”、“重复”、“倒计时”或“定时”之一，否则服务器会跳过此消息。"
"VSTR_XMLE_MSG_WARN_DELAY","The delay only applies to On connect messages.","The delay only applies to On connect messages.","Zpoždění platí jen pro zprávy Při připojení.","Die Verzögerung gilt nur für Beim-Verbinden-Nachrichten.","Задержка действует только для сообщений «При входе».","Opóźnienie dotyczy tylko wiadomości Przy połączeniu.","A késleltetés csak a Csatlakozáskor üzenetekre vonatkozik.","Il ritardo vale solo per i messaggi Alla connessione.","El retraso solo se aplica a los mensajes Al conectar.","Le délai ne s'applique qu'aux messages À la connexion.","延遲只適用於「連線時」訊息。","遅延は「接続時」メッセージにのみ適用されます。","O atraso só vale para mensagens Ao conectar.","延迟只适用于“连接时”消息。"
"VSTR_XMLE_MSG_WARN_SHUTDOWN","Shut down only works together with Countdown or Scheduled.","Shut down only works together with Countdown or Scheduled.","Vypnutí funguje jen spolu s Odpočtem nebo Naplánováno.","Herunterfahren funktioniert nur zusammen mit Countdown oder Geplant.","Выключение работает только вместе с «Отсчёт» или «По времени».","Wyłączenie działa tylko razem z Odliczaniem lub Zaplanowane.","A leállítás csak Visszaszámlálással vagy Ütemezettel együtt működik.","Lo spegnimento funziona solo con Conto alla rovescia o Programmato.","El apagado solo funciona junto con Cuenta atrás o Programado.","L'arrêt ne fonctionne qu'avec Compte à rebours ou Planifié.","關機只能搭配「倒數」或「排程」使用。","停止は「カウントダウン」または「予約」と組み合わせた場合のみ機能します。","Desligar só funciona junto com Contagem ou Agendado.","关机只能配合“倒计时”或“定时”使用。"
"VSTR_XMLE_MSG_WARN_TMIN","#tmin is only filled in for Countdown and Scheduled messages.","#tmin is only filled in for Countdown and Scheduled messages.","#tmin se doplní jen u zpráv s Odpočtem nebo Naplánováno.","#tmin wird nur bei Countdown- und Geplant-Nachrichten gefüllt.","#tmin подставляется только в сообщениях «Отсчёт» и «По времени».","#tmin jest uzupełniane tylko w wiadomościach Odliczanie i Zaplanowane.","A #tmin csak Visszaszámlálás és Ütemezett üzeneteknél töltődik ki.","#tmin viene compilato solo nei messaggi Conto alla rovescia e Programmato.","#tmin solo se rellena en mensajes Cuenta atrás y Programado.","#tmin n'est rempli que pour les messages Compte à rebours et Planifié.","#tmin 只會在「倒數」與「排程」訊息中填入。","#tmin は「カウントダウン」と「予約」メッセージでのみ置き換えられます。","#tmin só é preenchido em mensagens Contagem e Agendado.","#tmin 只会在“倒计时”和“定时”消息中填入。"
"VSTR_XMLE_MSG_WARN_ONCE","A one-time date that has already passed makes the server skip this message at startup.","A one-time date that has already passed makes the server skip this message at startup.","Jednorázové datum, které už uplynulo, způsobí, že server zprávu při startu přeskočí.","Ein einmaliges Datum in der Vergangenheit lässt den Server die Nachricht beim Start überspringen.","Если разовая дата уже прошла, сервер пропустит это сообщение при запуске.","Jednorazowa data, która już minęła, sprawi, że serwer pominie wiadomość przy starcie.","Ha az egyszeri dátum már elmúlt, a szerver induláskor kihagyja az üzenetet.","Una data singola già passata fa saltare il messaggio all'avvio del server.","Una fecha única que ya pasó hace que el servidor omita este mensaje al iniciar.","Une date unique déjà passée fait ignorer ce message au démarrage du serveur.","若一次性日期已過，伺服器啟動時會略過此訊息。","一度きりの日付が過ぎている場合、サーバーは起動時にこのメッセージを読み飛ばします。","Uma data única que já passou faz o servidor ignorar esta mensagem ao iniciar.","若一次性日期已过，服务器启动时会跳过此消息。"
"VSTR_XMLE_MSG_ERR_MINUTES","Minutes must be a whole number from 0 to 525600.","Minutes must be a whole number from 0 to 525600.","Minuty musí být celé číslo od 0 do 525600.","Minuten müssen eine ganze Zahl von 0 bis 525600 sein.","Минуты должны быть целым числом от 0 до 525600.","Minuty muszą być liczbą całkowitą od 0 do 525600.","A perc 0 és 525600 közötti egész szám legyen.","I minuti devono essere un numero intero da 0 a 525600.","Los minutos deben ser un número entero de 0 a 525600.","Les minutes doivent être un nombre entier de 0 à 525600.","分鐘必須是 0 到 525600 的整數。","分は 0 から 525600 の整数で入力してください。","Os minutos devem ser um número inteiro de 0 a 525600.","分钟必须是 0 到 525600 的整数。"
"VSTR_XMLE_MSG_ERR_POSITIVE","Enter the minutes (more than 0) or turn that mode off.","Enter the minutes (more than 0) or turn that mode off.","Zadejte minuty (více než 0) nebo tento režim vypněte.","Gib die Minuten ein (mehr als 0) oder schalte diesen Modus aus.","Введите минуты (больше 0) или выключите этот режим.","Wpisz minuty (więcej niż 0) lub wyłącz ten tryb.","Adj meg perceket (0-nál többet), vagy kapcsold ki ezt a módot.","Inserisci i minuti (più di 0) o disattiva quella modalità.","Introduce los minutos (más de 0) o desactiva ese modo.","Saisissez les minutes (plus de 0) ou désactivez ce mode.","請輸入分鐘數（大於 0），或關閉該模式。","分（0 より大きい値）を入力するか、そのモードをオフにしてください。","Informe os minutos (mais de 0) ou desative esse modo.","请输入分钟数（大于 0），或关闭该模式。"
"VSTR_XMLE_MSG_ERR_TEXT_EMPTY","The message needs a text.","The message needs a text.","Zpráva potřebuje text.","Die Nachricht braucht einen Text.","Сообщению нужен текст.","Wiadomość potrzebuje tekstu.","Az üzenethez szöveg kell.","Il messaggio ha bisogno di un testo.","El mensaje necesita un texto.","Le message a besoin d'un texte.","訊息需要文字。","メッセージにはテキストが必要です。","A mensagem precisa de um texto.","消息需要文本。"
"VSTR_XMLE_MSG_ERR_TEXT_LONG","The text is longer than 1151 bytes; the server would crop it.","The text is longer than 1151 bytes; the server would crop it.","Text je delší než 1151 bajtů; server by ho zkrátil.","Der Text ist länger als 1151 Bytes; der Server würde ihn kürzen.","Текст длиннее 1151 байта; сервер обрежет его.","Tekst jest dłuższy niż 1151 bajtów; serwer by go przyciął.","A szöveg hosszabb 1151 bájtnál; a szerver levágná.","Il testo supera 1151 byte; il server lo taglierebbe.","El texto supera 1151 bytes; el servidor lo recortaría.","Le texte dépasse 1151 octets ; le serveur le tronquerait.","文字超過 1151 位元組，伺服器會截斷。","テキストが 1151 バイトを超えています。サーバーは切り詰めます。","O texto passa de 1151 bytes; o servidor o cortaria.","文本超过 1151 字节，服务器会截断。"
"VSTR_XMLE_MSG_ERR_TIME","Time must be HH:MM or HH:MM:SS; the date DD, DD.MM or DD.MM.YYYY (or empty).","Time must be HH:MM or HH:MM:SS; the date DD, DD.MM or DD.MM.YYYY (or empty).","Čas musí být HH:MM nebo HH:MM:SS; datum DD, DD.MM nebo DD.MM.RRRR (nebo prázdné).","Die Uhrzeit muss HH:MM oder HH:MM:SS sein; das Datum TT, TT.MM oder TT.MM.JJJJ (oder leer).","Время: ЧЧ:ММ или ЧЧ:ММ:СС; дата: ДД, ДД.ММ или ДД.ММ.ГГГГ (или пусто).","Godzina: HH:MM lub HH:MM:SS; data: DD, DD.MM lub DD.MM.RRRR (lub puste).","Az idő ÓÓ:PP vagy ÓÓ:PP:MM legyen; a dátum NN, NN.HH vagy NN.HH.ÉÉÉÉ (vagy üres).","L'ora deve essere HH:MM o HH:MM:SS; la data GG, GG.MM o GG.MM.AAAA (o vuota).","La hora debe ser HH:MM o HH:MM:SS; la fecha DD, DD.MM o DD.MM.AAAA (o vacía).","L'heure doit être HH:MM ou HH:MM:SS ; la date JJ, JJ.MM ou JJ.MM.AAAA (ou vide).","時間必須是 HH:MM 或 HH:MM:SS；日期為 DD、DD.MM 或 DD.MM.YYYY（或留空）。","時刻は HH:MM または HH:MM:SS、日付は DD、DD.MM、DD.MM.YYYY（または空欄）で入力してください。","A hora deve ser HH:MM ou HH:MM:SS; a data DD, DD.MM ou DD.MM.AAAA (ou vazia).","时间必须是 HH:MM 或 HH:MM:SS；日期为 DD、DD.MM 或 DD.MM.YYYY（或留空）。"
"VSTR_XMLE_MSG_ERR_ROOT","The file has no <messages> root element.","The file has no <messages> root element.","Soubor nemá kořenový prvek <messages>.","Die Datei hat kein <messages>-Wurzelelement.","В файле нет корневого элемента <messages>.","Plik nie ma elementu głównego <messages>.","A fájlnak nincs <messages> gyökéreleme.","Il file non ha l'elemento radice <messages>.","El archivo no tiene el elemento raíz <messages>.","Le fichier n'a pas d'élément racine <messages>.","檔案沒有 <messages> 根元素。","ファイルに <messages> ルート要素がありません。","O arquivo não tem o elemento raiz <messages>.","文件没有 <messages> 根元素。"
"VSTR_XMLE_MSG_SAVED","Saved %1. It applies after the next server restart.","Saved %1. It applies after the next server restart.","%1 uloženo. Projeví se po příštím restartu serveru.","%1 gespeichert. Gilt nach dem nächsten Serverneustart.","%1 сохранён. Изменения вступят в силу после перезапуска сервера.","Zapisano %1. Zadziała po następnym restarcie serwera.","%1 mentve. A következő szerver-újraindítás után lép életbe.","%1 salvato. Si applica al prossimo riavvio del server.","%1 guardado. Se aplica tras el próximo reinicio del servidor.","%1 enregistré. Prend effet au prochain redémarrage du serveur.","已儲存 %1。下次伺服器重新啟動後生效。","%1 を保存しました。次回のサーバー再起動後に反映されます。","%1 salvo. Vale após a próxima reinicialização do servidor.","已保存 %1。下次服务器重启后生效。"
"VSTR_XMLE_MSG_DLG_SAVE_TITLE","Save messages","Save messages","Uložit zprávy","Nachrichten speichern","Сохранить сообщения","Zapisz wiadomości","Üzenetek mentése","Salva messaggi","Guardar mensajes","Enregistrer les messages","儲存訊息","メッセージを保存","Salvar mensagens","保存消息"
"VSTR_XMLE_MSG_DLG_SAVE_BODY","Save %1 change(s) to %2? A backup is made first. The server reads its messages at startup, so the change applies after the next restart.","Save %1 change(s) to %2? A backup is made first. The server reads its messages at startup, so the change applies after the next restart.","Uložit %1 změn(y) do %2? Nejdřív se vytvoří záloha. Server čte zprávy při startu, změna se projeví po příštím restartu.","%1 Änderung(en) in %2 speichern? Zuerst wird ein Backup erstellt. Der Server liest die Nachrichten beim Start, die Änderung gilt nach dem nächsten Neustart.","Сохранить изменения (%1) в %2? Сначала создаётся резервная копия. Сервер читает сообщения при запуске, изменение вступит в силу после перезапуска.","Zapisać zmiany (%1) w %2? Najpierw powstaje kopia zapasowa. Serwer czyta wiadomości przy starcie, więc zmiana zadziała po restarcie.","Menti a(z) %1 változást ide: %2? Előbb biztonsági mentés készül. A szerver induláskor olvassa az üzeneteket, a változás újraindítás után lép életbe.","Salvare %1 modifiche in %2? Prima viene fatto un backup. Il server legge i messaggi all'avvio, quindi la modifica vale dopo il prossimo riavvio.","¿Guardar %1 cambio(s) en %2? Primero se hace una copia de seguridad. El servidor lee los mensajes al iniciar, así que el cambio se aplica tras el próximo reinicio.","Enregistrer %1 modification(s) dans %2 ? Une sauvegarde est faite d'abord. Le serveur lit ses messages au démarrage : le changement s'applique au prochain redémarrage.","要將 %1 項變更儲存到 %2 嗎？會先建立備份。伺服器在啟動時讀取訊息，因此變更會在下次重新啟動後生效。","%2 に %1 件の変更を保存しますか？先にバックアップが作成されます。サーバーは起動時にメッセージを読み込むため、変更は次回の再起動後に反映されます。","Salvar %1 alteração(ões) em %2? Um backup é feito antes. O servidor lê as mensagens ao iniciar, então a mudança vale após a próxima reinicialização.","要将 %1 项更改保存到 %2 吗？会先创建备份。服务器在启动时读取消息，因此更改会在下次重启后生效。"
"VSTR_XMLE_MSG_DLG_REVERT_TITLE","Revert messages","Revert messages","Vrátit zprávy","Nachrichten zurücksetzen","Откатить сообщения","Cofnij wiadomości","Üzenetek visszaállítása","Ripristina messaggi","Revertir mensajes","Annuler les messages","還原訊息","メッセージを元に戻す","Reverter mensagens","还原消息"
"VSTR_XMLE_MSG_DLG_REVERT_BODY","Discard %1 unsaved change(s) in %2 and load the file from the server?","Discard %1 unsaved change(s) in %2 and load the file from the server?","Zahodit %1 neuložených změn v %2 a načíst soubor ze serveru?","%1 ungespeicherte Änderung(en) in %2 verwerfen und die Datei vom Server laden?","Отменить несохранённые изменения (%1) в %2 и загрузить файл с сервера?","Odrzucić niezapisane zmiany (%1) w %2 i wczytać plik z serwera?","Elveti a(z) %1 mentetlen változást itt: %2, és betölti a fájlt a szerverről?","Scartare %1 modifiche non salvate in %2 e caricare il file dal server?","¿Descartar %1 cambio(s) sin guardar en %2 y cargar el archivo del servidor?","Abandonner %1 modification(s) non enregistrée(s) dans %2 et recharger le fichier depuis le serveur ?","要捨棄 %2 中 %1 項未儲存的變更，並從伺服器載入檔案嗎？","%2 の未保存の変更 %1 件を破棄し、サーバーからファイルを読み込みますか？","Descartar %1 alteração(ões) não salva(s) em %2 e carregar o arquivo do servidor?","要放弃 %2 中 %1 项未保存的更改，并从服务器加载文件吗？"
"VSTR_XMLE_CR_KIND","Kind","Kind","Druh","Art","Тип","Rodzaj","Típus","Tipo","Tipo","Type","種類","種類","Tipo","类型"
"VSTR_XMLE_CR_NO_PERMISSION_MSG","Creating a messages file needs the Edit Messages permission.","Creating a messages file needs the Edit Messages permission.","Vytvoření souboru zpráv vyžaduje oprávnění Upravit zprávy.","Zum Erstellen einer Nachrichtendatei ist die Berechtigung Nachrichten bearbeiten nötig.","Для создания файла сообщений нужно право «Изменение сообщений».","Utworzenie pliku wiadomości wymaga uprawnienia Edycja wiadomości.","Üzenetfájl létrehozásához Üzenetek szerkesztése jogosultság kell.","Per creare un file di messaggi serve il permesso Modifica messaggi.","Crear un archivo de mensajes requiere el permiso Editar mensajes.","La création d'un fichier de messages nécessite l'autorisation Modifier les messages.","建立訊息檔案需要「編輯訊息」權限。","メッセージファイルの作成には「メッセージの編集」権限が必要です。","Criar um arquivo de mensagens exige a permissão Editar mensagens.","创建消息文件需要“编辑消息”权限。"
"VSTR_XMLE_FILES_BTN_REMOVE","DELETE CE FILE","DELETE CE FILE","SMAZAT SOUBOR CE","CE-DATEI LÖSCHEN","УДАЛИТЬ ФАЙЛ CE","USUŃ PLIK CE","CE FÁJL TÖRLÉSE","ELIMINA FILE CE","ELIMINAR ARCHIVO CE","SUPPRIMER LE FICHIER CE","刪除 CE 檔案","CE ファイルを削除","EXCLUIR ARQUIVO CE","删除 CE 文件"
"VSTR_XMLE_FILES_DLG_REMOVE_TITLE","Delete CE file","Delete CE file","Smazat soubor CE","CE-Datei löschen","Удалить файл CE","Usuń plik CE","CE fájl törlése","Elimina file CE","Eliminar archivo CE","Supprimer le fichier CE","刪除 CE 檔案","CE ファイルを削除","Excluir arquivo CE","删除 CE 文件"
"VSTR_XMLE_FILES_DLG_REMOVE_BODY","Delete %1? Its entry leaves cfgeconomycore.xml and the file is deleted from the mission folder. Both are backed up first: to undo, restore the cfgeconomycore.xml backup, then the file's backup. The Central Economy stops loading it after the next restart.","Delete %1? Its entry leaves cfgeconomycore.xml and the file is deleted from the mission folder. Both are backed up first: to undo, restore the cfgeconomycore.xml backup, then the file's backup. The Central Economy stops loading it after the next restart.","Smazat %1? Jeho záznam zmizí z cfgeconomycore.xml a soubor se smaže ze složky mise. Obojí se nejdřív zálohuje: pro vrácení obnovte zálohu cfgeconomycore.xml a pak zálohu souboru. Centrální ekonomika ho po příštím restartu přestane načítat.","%1 löschen? Der Eintrag verschwindet aus cfgeconomycore.xml und die Datei wird aus dem Missionsordner gelöscht. Beides wird zuerst gesichert: Zum Rückgängigmachen erst das Backup von cfgeconomycore.xml, dann das der Datei wiederherstellen. Die Central Economy lädt sie nach dem nächsten Neustart nicht mehr.","Удалить %1? Его запись исчезнет из cfgeconomycore.xml, а файл будет удалён из папки миссии. Сначала создаются резервные копии: чтобы отменить, восстановите копию cfgeconomycore.xml, затем копию файла. После перезапуска Центральная экономика перестанет его загружать.","Usunąć %1? Wpis zniknie z cfgeconomycore.xml, a plik zostanie usunięty z folderu misji. Najpierw powstają kopie: aby cofnąć, przywróć kopię cfgeconomycore.xml, a potem kopię pliku. Po następnym restarcie centralna ekonomia przestanie go wczytywać.","Törlöd a(z) %1 fájlt? A bejegyzése kikerül a cfgeconomycore.xml-ből, és a fájl törlődik a misszió mappájából. Előbb mindkettőről mentés készül: a visszavonáshoz állítsd vissza a cfgeconomycore.xml mentését, majd a fájlét. A következő újraindítás után a Central Economy nem tölti be.","Eliminare %1? La sua voce esce da cfgeconomycore.xml e il file viene eliminato dalla cartella della missione. Prima viene fatto un backup di entrambi: per annullare ripristina il backup di cfgeconomycore.xml e poi quello del file. La Central Economy smette di caricarlo dopo il prossimo riavvio.","¿Eliminar %1? Su entrada sale de cfgeconomycore.xml y el archivo se borra de la carpeta de la misión. Ambos se respaldan antes: para deshacer, restaura la copia de cfgeconomycore.xml y luego la del archivo. La economía central deja de cargarlo tras el próximo reinicio.","Supprimer %1 ? Son entrée quitte cfgeconomycore.xml et le fichier est supprimé du dossier de mission. Les deux sont sauvegardés d'abord : pour annuler, restaurez la sauvegarde de cfgeconomycore.xml puis celle du fichier. L'économie centrale cesse de le charger au prochain redémarrage.","要刪除 %1 嗎？它的項目會從 cfgeconomycore.xml 移除，檔案也會從任務資料夾刪除。兩者都會先備份：若要復原，請先還原 cfgeconomycore.xml 的備份，再還原檔案的備份。下次重新啟動後中央經濟系統將不再載入它。","%1 を削除しますか？エントリーが cfgeconomycore.xml から外れ、ファイルもミッションフォルダーから削除されます。両方とも先にバックアップされます。元に戻すには cfgeconomycore.xml のバックアップ、続いてファイルのバックアップを復元してください。次回の再起動後、セントラルエコノミーは読み込まなくなります。","Excluir %1? A entrada sai do cfgeconomycore.xml e o arquivo é apagado da pasta da missão. Os dois recebem backup antes: para desfazer, restaure o backup do cfgeconomycore.xml e depois o do arquivo. A Economia Central deixa de carregá-lo após a próxima reinicialização.","要删除 %1 吗？它的条目会从 cfgeconomycore.xml 移除，文件也会从任务文件夹删除。两者都会先备份：如需撤销，请先还原 cfgeconomycore.xml 的备份，再还原文件的备份。下次重启后中央经济系统将不再加载它。"
"VSTR_XMLE_FILES_REMOVED","Deleted %1 and removed it from cfgeconomycore.xml. The change applies after the next restart.","Deleted %1 and removed it from cfgeconomycore.xml. The change applies after the next restart.","%1 byl smazán a odebrán z cfgeconomycore.xml. Změna se projeví po příštím restartu.","%1 wurde gelöscht und aus cfgeconomycore.xml entfernt. Die Änderung gilt nach dem nächsten Neustart.","%1 удалён и убран из cfgeconomycore.xml. Изменение вступит в силу после перезапуска.","Usunięto %1 i wypisano go z cfgeconomycore.xml. Zmiana zadziała po następnym restarcie.","%1 törölve és eltávolítva a cfgeconomycore.xml-ből. A változás a következő újraindítás után lép életbe.","%1 eliminato e rimosso da cfgeconomycore.xml. La modifica vale dopo il prossimo riavvio.","Se eliminó %1 y se quitó de cfgeconomycore.xml. El cambio se aplica tras el próximo reinicio.","%1 a été supprimé et retiré de cfgeconomycore.xml. Le changement s'applique au prochain redémarrage.","已刪除 %1 並從 cfgeconomycore.xml 移除。變更會在下次重新啟動後生效。","%1 を削除し、cfgeconomycore.xml から外しました。変更は次回の再起動後に反映されます。","%1 foi excluído e removido do cfgeconomycore.xml. A mudança vale após a próxima reinicialização.","已删除 %1 并从 cfgeconomycore.xml 移除。更改会在下次重启后生效。"
"VSTR_XMLE_FILES_ERR_NOT_CE","%1 is not registered through a <ce> block in cfgeconomycore.xml.","%1 is not registered through a <ce> block in cfgeconomycore.xml.","%1 není registrován blokem <ce> v cfgeconomycore.xml.","%1 ist nicht über einen <ce>-Block in cfgeconomycore.xml registriert.","%1 не зарегистрирован блоком <ce> в cfgeconomycore.xml.","%1 nie jest zarejestrowany blokiem <ce> w cfgeconomycore.xml.","%1 nincs <ce> blokkal regisztrálva a cfgeconomycore.xml-ben.","%1 non è registrato tramite un blocco <ce> in cfgeconomycore.xml.","%1 no está registrado mediante un bloque <ce> en cfgeconomycore.xml.","%1 n'est pas enregistré via un bloc <ce> dans cfgeconomycore.xml.","%1 並非透過 cfgeconomycore.xml 中的 <ce> 區塊註冊。","%1 は cfgeconomycore.xml の <ce> ブロックで登録されていません。","%1 não está registrado por um bloco <ce> em cfgeconomycore.xml.","%1 并非通过 cfgeconomycore.xml 中的 <ce> 块注册。"
"VSTR_XMLE_FILES_ERR_PENDING","Save or revert the unsaved edits of %1 first.","Save or revert the unsaved edits of %1 first.","Nejdřív uložte nebo vraťte neuložené úpravy souboru %1.","Speichere oder verwirf zuerst die ungespeicherten Änderungen an %1.","Сначала сохраните или отмените несохранённые изменения %1.","Najpierw zapisz lub cofnij niezapisane zmiany w %1.","Előbb mentsd vagy vond vissza a(z) %1 mentetlen módosításait.","Prima salva o annulla le modifiche non salvate di %1.","Primero guarda o revierte los cambios sin guardar de %1.","Enregistrez ou annulez d'abord les modifications non enregistrées de %1.","請先儲存或還原 %1 未儲存的變更。","先に %1 の未保存の変更を保存するか元に戻してください。","Primeiro salve ou reverta as alterações não salvas de %1.","请先保存或还原 %1 未保存的更改。"
"VSTR_XMLE_FILES_REMOVED_KEPT","Removed %1 from cfgeconomycore.xml, but the file could not be deleted: delete it by hand. The change applies after the next restart.","Removed %1 from cfgeconomycore.xml, but the file could not be deleted: delete it by hand. The change applies after the next restart.","%1 byl odebrán z cfgeconomycore.xml, ale soubor nešlo smazat: smažte ho ručně. Změna se projeví po příštím restartu.","%1 wurde aus cfgeconomycore.xml entfernt, aber die Datei konnte nicht gelöscht werden: lösche sie von Hand. Die Änderung gilt nach dem nächsten Neustart.","%1 убран из cfgeconomycore.xml, но файл удалить не удалось: удалите его вручную. Изменение вступит в силу после перезапуска.","Wypisano %1 z cfgeconomycore.xml, ale pliku nie udało się usunąć: usuń go ręcznie. Zmiana zadziała po następnym restarcie.","%1 eltávolítva a cfgeconomycore.xml-ből, de a fájlt nem sikerült törölni: töröld kézzel. A változás a következő újraindítás után lép életbe.","%1 rimosso da cfgeconomycore.xml, ma il file non è stato eliminato: eliminalo a mano. La modifica vale dopo il prossimo riavvio.","Se quitó %1 de cfgeconomycore.xml, pero el archivo no se pudo eliminar: bórralo a mano. El cambio se aplica tras el próximo reinicio.","%1 a été retiré de cfgeconomycore.xml, mais le fichier n'a pas pu être supprimé : supprimez-le à la main. Le changement s'applique au prochain redémarrage.","已從 cfgeconomycore.xml 移除 %1，但無法刪除檔案：請手動刪除。變更會在下次重新啟動後生效。","%1 を cfgeconomycore.xml から外しましたが、ファイルは削除できませんでした。手動で削除してください。変更は次回の再起動後に反映されます。","%1 foi removido do cfgeconomycore.xml, mas o arquivo não pôde ser excluído: apague-o manualmente. A mudança vale após a próxima reinicialização.","已从 cfgeconomycore.xml 移除 %1，但无法删除文件：请手动删除。更改会在下次重启后生效。"
"VSTR_XMLE_FILTER_UNREGISTERED","Not registered (game classes)","Not registered (game classes)","Neregistrované (herní třídy)","Nicht registriert (Spielklassen)","Не зарегистрированы (классы игры)","Niezarejestrowane (klasy gry)","Nem regisztrált (játékosztályok)","Non registrati (classi di gioco)","No registrados (clases del juego)","Non enregistrés (classes du jeu)","未註冊（遊戲類別）","未登録（ゲームのクラス）","Não registrados (classes do jogo)","未注册（游戏类）"
"VSTR_XMLE_UNREG_BADGE","NOT REGISTERED AS A TYPE","NOT REGISTERED AS A TYPE","NENÍ REGISTROVÁNO JAKO TYP","NICHT ALS TYP REGISTRIERT","НЕ ЗАРЕГИСТРИРОВАН КАК ТИП","NIEZAREJESTROWANY JAKO TYP","NINCS TÍPUSKÉNT REGISZTRÁLVA","NON REGISTRATO COME TIPO","NO REGISTRADO COMO TIPO","NON ENREGISTRÉ COMME TYPE","尚未註冊為類型","タイプとして未登録","NÃO REGISTRADO COMO TIPO","尚未注册为类型"
"VSTR_XMLE_UNREG_BODY","This class exists in the game config (%1), but no types file defines it, so the Central Economy never spawns it. Register it to add a <type> entry for it, then edit it like any other type.","This class exists in the game config (%1), but no types file defines it, so the Central Economy never spawns it. Register it to add a <type> entry for it, then edit it like any other type.","Tato třída existuje v herním configu (%1), ale žádný soubor types ji nedefinuje, takže ji centrální ekonomika nikdy nespawne. Zaregistruj ji, tím se pro ni přidá záznam <type>, a pak ji uprav jako každý jiný typ.","Diese Klasse existiert in der Spielkonfiguration (%1), aber keine types-Datei definiert sie, daher spawnt die Central Economy sie nie. Registriere sie, um einen <type>-Eintrag dafür anzulegen, und bearbeite sie dann wie jeden anderen Typ.","Этот класс есть в конфиге игры (%1), но ни один файл types его не описывает, поэтому Центральная экономика никогда его не спавнит. Зарегистрируйте его, чтобы добавить для него запись <type>, а затем редактируйте как любой другой тип.","Ta klasa istnieje w konfiguracji gry (%1), ale żaden plik types jej nie definiuje, więc centralna ekonomia nigdy jej nie spawnuje. Zarejestruj ją, aby dodać dla niej wpis <type>, a potem edytuj ją jak każdy inny typ.","Ez az osztály létezik a játék konfigurációjában (%1), de egyetlen types fájl sem definiálja, így a Central Economy soha nem spawnolja. Regisztráld, hogy kapjon egy <type> bejegyzést, aztán szerkeszd, mint bármely más típust.","Questa classe esiste nella configurazione del gioco (%1), ma nessun file types la definisce, quindi la Central Economy non la genera mai. Registrala per aggiungerle una voce <type>, poi modificala come qualsiasi altro tipo.","Esta clase existe en la configuración del juego (%1), pero ningún archivo types la define, así que la economía central nunca la genera. Regístrala para añadirle una entrada <type> y luego edítala como cualquier otro tipo.","Cette classe existe dans la configuration du jeu (%1), mais aucun fichier types ne la définit, donc l'économie centrale ne la fait jamais apparaître. Enregistrez-la pour lui ajouter une entrée <type>, puis modifiez-la comme n'importe quel autre type.","此類別存在於遊戲設定中（%1），但沒有任何 types 檔案定義它，因此中央經濟系統永遠不會生成它。註冊後會為它新增一筆 <type> 項目，之後即可像其他類型一樣編輯。","このクラスはゲームの config（%1）に存在しますが、どの types ファイルにも定義されていないため、セントラルエコノミーは一切スポーンさせません。登録すると <type> エントリーが追加され、他のタイプと同じように編集できます。","Esta classe existe na configuração do jogo (%1), mas nenhum arquivo types a define, então a Economia Central nunca a gera. Registre-a para adicionar uma entrada <type> para ela e depois edite-a como qualquer outro tipo.","此类存在于游戏配置中（%1），但没有任何 types 文件定义它，因此中央经济系统永远不会生成它。注册后会为它添加一个 <type> 条目，之后即可像其他类型一样编辑。"
"VSTR_XMLE_UNREG_TARGET","It will be added to %1. Pick another types file with the file dropdown above the list.","It will be added to %1. Pick another types file with the file dropdown above the list.","Přidá se do %1. Jiný soubor types vybereš v rozbalovacím seznamu souborů nad seznamem.","Er wird zu %1 hinzugefügt. Eine andere types-Datei wählst du im Datei-Dropdown über der Liste.","Он будет добавлен в %1. Другой файл types можно выбрать в списке файлов над перечнем.","Zostanie dodany do %1. Inny plik types wybierzesz z listy plików nad listą.","A(z) %1 fájlba kerül. Másik types fájlt a lista feletti fájlválasztóban választhatsz.","Verrà aggiunto a %1. Scegli un altro file types dal menu dei file sopra l'elenco.","Se añadirá a %1. Elige otro archivo types en el desplegable de archivos sobre la lista.","Il sera ajouté à %1. Choisissez un autre fichier types dans la liste déroulante des fichiers au-dessus de la liste.","將新增至 %1。可在清單上方的檔案下拉選單中選擇其他 types 檔案。","%1 に追加されます。別の types ファイルはリスト上のファイル選択で選べます。","Será adicionado a %1. Escolha outro arquivo types no menu de arquivos acima da lista.","将添加到 %1。可在列表上方的文件下拉菜单中选择其他 types 文件。"
"VSTR_XMLE_UNREG_NO_TARGET","There is no editable types file to add it to: pick one with the file dropdown above the list.","There is no editable types file to add it to: pick one with the file dropdown above the list.","Není žádný upravitelný soubor types, kam ji přidat: vyber ho v rozbalovacím seznamu souborů nad seznamem.","Es gibt keine bearbeitbare types-Datei zum Hinzufügen: wähle eine im Datei-Dropdown über der Liste.","Нет редактируемого файла types для добавления: выберите его в списке файлов над перечнем.","Brak edytowalnego pliku types, do którego można ją dodać: wybierz go z listy plików nad listą.","Nincs szerkeszthető types fájl, amelyhez hozzáadható: válassz egyet a lista feletti fájlválasztóban.","Non c'è un file types modificabile a cui aggiungerla: scegline uno dal menu dei file sopra l'elenco.","No hay ningún archivo types editable al que añadirla: elige uno en el desplegable de archivos sobre la lista.","Aucun fichier types modifiable où l'ajouter : choisissez-en un dans la liste déroulante des fichiers au-dessus de la liste.","沒有可編輯的 types 檔案可供新增：請在清單上方的檔案下拉選單中選擇一個。","追加先の編集可能な types ファイルがありません。リスト上のファイル選択で選んでください。","Não há arquivo types editável para adicioná-la: escolha um no menu de arquivos acima da lista.","没有可编辑的 types 文件可供添加：请在列表上方的文件下拉菜单中选择一个。"
"VSTR_XMLE_UNREG_NO_PERM","Registering needs the AddRemoveTypes and EditTypes permissions.","Registering needs the AddRemoveTypes and EditTypes permissions.","Registrace vyžaduje oprávnění AddRemoveTypes a EditTypes.","Zum Registrieren werden die Berechtigungen AddRemoveTypes und EditTypes benötigt.","Для регистрации нужны права AddRemoveTypes и EditTypes.","Rejestracja wymaga uprawnień AddRemoveTypes i EditTypes.","A regisztrációhoz AddRemoveTypes és EditTypes jogosultság kell.","Per registrare servono i permessi AddRemoveTypes ed EditTypes.","Para registrar se necesitan los permisos AddRemoveTypes y EditTypes.","L'enregistrement nécessite les permissions AddRemoveTypes et EditTypes.","註冊需要 AddRemoveTypes 與 EditTypes 權限。","登録には AddRemoveTypes と EditTypes の権限が必要です。","Registrar exige as permissões AddRemoveTypes e EditTypes.","注册需要 AddRemoveTypes 和 EditTypes 权限。"
"VSTR_XMLE_UNREG_BTN","REGISTER AS TYPE","REGISTER AS TYPE","REGISTROVAT JAKO TYP","ALS TYP REGISTRIEREN","ЗАРЕГИСТРИРОВАТЬ","ZAREJESTRUJ JAKO TYP","REGISZTRÁLÁS","REGISTRA COME TIPO","REGISTRAR COMO TIPO","ENREGISTRER","註冊為類型","タイプとして登録","REGISTRAR COMO TIPO","注册为类型"
"VSTR_XMLE_UNREG_DLG_TITLE","Register type","Register type","Registrovat typ","Typ registrieren","Регистрация типа","Zarejestruj typ","Típus regisztrálása","Registra tipo","Registrar tipo","Enregistrer le type","註冊類型","タイプを登録","Registrar tipo","注册类型"
"VSTR_XMLE_UNREG_DLG_BODY","Add %1 to %2 as a new type? It starts with nominal 0, so it does not spawn until you edit it.","Add %1 to %2 as a new type? It starts with nominal 0, so it does not spawn until you edit it.","Přidat %1 do %2 jako nový typ? Začíná s nominalem 0, takže se nespawne, dokud ho neupravíš.","%1 als neuen Typ zu %2 hinzufügen? Er startet mit Nominal 0 und spawnt erst, wenn du ihn bearbeitest.","Добавить %1 в %2 как новый тип? Он создаётся с номиналом 0 и не будет спавниться, пока вы его не отредактируете.","Dodać %1 do %2 jako nowy typ? Zaczyna z nominalem 0, więc nie pojawi się, dopóki go nie edytujesz.","Hozzáadod a(z) %1 osztályt új típusként a(z) %2 fájlhoz? Nominal 0 értékkel indul, így addig nem spawnol, amíg nem szerkeszted.","Aggiungere %1 a %2 come nuovo tipo? Parte con nominal 0, quindi non viene generato finché non lo modifichi.","¿Añadir %1 a %2 como tipo nuevo? Empieza con nominal 0, así que no se genera hasta que lo edites.","Ajouter %1 à %2 comme nouveau type ? Il commence avec un nominal de 0 et n'apparaît donc pas tant que vous ne le modifiez pas.","要將 %1 以新類型新增至 %2 嗎？它的 nominal 起始為 0，在你編輯之前不會生成。","%1 を新しいタイプとして %2 に追加しますか？nominal 0 で始まるため、編集するまでスポーンしません。","Adicionar %1 a %2 como novo tipo? Ele começa com nominal 0, então não aparece até você editá-lo.","要将 %1 作为新类型添加到 %2 吗？它的 nominal 初始为 0，在你编辑之前不会生成。"
"VSTR_XMLE_TAB_EVENTS","EVENTS","EVENTS","UDÁLOSTI","EVENTS","СОБЫТИЯ","ZDARZENIA","ESEMÉNYEK","EVENTI","EVENTOS","ÉVÉNEMENTS","事件","イベント","EVENTOS","事件"
"VSTR_XMLE_EVT_LIST_TITLE","EVENTS","EVENTS","UDÁLOSTI","EVENTS","СОБЫТИЯ","ZDARZENIA","ESEMÉNYEK","EVENTI","EVENTOS","ÉVÉNEMENTS","事件","イベント","EVENTOS","事件"
"VSTR_XMLE_EVT_EDIT_NONE","No event selected","No event selected","Není vybrána žádná událost","Kein Event ausgewählt","Событие не выбрано","Nie wybrano zdarzenia","Nincs kiválasztott esemény","Nessun evento selezionato","Ningún evento seleccionado","Aucun événement sélectionné","未選取事件","イベントが選択されていません","Nenhum evento selecionado","未选择事件"
"VSTR_XMLE_EVT_EDIT_NEW","%1 (new)","%1 (new)","%1 (nová)","%1 (neu)","%1 (новое)","%1 (nowe)","%1 (új)","%1 (nuovo)","%1 (nuevo)","%1 (nouveau)","%1（新）","%1（新規）","%1 (novo)","%1（新）"
"VSTR_XMLE_EVT_EMPTY","Select an event on the left, or add a new one.","Select an event on the left, or add a new one.","Vyber vlevo událost, nebo přidej novou.","Wähle links ein Event aus oder füge ein neues hinzu.","Выберите событие слева или добавьте новое.","Wybierz zdarzenie po lewej lub dodaj nowe.","Válassz ki bal oldalt egy eseményt, vagy adj hozzá újat.","Seleziona un evento a sinistra o aggiungine uno nuovo.","Selecciona un evento a la izquierda o añade uno nuevo.","Sélectionnez un événement à gauche ou ajoutez-en un nouveau.","請在左側選擇一個事件，或新增一個。","左側でイベントを選ぶか、新しく追加してください。","Selecione um evento à esquerda ou adicione um novo.","请在左侧选择一个事件，或新增一个。"
"VSTR_XMLE_EVT_NO_FILE","There is no events file. Create one in the CREATE tab.","There is no events file. Create one in the CREATE tab.","Neexistuje žádný soubor událostí. Vytvoř ho na kartě VYTVOŘIT.","Es gibt keine Event-Datei. Lege eine im Tab ERSTELLEN an.","Файла событий нет. Создайте его на вкладке СОЗДАТЬ.","Brak pliku zdarzeń. Utwórz go w zakładce UTWÓRZ.","Nincs eseményfájl. Hozz létre egyet a LÉTREHOZÁS fülön.","Non c'è alcun file di eventi. Creane uno nella scheda CREA.","No hay ningún archivo de eventos. Crea uno en la pestaña CREAR.","Aucun fichier d'événements. Créez-en un dans l'onglet CRÉER.","沒有事件檔案。請在「建立」分頁建立一個。","イベントファイルがありません。作成タブで作成してください。","Não há arquivo de eventos. Crie um na aba CRIAR.","没有事件文件。请在“创建”选项卡中创建一个。"
"VSTR_XMLE_EVT_NO_FILE_SHORT","No events file","No events file","Žádný soubor událostí","Keine Event-Datei","Нет файла событий","Brak pliku zdarzeń","Nincs eseményfájl","Nessun file di eventi","Sin archivo de eventos","Aucun fichier d'événements","沒有事件檔案","イベントファイルなし","Sem arquivo de eventos","没有事件文件"
"VSTR_XMLE_EVT_READONLY","Viewing only: editing events needs the Edit Events permission.","Viewing only: editing events needs the Edit Events permission.","Jen pro čtení: úpravy událostí vyžadují oprávnění Edit Events.","Nur Ansicht: Zum Bearbeiten von Events ist die Berechtigung Edit Events nötig.","Только просмотр: для изменения событий нужно право Edit Events.","Tylko podgląd: edycja zdarzeń wymaga uprawnienia Edit Events.","Csak megtekintés: az események szerkesztéséhez Edit Events jogosultság kell.","Solo visualizzazione: per modificare gli eventi serve il permesso Edit Events.","Solo lectura: editar eventos requiere el permiso Edit Events.","Lecture seule : modifier les événements nécessite la permission Edit Events.","僅供檢視：編輯事件需要 Edit Events 權限。","閲覧のみ：イベントの編集には Edit Events 権限が必要です。","Somente leitura: editar eventos exige a permissão Edit Events.","仅可查看：编辑事件需要 Edit Events 权限。"
"VSTR_XMLE_EVT_FILE_READONLY","This file cannot be edited (read-only mode or a parse error).","This file cannot be edited (read-only mode or a parse error).","Tento soubor nelze upravit (režim jen pro čtení nebo chyba při čtení XML).","Diese Datei kann nicht bearbeitet werden (Nur-Lese-Modus oder Parser-Fehler).","Этот файл нельзя изменить (режим только чтения или ошибка разбора).","Tego pliku nie można edytować (tryb tylko do odczytu lub błąd parsowania).","Ez a fájl nem szerkeszthető (csak olvasható mód vagy feldolgozási hiba).","Questo file non può essere modificato (modalità sola lettura o errore di analisi).","Este archivo no se puede editar (modo solo lectura o error de análisis).","Ce fichier ne peut pas être modifié (mode lecture seule ou erreur d'analyse).","此檔案無法編輯（唯讀模式或解析錯誤）。","このファイルは編集できません（読み取り専用モードまたは解析エラー）。","Este arquivo não pode ser editado (modo somente leitura ou erro de análise).","此文件无法编辑（只读模式或解析错误）。"
"VSTR_XMLE_EVT_SERVER_CHANGED","The file changed on the server: REVERT loads the new copy (your edits are dropped).","The file changed on the server: REVERT loads the new copy (your edits are dropped).","Soubor se na serveru změnil: VRÁTIT načte novou verzi (tvé úpravy se zahodí).","Die Datei hat sich auf dem Server geändert: ZURÜCKSETZEN lädt die neue Fassung (deine Änderungen gehen verloren).","Файл изменился на сервере: ОТМЕНИТЬ загрузит новую версию (ваши правки будут отброшены).","Plik zmienił się na serwerze: COFNIJ wczyta nową wersję (twoje zmiany przepadną).","A fájl megváltozott a szerveren: a VISSZAÁLLÍTÁS betölti az új változatot (a módosításaid elvesznek).","Il file è cambiato sul server: ANNULLA carica la nuova copia (le tue modifiche vanno perse).","El archivo cambió en el servidor: REVERTIR carga la nueva copia (tus cambios se descartan).","Le fichier a changé sur le serveur : ANNULER charge la nouvelle version (vos modifications sont perdues).","伺服器上的檔案已變更：「還原」會載入新版本（你的編輯將被捨棄）。","サーバー上のファイルが変更されました：元に戻すで新しい版を読み込みます（編集内容は破棄されます）。","O arquivo mudou no servidor: REVERTER carrega a nova cópia (suas edições são descartadas).","服务器上的文件已更改：“还原”会加载新版本（你的编辑将被丢弃）。"
"VSTR_XMLE_EVT_FILTER_ALL","All events","All events","Všechny události","Alle Events","Все события","Wszystkie zdarzenia","Minden esemény","Tutti gli eventi","Todos los eventos","Tous les événements","所有事件","すべてのイベント","Todos os eventos","所有事件"
"VSTR_XMLE_EVT_FILTER_KIND","%1 events","%1 events","Události %1","%1-Events","События %1","Zdarzenia %1","%1 események","Eventi %1","Eventos %1","Événements %1","%1 事件","%1 イベント","Eventos %1","%1 事件"
"VSTR_XMLE_EVT_FILTER_UNKNOWN","Unknown prefix","Unknown prefix","Neznámá předpona","Unbekanntes Präfix","Неизвестный префикс","Nieznany prefiks","Ismeretlen előtag","Prefisso sconosciuto","Prefijo desconocido","Préfixe inconnu","未知前綴","不明な接頭辞","Prefixo desconhecido","未知前缀"
"VSTR_XMLE_EVT_FILTER_OFF","Turned off (active 0)","Turned off (active 0)","Vypnuté (active 0)","Ausgeschaltet (active 0)","Выключены (active 0)","Wyłączone (active 0)","Kikapcsolt (active 0)","Disattivati (active 0)","Desactivados (active 0)","Désactivés (active 0)","已關閉（active 0）","無効（active 0）","Desativados (active 0)","已关闭（active 0）"
"VSTR_XMLE_EVT_FILTER_WARN","With warnings","With warnings","S varováním","Mit Warnungen","С предупреждениями","Z ostrzeżeniami","Figyelmeztetéssel","Con avvisi","Con advertencias","Avec avertissements","有警告","警告あり","Com avisos","有警告"
"VSTR_XMLE_EVT_FILTER_UNSAVED","Unsaved","Unsaved","Neuložené","Ungespeichert","Не сохранены","Niezapisane","Nem mentett","Non salvati","Sin guardar","Non enregistrés","未儲存","未保存","Não salvos","未保存"
"VSTR_XMLE_EVT_NAME","Name","Name","Název","Name","Имя","Nazwa","Név","Nome","Nombre","Nom","名稱","名前","Nome","名称"
"VSTR_XMLE_EVT_ACTIVE","ACTIVE","ACTIVE","AKTIVNÍ","AKTIV","АКТИВНО","AKTYWNE","AKTÍV","ATTIVO","ACTIVO","ACTIF","啟用","有効","ATIVO","启用"
"VSTR_XMLE_EVT_KIND_UNKNOWN","Unknown kind","Unknown kind","Neznámý druh","Unbekannte Art","Неизвестный тип","Nieznany rodzaj","Ismeretlen fajta","Tipo sconosciuto","Tipo desconocido","Type inconnu","未知類型","不明な種類","Tipo desconhecido","未知类型"
"VSTR_XMLE_EVT_F0","Nominal","Nominal","Nominal","Nominal","Номинал","Nominal","Nominal","Nominale","Nominal","Nominal","數量（nominal）","目標数（nominal）","Nominal","数量（nominal）"
"VSTR_XMLE_EVT_F1","Min","Min","Min","Min","Мин.","Min","Min","Min","Mín","Min","最小（min）","最小（min）","Mín","最小（min）"
"VSTR_XMLE_EVT_F2","Max","Max","Max","Max","Макс.","Maks","Max","Max","Máx","Max","最大（max）","最大（max）","Máx","最大（max）"
"VSTR_XMLE_EVT_F3","Lifetime (s)","Lifetime (s)","Životnost (s)","Lebensdauer (s)","Время жизни (с)","Czas życia (s)","Élettartam (s)","Durata (s)","Duración (s)","Durée de vie (s)","存在時間（秒）","存続時間（秒）","Duração (s)","存在时间（秒）"
"VSTR_XMLE_EVT_F4","Restock (s)","Restock (s)","Doplnění (s)","Nachschub (s)","Пополнение (с)","Odnowienie (s)","Újratöltés (s)","Rifornimento (s)","Reposición (s)","Réapprovisionnement (s)","補充（秒）","補充（秒）","Reposição (s)","补充（秒）"
"VSTR_XMLE_EVT_F5","Safe radius (m)","Safe radius (m)","Bezpečný poloměr (m)","Sicherheitsradius (m)","Безопасный радиус (м)","Promień bezpieczny (m)","Biztonsági sugár (m)","Raggio sicuro (m)","Radio seguro (m)","Rayon de sécurité (m)","安全半徑（公尺）","安全半径（m）","Raio seguro (m)","安全半径（米）"
"VSTR_XMLE_EVT_F6","Distance radius (m)","Distance radius (m)","Poloměr odstupu (m)","Abstandsradius (m)","Радиус дистанции (м)","Promień odstępu (m)","Távolsági sugár (m)","Raggio distanza (m)","Radio de distancia (m)","Rayon de distance (m)","間距半徑（公尺）","間隔半径（m）","Raio de distância (m)","间距半径（米）"
"VSTR_XMLE_EVT_F7","Cleanup radius (m)","Cleanup radius (m)","Poloměr úklidu (m)","Aufräumradius (m)","Радиус очистки (м)","Promień sprzątania (m)","Takarítási sugár (m)","Raggio pulizia (m)","Radio de limpieza (m)","Rayon de nettoyage (m)","清理半徑（公尺）","清掃半径（m）","Raio de limpeza (m)","清理半径（米）"
"VSTR_XMLE_EVT_INHERITS","inherits %1","inherits %1","dědí %1","erbt %1","наследует %1","dziedziczy %1","örökli: %1","eredita %1","hereda %1","hérite %1","繼承 %1","%1 を継承","herda %1","继承 %1"
"VSTR_XMLE_EVT_NOT_SET","not set (0)","not set (0)","nenastaveno (0)","nicht gesetzt (0)","не задано (0)","nie ustawiono (0)","nincs megadva (0)","non impostato (0)","sin valor (0)","non défini (0)","未設定（0）","未設定（0）","não definido (0)","未设置（0）"
"VSTR_XMLE_EVT_POSITION","Position","Position","Pozice","Position","Позиция","Pozycja","Pozíció","Posizione","Posición","Position","位置","位置","Posição","位置"
"VSTR_XMLE_EVT_LIMIT","Limit","Limit","Limit","Limit","Лимит","Limit","Korlát","Limite","Límite","Limite","限制","制限","Limite","限制"
"VSTR_XMLE_EVT_FLAGS","Flags","Flags","Příznaky","Flags","Флаги","Flagi","Jelzők","Flag","Indicadores","Indicateurs","旗標","フラグ","Sinalizadores","标志"
"VSTR_XMLE_EVT_SECONDARY","Secondary","Secondary","Sekundární","Sekundär","Вторичное","Wtórne","Másodlagos","Secondario","Secundario","Secondaire","次要事件","副次イベント","Secundário","次要事件"
"VSTR_XMLE_EVT_SECONDARY_NONE","none","none","žádná","keines","нет","brak","nincs","nessuno","ninguno","aucun","無","なし","nenhum","无"
"VSTR_XMLE_EVT_SECONDARY_FOUND","event found","event found","událost nalezena","Event gefunden","событие найдено","zdarzenie znalezione","esemény megtalálva","evento trovato","evento encontrado","événement trouvé","已找到事件","イベントあり","evento encontrado","已找到事件"
"VSTR_XMLE_EVT_SECONDARY_MISSING","no such event","no such event","taková událost není","kein solches Event","такого события нет","brak takiego zdarzenia","nincs ilyen esemény","evento inesistente","no existe ese evento","événement introuvable","無此事件","該当イベントなし","evento inexistente","无此事件"
"VSTR_XMLE_EVT_POS_FIXED","fixed","fixed","fixed","fixed","fixed","fixed","fixed","fixed","fixed","fixed","fixed","fixed","fixed","fixed"
"VSTR_XMLE_EVT_POS_PLAYER","player","player","player","player","player","player","player","player","player","player","player","player","player","player"
"VSTR_XMLE_EVT_POS_UNIFORM","uniform","uniform","uniform","uniform","uniform","uniform","uniform","uniform","uniform","uniform","uniform","uniform","uniform","uniform"
"VSTR_XMLE_EVT_LIM_CHILD","child","child","child","child","child","child","child","child","child","child","child","child","child","child"
"VSTR_XMLE_EVT_LIM_MIXED","mixed","mixed","mixed","mixed","mixed","mixed","mixed","mixed","mixed","mixed","mixed","mixed","mixed","mixed"
"VSTR_XMLE_EVT_LIM_CUSTOM","custom","custom","custom","custom","custom","custom","custom","custom","custom","custom","custom","custom","custom","custom"
"VSTR_XMLE_EVT_LIM_PARENT","parent","parent","parent","parent","parent","parent","parent","parent","parent","parent","parent","parent","parent","parent"
"VSTR_XMLE_EVT_FLAG_DELETABLE","deletable","deletable","deletable","deletable","deletable","deletable","deletable","deletable","deletable","deletable","deletable","deletable","deletable","deletable"
"VSTR_XMLE_EVT_FLAG_INITRANDOM","init_random","init_random","init_random","init_random","init_random","init_random","init_random","init_random","init_random","init_random","init_random","init_random","init_random","init_random"
"VSTR_XMLE_EVT_FLAG_REMOVEDAMAGED","remove_damaged","remove_damaged","remove_damaged","remove_damaged","remove_damaged","remove_damaged","remove_damaged","remove_damaged","remove_damaged","remove_damaged","remove_damaged","remove_damaged","remove_damaged","remove_damaged"
"VSTR_XMLE_EVT_CHILD_SPAWNSEC","spawnsecondary","spawnsecondary","spawnsecondary","spawnsecondary","spawnsecondary","spawnsecondary","spawnsecondary","spawnsecondary","spawnsecondary","spawnsecondary","spawnsecondary","spawnsecondary","spawnsecondary","spawnsecondary"
"VSTR_XMLE_EVT_CHILD_TRACE","trace","trace","trace","trace","trace","trace","trace","trace","trace","trace","trace","trace","trace","trace"
"VSTR_XMLE_EVT_CHILDREN","Children (%1)","Children (%1)","Potomci (%1)","Kinder (%1)","Дочерние (%1)","Potomne (%1)","Gyermekek (%1)","Figli (%1)","Hijos (%1)","Enfants (%1)","子項（%1）","子要素（%1）","Filhos (%1)","子项（%1）"
"VSTR_XMLE_EVT_CHILD_TYPE","Type","Type","Typ","Typ","Тип","Typ","Típus","Tipo","Tipo","Type","類型","タイプ","Tipo","类型"
"VSTR_XMLE_EVT_CHILD_MIN","Min","Min","Min","Min","Мин.","Min","Min","Min","Mín","Min","最小","最小","Mín","最小"
"VSTR_XMLE_EVT_CHILD_MAX","Max","Max","Max","Max","Макс.","Maks","Max","Max","Máx","Max","最大","最大","Máx","最大"
"VSTR_XMLE_EVT_CHILD_LOOTMIN","Loot min","Loot min","Kořist min","Loot min","Лут мин.","Łup min","Zsákmány min","Bottino min","Botín mín","Butin min","戰利品最小","ルート最小","Saque mín","战利品最小"
"VSTR_XMLE_EVT_CHILD_LOOTMAX","Loot max","Loot max","Kořist max","Loot max","Лут макс.","Łup maks","Zsákmány max","Bottino max","Botín máx","Butin max","戰利品最大","ルート最大","Saque máx","战利品最大"
"VSTR_XMLE_EVT_CHILD_DELOOT","Deloot","Deloot","Deloot","Deloot","Deloot","Deloot","Deloot","Deloot","Deloot","Deloot","Deloot","Deloot","Deloot","Deloot"
"VSTR_XMLE_EVT_BTN_CHILD_ADD","ADD","ADD","PŘIDAT","HINZU","ДОБАВИТЬ","DODAJ","HOZZÁAD","AGGIUNGI","AÑADIR","AJOUTER","新增","追加","ADICIONAR","添加"
"VSTR_XMLE_EVT_BTN_CHILD_REMOVE","REMOVE","REMOVE","ODEBRAT","ENTFERNEN","УБРАТЬ","USUŃ","TÖRÖL","RIMUOVI","QUITAR","RETIRER","移除","削除","REMOVER","移除"
"VSTR_XMLE_EVT_STATE_OK","Runs at server start (%1 event).","Runs at server start (%1 event).","Spustí se při startu serveru (událost %1).","Läuft ab Serverstart (%1-Event).","Запускается при старте сервера (событие %1).","Działa od startu serwera (zdarzenie %1).","A szerver indulásakor fut (%1 esemény).","Attivo all'avvio del server (evento %1).","Se ejecuta al iniciar el servidor (evento %1).","Actif au démarrage du serveur (événement %1).","伺服器啟動時執行（%1 事件）。","サーバー起動時に動作します（%1 イベント）。","Roda ao iniciar o servidor (evento %1).","服务器启动时运行（%1 事件）。"
"VSTR_XMLE_EVT_STATE_DISABLED","The server disables this event at start: see the checks below.","The server disables this event at start: see the checks below.","Server tuto událost při startu vypne: viz kontroly níže.","Der Server schaltet dieses Event beim Start ab: siehe Prüfungen unten.","Сервер отключит это событие при старте: см. проверки ниже.","Serwer wyłączy to zdarzenie przy starcie: zobacz sprawdzenia poniżej.","A szerver induláskor letiltja ezt az eseményt: lásd a lenti ellenőrzéseket.","Il server disattiva questo evento all'avvio: vedi i controlli sotto.","El servidor desactiva este evento al iniciar: mira las comprobaciones abajo.","Le serveur désactive cet événement au démarrage : voir les vérifications ci-dessous.","伺服器啟動時會停用此事件：請看下方檢查。","サーバーは起動時にこのイベントを無効化します：下のチェックを参照。","O servidor desativa este evento ao iniciar: veja as verificações abaixo.","服务器启动时会禁用此事件：请看下方检查。"
"VSTR_XMLE_EVT_STATE_IGNORED","The server ignores this event: unknown name prefix.","The server ignores this event: unknown name prefix.","Server tuto událost ignoruje: neznámá předpona názvu.","Der Server ignoriert dieses Event: unbekanntes Namenspräfix.","Сервер игнорирует это событие: неизвестный префикс имени.","Serwer ignoruje to zdarzenie: nieznany prefiks nazwy.","A szerver figyelmen kívül hagyja ezt az eseményt: ismeretlen névelőtag.","Il server ignora questo evento: prefisso del nome sconosciuto.","El servidor ignora este evento: prefijo de nombre desconocido.","Le serveur ignore cet événement : préfixe de nom inconnu.","伺服器會忽略此事件：名稱前綴未知。","サーバーはこのイベントを無視します：名前の接頭辞が不明です。","O servidor ignora este evento: prefixo de nome desconhecido.","服务器会忽略此事件：名称前缀未知。"
"VSTR_XMLE_EVT_STATE_REMOVED","Not run: %1 turns it off (active 0).","Not run: %1 turns it off (active 0).","Nespouští se: %1 ji vypíná (active 0).","Läuft nicht: %1 schaltet es ab (active 0).","Не запускается: %1 отключает его (active 0).","Nie działa: %1 je wyłącza (active 0).","Nem fut: %1 kikapcsolja (active 0).","Non attivo: %1 lo disattiva (active 0).","No se ejecuta: %1 lo desactiva (active 0).","Inactif : %1 le désactive (active 0).","不會執行：%1 將其關閉（active 0）。","動作しません：%1 が無効化しています（active 0）。","Não roda: %1 o desativa (active 0).","不会运行：%1 将其关闭（active 0）。"
"VSTR_XMLE_EVT_ERR_NAME","The event name must be 1-128 letters, digits or _ and must not start with a digit.","The event name must be 1-128 letters, digits or _ and must not start with a digit.","Název události musí mít 1-128 písmen, číslic nebo _ a nesmí začínat číslicí.","Der Event-Name muss aus 1-128 Buchstaben, Ziffern oder _ bestehen und darf nicht mit einer Ziffer beginnen.","Имя события: 1-128 букв, цифр или _ и не может начинаться с цифры.","Nazwa zdarzenia musi mieć 1-128 liter, cyfr lub _ i nie może zaczynać się cyfrą.","Az esemény neve 1-128 betű, számjegy vagy _ lehet, és nem kezdődhet számjeggyel.","Il nome dell'evento deve avere 1-128 lettere, cifre o _ e non può iniziare con una cifra.","El nombre del evento debe tener 1-128 letras, dígitos o _ y no puede empezar por un dígito.","Le nom de l'événement doit comporter 1 à 128 lettres, chiffres ou _ et ne pas commencer par un chiffre.","事件名稱須為 1-128 個字母、數字或 _，且不可以數字開頭。","イベント名は英字・数字・_ の 1-128 文字で、数字で始めることはできません。","O nome do evento deve ter 1-128 letras, dígitos ou _ e não pode começar com dígito.","事件名称须为 1-128 个字母、数字或 _，且不能以数字开头。"
"VSTR_XMLE_EVT_ERR_NAME_TAKEN","%1 already exists in this file.","%1 already exists in this file.","%1 už v tomto souboru existuje.","%1 existiert in dieser Datei bereits.","%1 уже есть в этом файле.","%1 już istnieje w tym pliku.","%1 már létezik ebben a fájlban.","%1 esiste già in questo file.","%1 ya existe en este archivo.","%1 existe déjà dans ce fichier.","%1 已存在於此檔案中。","%1 はこのファイルに既にあります。","%1 já existe neste arquivo.","%1 已存在于此文件中。"
"VSTR_XMLE_EVT_ERR_NUMBER","Numbers must be whole numbers from 0 to 999999999.","Numbers must be whole numbers from 0 to 999999999.","Čísla musí být celá čísla od 0 do 999999999.","Zahlen müssen ganze Zahlen von 0 bis 999999999 sein.","Числа должны быть целыми от 0 до 999999999.","Liczby muszą być całkowite od 0 do 999999999.","A számok 0 és 999999999 közötti egész számok lehetnek.","I numeri devono essere interi da 0 a 999999999.","Los números deben ser enteros de 0 a 999999999.","Les nombres doivent être des entiers de 0 à 999999999.","數字必須是 0 到 999999999 的整數。","数値は 0 から 999999999 の整数にしてください。","Os números devem ser inteiros de 0 a 999999999.","数字必须是 0 到 999999999 的整数。"
"VSTR_XMLE_EVT_ERR_POSITION","Position must be fixed, player or uniform.","Position must be fixed, player or uniform.","Pozice musí být fixed, player nebo uniform.","Position muss fixed, player oder uniform sein.","Позиция должна быть fixed, player или uniform.","Pozycja musi być fixed, player lub uniform.","A pozíció fixed, player vagy uniform lehet.","La posizione deve essere fixed, player o uniform.","La posición debe ser fixed, player o uniform.","La position doit être fixed, player ou uniform.","位置必須是 fixed、player 或 uniform。","位置は fixed、player、uniform のいずれかです。","A posição deve ser fixed, player ou uniform.","位置必须是 fixed、player 或 uniform。"
"VSTR_XMLE_EVT_ERR_LIMIT","Limit must be child, mixed, custom or parent.","Limit must be child, mixed, custom or parent.","Limit musí být child, mixed, custom nebo parent.","Limit muss child, mixed, custom oder parent sein.","Лимит должен быть child, mixed, custom или parent.","Limit musi być child, mixed, custom lub parent.","A korlát child, mixed, custom vagy parent lehet.","Il limite deve essere child, mixed, custom o parent.","El límite debe ser child, mixed, custom o parent.","La limite doit être child, mixed, custom ou parent.","限制必須是 child、mixed、custom 或 parent。","制限は child、mixed、custom、parent のいずれかです。","O limite deve ser child, mixed, custom ou parent.","限制必须是 child、mixed、custom 或 parent。"
"VSTR_XMLE_EVT_ERR_SECONDARY","The secondary event name may only use letters, digits and _.","The secondary event name may only use letters, digits and _.","Název sekundární události smí obsahovat jen písmena, číslice a _.","Der Name des Sekundär-Events darf nur Buchstaben, Ziffern und _ enthalten.","Имя вторичного события может содержать только буквы, цифры и _.","Nazwa zdarzenia wtórnego może zawierać tylko litery, cyfry i _.","A másodlagos esemény neve csak betűt, számjegyet és _ jelet tartalmazhat.","Il nome dell'evento secondario può usare solo lettere, cifre e _.","El nombre del evento secundario solo puede usar letras, dígitos y _.","Le nom de l'événement secondaire ne peut contenir que des lettres, chiffres et _.","次要事件名稱只能使用字母、數字和 _。","副次イベント名には英字・数字・_ のみ使えます。","O nome do evento secundário só pode usar letras, dígitos e _.","次要事件名称只能使用字母、数字和 _。"
"VSTR_XMLE_EVT_ERR_CHILD_TYPE","Every child needs a valid type class name.","Every child needs a valid type class name.","Každý potomek potřebuje platný název třídy typu.","Jedes Kind braucht einen gültigen Typ-Klassennamen.","Каждому дочернему нужно корректное имя класса типа.","Każdy element potomny potrzebuje poprawnej nazwy klasy typu.","Minden gyermeknek érvényes típus-osztálynév kell.","Ogni figlio richiede un nome di classe del tipo valido.","Cada hijo necesita un nombre de clase de tipo válido.","Chaque enfant a besoin d'un nom de classe de type valide.","每個子項都需要有效的類型類別名稱。","各子要素には有効なタイプのクラス名が必要です。","Cada filho precisa de um nome de classe de tipo válido.","每个子项都需要有效的类型类名。"
"VSTR_XMLE_EVT_ERR_CHILD_NUMBER","Child min, max, loot min and loot max must be whole numbers from 0; deloot from -1.","Child min, max, loot min and loot max must be whole numbers from 0; deloot from -1.","Min, max, kořist min a kořist max potomka musí být celá čísla od 0; deloot od -1.","Min, Max, Loot min und Loot max eines Kinds müssen ganze Zahlen ab 0 sein; deloot ab -1.","Мин., макс., лут мин. и лут макс. дочернего: целые числа от 0; deloot от -1.","Min, maks, łup min i łup maks potomnego muszą być liczbami całkowitymi od 0; deloot od -1.","A gyermek min, max, zsákmány min és max értéke 0-tól induló egész szám; a deloot -1-től.","Min, max, bottino min e max del figlio devono essere interi da 0; deloot da -1.","Mín, máx, botín mín y máx del hijo deben ser enteros desde 0; deloot desde -1.","Min, max, butin min et max de l'enfant doivent être des entiers à partir de 0 ; deloot à partir de -1.","子項的最小、最大、戰利品最小與最大須為 0 以上的整數；deloot 須為 -1 以上。","子要素の最小・最大・ルート最小・最大は 0 以上の整数、deloot は -1 以上です。","Mín, máx, saque mín e máx do filho devem ser inteiros a partir de 0; deloot a partir de -1.","子项的最小、最大、战利品最小和最大须为 0 以上的整数；deloot 须为 -1 以上。"
"VSTR_XMLE_EVT_ERR_CHILDREN_MAX","An event can have at most 200 children.","An event can have at most 200 children.","Událost může mít nejvýše 200 potomků.","Ein Event kann höchstens 200 Kinder haben.","У события может быть не более 200 дочерних.","Zdarzenie może mieć najwyżej 200 potomnych.","Egy eseménynek legfeljebb 200 gyermeke lehet.","Un evento può avere al massimo 200 figli.","Un evento puede tener como máximo 200 hijos.","Un événement peut avoir au plus 200 enfants.","一個事件最多只能有 200 個子項。","1 つのイベントの子要素は最大 200 個です。","Um evento pode ter no máximo 200 filhos.","一个事件最多只能有 200 个子项。"
"VSTR_XMLE_EVT_ERR_ROOT","The file has no <events> root element.","The file has no <events> root element.","Soubor nemá kořenový prvek <events>.","Die Datei hat kein <events>-Wurzelelement.","В файле нет корневого элемента <events>.","Plik nie ma elementu głównego <events>.","A fájlnak nincs <events> gyökéreleme.","Il file non ha l'elemento radice <events>.","El archivo no tiene el elemento raíz <events>.","Le fichier n'a pas d'élément racine <events>.","檔案沒有 <events> 根元素。","ファイルに <events> ルート要素がありません。","O arquivo não tem o elemento raiz <events>.","文件没有 <events> 根元素。"
"VSTR_XMLE_EVT_W_PREFIX","The name does not start with Vehicle, Static, Loot, Infected, Animal, Ambient, Item or Trajectory: the server ignores this event.","The name does not start with Vehicle, Static, Loot, Infected, Animal, Ambient, Item or Trajectory: the server ignores this event.","Název nezačíná na Vehicle, Static, Loot, Infected, Animal, Ambient, Item ani Trajectory: server tuto událost ignoruje.","Der Name beginnt nicht mit Vehicle, Static, Loot, Infected, Animal, Ambient, Item oder Trajectory: der Server ignoriert dieses Event.","Имя не начинается с Vehicle, Static, Loot, Infected, Animal, Ambient, Item или Trajectory: сервер игнорирует это событие.","Nazwa nie zaczyna się od Vehicle, Static, Loot, Infected, Animal, Ambient, Item ani Trajectory: serwer ignoruje to zdarzenie.","A név nem Vehicle, Static, Loot, Infected, Animal, Ambient, Item vagy Trajectory előtaggal kezdődik: a szerver figyelmen kívül hagyja.","Il nome non inizia con Vehicle, Static, Loot, Infected, Animal, Ambient, Item o Trajectory: il server ignora questo evento.","El nombre no empieza por Vehicle, Static, Loot, Infected, Animal, Ambient, Item o Trajectory: el servidor ignora este evento.","Le nom ne commence pas par Vehicle, Static, Loot, Infected, Animal, Ambient, Item ou Trajectory : le serveur ignore cet événement.","名稱不是以 Vehicle、Static、Loot、Infected、Animal、Ambient、Item 或 Trajectory 開頭：伺服器會忽略此事件。","名前が Vehicle、Static、Loot、Infected、Animal、Ambient、Item、Trajectory のいずれでも始まっていません：サーバーはこのイベントを無視します。","O nome não começa com Vehicle, Static, Loot, Infected, Animal, Ambient, Item ou Trajectory: o servidor ignora este evento.","名称不是以 Vehicle、Static、Loot、Infected、Animal、Ambient、Item 或 Trajectory 开头：服务器会忽略此事件。"
"VSTR_XMLE_EVT_W_PREFIX_CASE","The name must start with %1 exactly (case matters): the server ignores this event.","The name must start with %1 exactly (case matters): the server ignores this event.","Název musí začínat přesně na %1 (záleží na velikosti písmen): server tuto událost ignoruje.","Der Name muss genau mit %1 beginnen (Groß-/Kleinschreibung zählt): der Server ignoriert dieses Event.","Имя должно начинаться точно с %1 (регистр важен): сервер игнорирует это событие.","Nazwa musi zaczynać się dokładnie od %1 (wielkość liter ma znaczenie): serwer ignoruje to zdarzenie.","A névnek pontosan %1 előtaggal kell kezdődnie (számít a kis- és nagybetű): a szerver figyelmen kívül hagyja.","Il nome deve iniziare esattamente con %1 (conta maiuscolo/minuscolo): il server ignora questo evento.","El nombre debe empezar exactamente por %1 (importan mayúsculas): el servidor ignora este evento.","Le nom doit commencer exactement par %1 (la casse compte) : le serveur ignore cet événement.","名稱必須完全以 %1 開頭（區分大小寫）：伺服器會忽略此事件。","名前は正確に %1 で始める必要があります（大文字小文字を区別）：サーバーはこのイベントを無視します。","O nome deve começar exatamente com %1 (maiúsculas importam): o servidor ignora este evento.","名称必须完全以 %1 开头（区分大小写）：服务器会忽略此事件。"
"VSTR_XMLE_EVT_W_REMOVED","active is %1: the server deletes this event, also a definition of the same name in a file loaded earlier.","active is %1: the server deletes this event, also a definition of the same name in a file loaded earlier.","active je %1: server tuto událost smaže, i stejnojmennou definici v dříve načteném souboru.","active ist %1: der Server löscht dieses Event, auch eine gleichnamige Definition aus einer früher geladenen Datei.","active = %1: сервер удаляет это событие, в том числе одноимённое из файла, загруженного раньше.","active to %1: serwer usuwa to zdarzenie, także definicję o tej samej nazwie z wcześniej wczytanego pliku.","active értéke %1: a szerver törli ezt az eseményt, a korábban betöltött fájl azonos nevű definícióját is.","active è %1: il server elimina questo evento, anche una definizione con lo stesso nome in un file caricato prima.","active es %1: el servidor elimina este evento, también una definición del mismo nombre en un archivo cargado antes.","active vaut %1 : le serveur supprime cet événement, y compris une définition du même nom dans un fichier chargé avant.","active 為 %1：伺服器會刪除此事件，連同較早載入檔案中的同名定義。","active が %1：サーバーはこのイベントを削除します（先に読み込まれたファイルの同名定義も含む）。","active é %1: o servidor exclui este evento, também uma definição com o mesmo nome em um arquivo carregado antes.","active 为 %1：服务器会删除此事件，连同较早加载文件中的同名定义。"
"VSTR_XMLE_EVT_W_REMOVED_BY","%1 sets active 0 for this event: the server does not run it.","%1 sets active 0 for this event: the server does not run it.","%1 nastavuje této události active 0: server ji nespustí.","%1 setzt active 0 für dieses Event: der Server führt es nicht aus.","%1 задаёт active 0 для этого события: сервер его не запускает.","%1 ustawia active 0 dla tego zdarzenia: serwer go nie uruchamia.","%1 active 0 értéket ad ennek az eseménynek: a szerver nem futtatja.","%1 imposta active 0 per questo evento: il server non lo esegue.","%1 pone active 0 a este evento: el servidor no lo ejecuta.","%1 met active 0 pour cet événement : le serveur ne l'exécute pas.","%1 將此事件設為 active 0：伺服器不會執行它。","%1 がこのイベントを active 0 にしています：サーバーは実行しません。","%1 define active 0 para este evento: o servidor não o executa.","%1 将此事件设为 active 0：服务器不会运行它。"
"VSTR_XMLE_EVT_W_OVERRIDES","Also defined in %1 (loaded earlier): the server merges them; values set here win, values left out keep the earlier ones.","Also defined in %1 (loaded earlier): the server merges them; values set here win, values left out keep the earlier ones.","Definována i v %1 (načteno dříve): server je sloučí; zde nastavené hodnoty vyhrávají, vynechané zůstanou z dřívějška.","Auch in %1 definiert (früher geladen): der Server führt sie zusammen; hier gesetzte Werte gewinnen, weggelassene behalten die früheren.","Также определено в %1 (загружен раньше): сервер объединяет их; заданные здесь значения побеждают, пропущенные берутся из прежних.","Zdefiniowane też w %1 (wczytany wcześniej): serwer je łączy; wartości ustawione tutaj wygrywają, pominięte zostają z wcześniejszych.","Definiálva van itt is: %1 (korábban betöltve): a szerver összevonja őket; az itt megadott értékek nyernek, a kihagyottak a korábbiakat tartják meg.","Definito anche in %1 (caricato prima): il server li unisce; i valori impostati qui vincono, quelli omessi restano i precedenti.","También definido en %1 (cargado antes): el servidor los combina; los valores puestos aquí ganan, los omitidos conservan los anteriores.","Aussi défini dans %1 (chargé avant) : le serveur les fusionne ; les valeurs définies ici l'emportent, les valeurs omises gardent les précédentes.","也定義於 %1（較早載入）：伺服器會合併；此處設定的值優先，省略的值沿用先前的值。","%1（先に読み込み）にも定義があります：サーバーは統合し、ここで設定した値が優先され、省略した値は以前の値のままです。","Também definido em %1 (carregado antes): o servidor os mescla; valores definidos aqui vencem, os omitidos mantêm os anteriores.","也定义于 %1（较早加载）：服务器会合并；此处设置的值优先，省略的值沿用先前的值。"
"VSTR_XMLE_EVT_W_OVERRIDDEN","Also defined in %1 (loaded later): its values win over the ones here.","Also defined in %1 (loaded later): its values win over the ones here.","Definována i v %1 (načteno později): jeho hodnoty mají přednost před zdejšími.","Auch in %1 definiert (später geladen): dessen Werte gewinnen gegenüber diesen hier.","Также определено в %1 (загружен позже): его значения важнее здешних.","Zdefiniowane też w %1 (wczytany później): jego wartości wygrywają z tymi tutaj.","Definiálva van itt is: %1 (később betöltve): annak értékei felülírják az itteni értékeket.","Definito anche in %1 (caricato dopo): i suoi valori prevalgono su questi.","También definido en %1 (cargado después): sus valores ganan a los de aquí.","Aussi défini dans %1 (chargé après) : ses valeurs l'emportent sur celles d'ici.","也定義於 %1（較晚載入）：它的值會覆蓋此處的值。","%1（後で読み込み）にも定義があります：そちらの値がここの値より優先されます。","Também definido em %1 (carregado depois): os valores dele vencem os daqui.","也定义于 %1（较晚加载）：它的值会覆盖此处的值。"
"VSTR_XMLE_EVT_W_FLAGS_RESET","No flags here: the server resets deletable, init_random and remove_damaged to 0 for this event.","No flags here: the server resets deletable, init_random and remove_damaged to 0 for this event.","Chybí zde flags: server této události nastaví deletable, init_random a remove_damaged na 0.","Hier fehlen flags: der Server setzt deletable, init_random und remove_damaged für dieses Event auf 0.","Здесь нет flags: сервер сбросит deletable, init_random и remove_damaged этого события в 0.","Brak tu flags: serwer ustawia deletable, init_random i remove_damaged tego zdarzenia na 0.","Itt nincs flags: a szerver 0-ra állítja ennek az eseménynek a deletable, init_random és remove_damaged értékét.","Qui mancano i flags: il server azzera deletable, init_random e remove_damaged per questo evento.","Aquí no hay flags: el servidor pone a 0 deletable, init_random y remove_damaged de este evento.","Pas de flags ici : le serveur remet deletable, init_random et remove_damaged à 0 pour cet événement.","此處沒有 flags：伺服器會將此事件的 deletable、init_random 和 remove_damaged 重設為 0。","ここに flags がありません：サーバーはこのイベントの deletable、init_random、remove_damaged を 0 に戻します。","Sem flags aqui: o servidor redefine deletable, init_random e remove_damaged deste evento para 0.","此处没有 flags：服务器会将此事件的 deletable、init_random 和 remove_damaged 重置为 0。"
"VSTR_XMLE_EVT_W_CHILDREN_KEPT","The server also keeps %1 child(ren) from earlier files: a later file cannot remove children.","The server also keeps %1 child(ren) from earlier files: a later file cannot remove children.","Server ponechá i %1 potomky z dřívějších souborů: pozdější soubor potomky odebrat nemůže.","Der Server behält auch %1 Kind(er) aus früheren Dateien: eine spätere Datei kann keine Kinder entfernen.","Сервер сохраняет ещё %1 дочерних из прежних файлов: более поздний файл не может их удалить.","Serwer zachowuje też %1 potomnych z wcześniejszych plików: późniejszy plik nie może ich usunąć.","A szerver megtart %1 gyermeket a korábbi fájlokból is: egy későbbi fájl nem tud gyermeket törölni.","Il server mantiene anche %1 figli dai file precedenti: un file successivo non può rimuoverli.","El servidor también conserva %1 hijo(s) de archivos anteriores: un archivo posterior no puede quitar hijos.","Le serveur garde aussi %1 enfant(s) des fichiers précédents : un fichier ultérieur ne peut pas retirer d'enfants.","伺服器也會保留先前檔案中的 %1 個子項：較晚的檔案無法移除子項。","サーバーは以前のファイルの子要素 %1 個も保持します：後のファイルでは子要素を削除できません。","O servidor também mantém %1 filho(s) de arquivos anteriores: um arquivo posterior não pode remover filhos.","服务器也会保留先前文件中的 %1 个子项：较晚的文件无法移除子项。"
"VSTR_XMLE_EVT_W_MIN_CLAMP","min (%1) is above nominal (%2): the server lowers min to %2.","min (%1) is above nominal (%2): the server lowers min to %2.","min (%1) je vyšší než nominal (%2): server sníží min na %2.","min (%1) liegt über nominal (%2): der Server senkt min auf %2.","min (%1) больше nominal (%2): сервер уменьшит min до %2.","min (%1) jest większe niż nominal (%2): serwer obniża min do %2.","a min (%1) nagyobb a nominalnál (%2): a szerver %2-re csökkenti.","min (%1) è sopra nominal (%2): il server abbassa min a %2.","min (%1) supera nominal (%2): el servidor baja min a %2.","min (%1) dépasse nominal (%2) : le serveur ramène min à %2.","min（%1）高於 nominal（%2）：伺服器會將 min 降為 %2。","min（%1）が nominal（%2）を超えています：サーバーは min を %2 に下げます。","min (%1) está acima de nominal (%2): o servidor reduz min para %2.","min（%1）高于 nominal（%2）：服务器会将 min 降为 %2。"
"VSTR_XMLE_EVT_W_SECONDARY_MISSING","Secondary event %1 does not exist: the server logs that it failed to chain events.","Secondary event %1 does not exist: the server logs that it failed to chain events.","Sekundární událost %1 neexistuje: server zapíše, že události nešlo propojit.","Das Sekundär-Event %1 existiert nicht: der Server protokolliert, dass die Events nicht verkettet werden konnten.","Вторичного события %1 нет: сервер запишет, что не смог связать события.","Zdarzenie wtórne %1 nie istnieje: serwer zapisze, że nie udało się połączyć zdarzeń.","A(z) %1 másodlagos esemény nem létezik: a szerver naplózza, hogy nem tudta összekapcsolni az eseményeket.","L'evento secondario %1 non esiste: il server registra che non è riuscito a collegare gli eventi.","El evento secundario %1 no existe: el servidor registra que no pudo encadenar los eventos.","L'événement secondaire %1 n'existe pas : le serveur journalise l'échec du chaînage.","次要事件 %1 不存在：伺服器會記錄事件串接失敗。","副次イベント %1 は存在しません：サーバーはイベントの連結に失敗したと記録します。","O evento secundário %1 não existe: o servidor registra que não conseguiu encadear os eventos.","次要事件 %1 不存在：服务器会记录事件串接失败。"
"VSTR_XMLE_EVT_W_SECONDARY_CASE","Secondary event %1 only matches %2 when case is ignored: the server needs the exact name.","Secondary event %1 only matches %2 when case is ignored: the server needs the exact name.","Sekundární událost %1 odpovídá %2 jen bez ohledu na velikost písmen: server potřebuje přesný název.","Das Sekundär-Event %1 passt nur ohne Groß-/Kleinschreibung zu %2: der Server braucht den genauen Namen.","Вторичное событие %1 совпадает с %2 только без учёта регистра: серверу нужно точное имя.","Zdarzenie wtórne %1 pasuje do %2 tylko bez rozróżniania wielkości liter: serwer wymaga dokładnej nazwy.","A(z) %1 másodlagos esemény csak kis-/nagybetűtől eltekintve egyezik ezzel: %2. A szervernek a pontos név kell.","L'evento secondario %1 corrisponde a %2 solo ignorando maiuscole: il server vuole il nome esatto.","El evento secundario %1 solo coincide con %2 ignorando mayúsculas: el servidor necesita el nombre exacto.","L'événement secondaire %1 ne correspond à %2 qu'en ignorant la casse : le serveur veut le nom exact.","次要事件 %1 僅在忽略大小寫時才符合 %2：伺服器需要完全相同的名稱。","副次イベント %1 は大文字小文字を無視した場合のみ %2 と一致します：サーバーには正確な名前が必要です。","O evento secundário %1 só corresponde a %2 ignorando maiúsculas: o servidor precisa do nome exato.","次要事件 %1 仅在忽略大小写时才匹配 %2：服务器需要完全相同的名称。"
"VSTR_XMLE_EVT_W_CHILD_UNKNOWN","Child type %1 is not in any types file: the server skips it.","Child type %1 is not in any types file: the server skips it.","Typ potomka %1 není v žádném souboru typů: server ho přeskočí.","Der Kind-Typ %1 steht in keiner Types-Datei: der Server überspringt ihn.","Тип дочернего %1 нет ни в одном файле types: сервер его пропустит.","Typu potomnego %1 nie ma w żadnym pliku types: serwer go pominie.","A(z) %1 gyermektípus egyik types fájlban sincs: a szerver kihagyja.","Il tipo figlio %1 non è in alcun file types: il server lo salta.","El tipo hijo %1 no está en ningún archivo types: el servidor lo omite.","Le type enfant %1 n'est dans aucun fichier types : le serveur l'ignore.","子項類型 %1 不在任何 types 檔案中：伺服器會略過它。","子要素タイプ %1 はどの types ファイルにもありません：サーバーはスキップします。","O tipo filho %1 não está em nenhum arquivo types: o servidor o ignora.","子项类型 %1 不在任何 types 文件中：服务器会跳过它。"
"VSTR_XMLE_EVT_W_CHILD_MAX_MIN","Child %1: max is below min, the server raises max to min.","Child %1: max is below min, the server raises max to min.","Potomek %1: max je menší než min, server zvýší max na min.","Kind %1: max liegt unter min, der Server hebt max auf min an.","Дочерний %1: max меньше min, сервер поднимет max до min.","Potomny %1: max jest mniejsze niż min, serwer podnosi max do min.","%1 gyermek: a max kisebb a minnél, a szerver a min értékére emeli.","Figlio %1: max è sotto min, il server alza max a min.","Hijo %1: max está por debajo de min, el servidor sube max a min.","Enfant %1 : max est sous min, le serveur relève max à min.","子項 %1：max 小於 min，伺服器會將 max 提高到 min。","子要素 %1：max が min を下回っています。サーバーは max を min まで上げます。","Filho %1: max está abaixo de min, o servidor eleva max para min.","子项 %1：max 小于 min，服务器会将 max 提高到 min。"
"VSTR_XMLE_EVT_W_CHILD_LOOT","Child %1: loot max is below loot min, the server raises loot max to loot min.","Child %1: loot max is below loot min, the server raises loot max to loot min.","Potomek %1: kořist max je menší než kořist min, server ji zvýší na kořist min.","Kind %1: Loot max liegt unter Loot min, der Server hebt Loot max auf Loot min an.","Дочерний %1: лут макс. меньше лут мин., сервер поднимет его до лут мин.","Potomny %1: łup maks jest mniejszy niż łup min, serwer podnosi go do łup min.","%1 gyermek: a zsákmány max kisebb a minnél, a szerver a min értékére emeli.","Figlio %1: bottino max è sotto bottino min, il server lo alza a bottino min.","Hijo %1: botín máx está por debajo de botín mín, el servidor lo sube al mín.","Enfant %1 : butin max est sous butin min, le serveur le relève à butin min.","子項 %1：戰利品最大小於最小，伺服器會將其提高到最小值。","子要素 %1：ルート最大がルート最小を下回っています。サーバーは最小値まで上げます。","Filho %1: saque máx está abaixo do mín, o servidor o eleva ao mín.","子项 %1：战利品最大小于最小，服务器会将其提高到最小值。"
"VSTR_XMLE_EVT_W_CHILD_DUP","Child type %1 is listed twice: the server keeps the last one.","Child type %1 is listed twice: the server keeps the last one.","Typ potomka %1 je uveden dvakrát: server ponechá poslední.","Der Kind-Typ %1 steht zweimal da: der Server behält den letzten.","Тип дочернего %1 указан дважды: сервер оставит последний.","Typ potomnego %1 występuje dwa razy: serwer zachowa ostatni.","A(z) %1 gyermektípus kétszer szerepel: a szerver az utolsót tartja meg.","Il tipo figlio %1 è elencato due volte: il server tiene l'ultimo.","El tipo hijo %1 aparece dos veces: el servidor conserva el último.","Le type enfant %1 apparaît deux fois : le serveur garde le dernier.","子項類型 %1 列出兩次：伺服器保留最後一個。","子要素タイプ %1 が 2 回あります：サーバーは最後のものを使います。","O tipo filho %1 aparece duas vezes: o servidor mantém o último.","子项类型 %1 列出两次：服务器保留最后一个。"
"VSTR_XMLE_EVT_W_CHILD_MAX_ONE","Child %1 has max 0: with limit %2 it never spawns.","Child %1 has max 0: with limit %2 it never spawns.","Potomek %1 má max 0: s limitem %2 se nikdy nespawne.","Kind %1 hat max 0: mit Limit %2 spawnt es nie.","У дочернего %1 max 0: с лимитом %2 он никогда не появится.","Potomny %1 ma max 0: z limitem %2 nigdy się nie pojawi.","A(z) %1 gyermek max értéke 0: %2 korláttal soha nem jelenik meg.","Il figlio %1 ha max 0: con limite %2 non compare mai.","El hijo %1 tiene max 0: con límite %2 nunca aparece.","L'enfant %1 a max 0 : avec la limite %2, il n'apparaît jamais.","子項 %1 的 max 為 0：在 %2 限制下永遠不會生成。","子要素 %1 は max 0 です：制限 %2 では出現しません。","O filho %1 tem max 0: com limite %2 nunca aparece.","子项 %1 的 max 为 0：在 %2 限制下永远不会生成。"
"VSTR_XMLE_EVT_W_CHILD_MAX_ALL","Disabled at start: limit %1 needs at least one child with max above 0.","Disabled at start: limit %1 needs at least one child with max above 0.","Při startu vypnuto: limit %1 vyžaduje aspoň jednoho potomka s max nad 0.","Beim Start abgeschaltet: Limit %1 braucht mindestens ein Kind mit max über 0.","Отключено при старте: лимит %1 требует хотя бы одного дочернего с max больше 0.","Wyłączone przy starcie: limit %1 wymaga co najmniej jednego potomnego z max powyżej 0.","Induláskor letiltva: a(z) %1 korláthoz legalább egy 0-nál nagyobb max értékű gyermek kell.","Disattivato all'avvio: il limite %1 richiede almeno un figlio con max sopra 0.","Desactivado al iniciar: el límite %1 necesita al menos un hijo con max mayor que 0.","Désactivé au démarrage : la limite %1 exige au moins un enfant avec max au-dessus de 0.","啟動時停用：%1 限制至少需要一個 max 大於 0 的子項。","起動時に無効：制限 %1 には max が 0 より大きい子要素が 1 つ以上必要です。","Desativado ao iniciar: o limite %1 precisa de pelo menos um filho com max acima de 0.","启动时停用：%1 限制至少需要一个 max 大于 0 的子项。"
"VSTR_XMLE_EVT_W_NO_POSITIONS","Disabled at start: position is not player and cfgeventspawns.xml has no positions for this event.","Disabled at start: position is not player and cfgeventspawns.xml has no positions for this event.","Při startu vypnuto: pozice není player a cfgeventspawns.xml pro tuto událost nemá žádné pozice.","Beim Start abgeschaltet: Position ist nicht player und cfgeventspawns.xml hat keine Positionen für dieses Event.","Отключено при старте: позиция не player, а в cfgeventspawns.xml нет позиций для этого события.","Wyłączone przy starcie: pozycja nie jest player, a cfgeventspawns.xml nie ma pozycji dla tego zdarzenia.","Induláskor letiltva: a pozíció nem player, és a cfgeventspawns.xml-ben nincs pozíció ehhez az eseményhez.","Disattivato all'avvio: la posizione non è player e cfgeventspawns.xml non ha posizioni per questo evento.","Desactivado al iniciar: la posición no es player y cfgeventspawns.xml no tiene posiciones para este evento.","Désactivé au démarrage : la position n'est pas player et cfgeventspawns.xml n'a aucune position pour cet événement.","啟動時停用：位置不是 player，且 cfgeventspawns.xml 沒有此事件的位置。","起動時に無効：位置が player ではなく、cfgeventspawns.xml にこのイベントの位置がありません。","Desativado ao iniciar: a posição não é player e cfgeventspawns.xml não tem posições para este evento.","启动时停用：位置不是 player，且 cfgeventspawns.xml 没有此事件的位置。"
"VSTR_XMLE_EVT_W_MAX_ZERO","Disabled at start: limit %1 needs max above 0.","Disabled at start: limit %1 needs max above 0.","Při startu vypnuto: limit %1 vyžaduje max nad 0.","Beim Start abgeschaltet: Limit %1 braucht max über 0.","Отключено при старте: лимиту %1 нужен max больше 0.","Wyłączone przy starcie: limit %1 wymaga max powyżej 0.","Induláskor letiltva: a(z) %1 korláthoz 0-nál nagyobb max kell.","Disattivato all'avvio: il limite %1 richiede max sopra 0.","Desactivado al iniciar: el límite %1 necesita max mayor que 0.","Désactivé au démarrage : la limite %1 exige un max au-dessus de 0.","啟動時停用：%1 限制需要 max 大於 0。","起動時に無効：制限 %1 には 0 より大きい max が必要です。","Desativado ao iniciar: o limite %1 precisa de max acima de 0.","启动时停用：%1 限制需要 max 大于 0。"
"VSTR_XMLE_EVT_W_NO_CHILDREN_GROUPS","Disabled at start: add a child, or event groups on its spawn positions (not with position player).","Disabled at start: add a child, or event groups on its spawn positions (not with position player).","Při startu vypnuto: přidej potomka, nebo skupiny událostí na jejích pozicích (ne s pozicí player).","Beim Start abgeschaltet: füge ein Kind hinzu oder Event-Gruppen an seinen Spawn-Positionen (nicht mit Position player).","Отключено при старте: добавьте дочерний элемент или группы событий на его позициях (не с позицией player).","Wyłączone przy starcie: dodaj potomny lub grupy zdarzeń na jego pozycjach (nie z pozycją player).","Induláskor letiltva: adj hozzá egy gyermeket, vagy eseménycsoportokat a pozícióihoz (player pozícióval nem működik).","Disattivato all'avvio: aggiungi un figlio o gruppi di eventi sulle sue posizioni (non con posizione player).","Desactivado al iniciar: añade un hijo o grupos de eventos en sus posiciones (no con posición player).","Désactivé au démarrage : ajoutez un enfant, ou des groupes d'événements sur ses positions (pas avec la position player).","啟動時停用：請新增子項，或在其生成位置使用事件群組（player 位置不適用）。","起動時に無効：子要素を追加するか、出現位置にイベントグループを設定してください（位置 player では不可）。","Desativado ao iniciar: adicione um filho ou grupos de eventos nas posições dele (não com posição player).","启动时停用：请添加子项，或在其生成位置使用事件组（player 位置不适用）。"
"VSTR_XMLE_EVT_W_NO_CHILDREN","Disabled at start: this kind of event needs at least one child.","Disabled at start: this kind of event needs at least one child.","Při startu vypnuto: tento druh události potřebuje aspoň jednoho potomka.","Beim Start abgeschaltet: diese Art Event braucht mindestens ein Kind.","Отключено при старте: такому событию нужен хотя бы один дочерний элемент.","Wyłączone przy starcie: ten rodzaj zdarzenia wymaga co najmniej jednego potomnego.","Induláskor letiltva: ennek az eseményfajtának legalább egy gyermek kell.","Disattivato all'avvio: questo tipo di evento richiede almeno un figlio.","Desactivado al iniciar: este tipo de evento necesita al menos un hijo.","Désactivé au démarrage : ce type d'événement exige au moins un enfant.","啟動時停用：此類事件至少需要一個子項。","起動時に無効：この種類のイベントには子要素が 1 つ以上必要です。","Desativado ao iniciar: este tipo de evento precisa de pelo menos um filho.","启动时停用：此类事件至少需要一个子项。"
"VSTR_XMLE_EVT_W_GROUPS_PLAYER","Its spawn positions use event groups, which do not work with position player.","Its spawn positions use event groups, which do not work with position player.","Její pozice používají skupiny událostí, které s pozicí player nefungují.","Seine Spawn-Positionen nutzen Event-Gruppen, die mit Position player nicht funktionieren.","Его позиции используют группы событий, которые не работают с позицией player.","Jego pozycje używają grup zdarzeń, które nie działają z pozycją player.","A pozíciói eseménycsoportokat használnak, amelyek player pozícióval nem működnek.","Le sue posizioni usano gruppi di eventi, che non funzionano con posizione player.","Sus posiciones usan grupos de eventos, que no funcionan con posición player.","Ses positions utilisent des groupes d'événements, qui ne fonctionnent pas avec la position player.","其生成位置使用事件群組，但 player 位置不支援。","出現位置でイベントグループを使っていますが、位置 player では機能しません。","As posições dele usam grupos de eventos, que não funcionam com posição player.","其生成位置使用事件组，但 player 位置不支持。"
"VSTR_XMLE_EVT_W_GROUPS_UNSUPPORTED","Its spawn positions use event groups, which %1 events do not support.","Its spawn positions use event groups, which %1 events do not support.","Její pozice používají skupiny událostí, které události %1 nepodporují.","Seine Spawn-Positionen nutzen Event-Gruppen, die %1-Events nicht unterstützen.","Его позиции используют группы событий, которые события %1 не поддерживают.","Jego pozycje używają grup zdarzeń, których zdarzenia %1 nie obsługują.","A pozíciói eseménycsoportokat használnak, amelyeket a %1 események nem támogatnak.","Le sue posizioni usano gruppi di eventi, non supportati dagli eventi %1.","Sus posiciones usan grupos de eventos, que los eventos %1 no admiten.","Ses positions utilisent des groupes d'événements, non pris en charge par les événements %1.","其生成位置使用事件群組，但 %1 事件不支援。","出現位置でイベントグループを使っていますが、%1 イベントは対応していません。","As posições dele usam grupos de eventos, que eventos %1 não suportam.","其生成位置使用事件组，但 %1 事件不支持。"
"VSTR_XMLE_EVT_W_DUP_IN_FILE","This name is defined twice in this file: the server merges both definitions.","This name is defined twice in this file: the server merges both definitions.","Tento název je v souboru definován dvakrát: server obě definice sloučí.","Dieser Name ist in dieser Datei zweimal definiert: der Server führt beide Definitionen zusammen.","Это имя определено в файле дважды: сервер объединит оба определения.","Ta nazwa jest zdefiniowana w pliku dwa razy: serwer połączy obie definicje.","Ez a név kétszer szerepel ebben a fájlban: a szerver összevonja a két definíciót.","Questo nome è definito due volte nel file: il server unisce le due definizioni.","Este nombre está definido dos veces en el archivo: el servidor combina ambas definiciones.","Ce nom est défini deux fois dans ce fichier : le serveur fusionne les deux définitions.","此名稱在此檔案中定義了兩次：伺服器會合併兩個定義。","この名前はこのファイルで 2 回定義されています：サーバーは両方を統合します。","Este nome está definido duas vezes neste arquivo: o servidor mescla as duas definições.","此名称在此文件中定义了两次：服务器会合并两个定义。"
"VSTR_XMLE_EVT_W_SPAWNS_UNKNOWN","cfgeventspawns.xml could not be read: the spawn position checks are skipped.","cfgeventspawns.xml could not be read: the spawn position checks are skipped.","cfgeventspawns.xml nešlo přečíst: kontroly pozic se přeskakují.","cfgeventspawns.xml konnte nicht gelesen werden: die Prüfungen der Spawn-Positionen entfallen.","Не удалось прочитать cfgeventspawns.xml: проверки позиций пропущены.","Nie udało się odczytać cfgeventspawns.xml: sprawdzanie pozycji pominięto.","A cfgeventspawns.xml nem olvasható: a pozíció-ellenőrzések kimaradnak.","Impossibile leggere cfgeventspawns.xml: i controlli delle posizioni sono saltati.","No se pudo leer cfgeventspawns.xml: se omiten las comprobaciones de posiciones.","Impossible de lire cfgeventspawns.xml : les vérifications des positions sont ignorées.","無法讀取 cfgeventspawns.xml：略過生成位置檢查。","cfgeventspawns.xml を読み込めませんでした：出現位置のチェックは省略されます。","Não foi possível ler cfgeventspawns.xml: as verificações de posição são ignoradas.","无法读取 cfgeventspawns.xml：跳过生成位置检查。"
"VSTR_XMLE_EVT_W_EXTRA","%1 element(s) the editor does not know are kept as they are.","%1 element(s) the editor does not know are kept as they are.","%1 prvků, které editor nezná, zůstane beze změny.","%1 Element(e), die der Editor nicht kennt, bleiben unverändert.","%1 незнакомых редактору элементов сохранятся как есть.","%1 elementów nieznanych edytorowi zostaje bez zmian.","%1 elem, amelyet a szerkesztő nem ismer, változatlanul megmarad.","%1 elementi che l'editor non conosce restano invariati.","%1 elemento(s) que el editor no conoce se mantienen tal cual.","%1 élément(s) inconnu(s) de l'éditeur sont conservés tels quels.","編輯器不認識的 %1 個元素會原樣保留。","エディターが認識しない %1 個の要素はそのまま残ります。","%1 elemento(s) que o editor não conhece são mantidos como estão.","编辑器不认识的 %1 个元素会原样保留。"
"VSTR_XMLE_EVT_DLG_ADD_TITLE","New event","New event","Nová událost","Neues Event","Новое событие","Nowe zdarzenie","Új esemény","Nuovo evento","Nuevo evento","Nouvel événement","新事件","新しいイベント","Novo evento","新事件"
"VSTR_XMLE_EVT_DLG_ADD_BODY","Name of the new event in %1. It must start with Vehicle, Static, Loot, Infected, Animal, Ambient, Item or Trajectory: that decides the kind of event.","Name of the new event in %1. It must start with Vehicle, Static, Loot, Infected, Animal, Ambient, Item or Trajectory: that decides the kind of event.","Název nové události v %1. Musí začínat na Vehicle, Static, Loot, Infected, Animal, Ambient, Item nebo Trajectory: to určuje druh události.","Name des neuen Events in %1. Er muss mit Vehicle, Static, Loot, Infected, Animal, Ambient, Item oder Trajectory beginnen: das legt die Art des Events fest.","Имя нового события в %1. Оно должно начинаться с Vehicle, Static, Loot, Infected, Animal, Ambient, Item или Trajectory: это определяет тип события.","Nazwa nowego zdarzenia w %1. Musi zaczynać się od Vehicle, Static, Loot, Infected, Animal, Ambient, Item lub Trajectory: to decyduje o rodzaju zdarzenia.","Az új esemény neve itt: %1. Vehicle, Static, Loot, Infected, Animal, Ambient, Item vagy Trajectory előtaggal kell kezdődnie: ez határozza meg az esemény fajtáját.","Nome del nuovo evento in %1. Deve iniziare con Vehicle, Static, Loot, Infected, Animal, Ambient, Item o Trajectory: ciò decide il tipo di evento.","Nombre del nuevo evento en %1. Debe empezar por Vehicle, Static, Loot, Infected, Animal, Ambient, Item o Trajectory: eso decide el tipo de evento.","Nom du nouvel événement dans %1. Il doit commencer par Vehicle, Static, Loot, Infected, Animal, Ambient, Item ou Trajectory : cela détermine son type.","%1 中新事件的名稱。必須以 Vehicle、Static、Loot、Infected、Animal、Ambient、Item 或 Trajectory 開頭：這決定事件類型。","%1 に追加するイベントの名前。Vehicle、Static、Loot、Infected、Animal、Ambient、Item、Trajectory のいずれかで始めてください：それがイベントの種類を決めます。","Nome do novo evento em %1. Deve começar com Vehicle, Static, Loot, Infected, Animal, Ambient, Item ou Trajectory: isso define o tipo de evento.","%1 中新事件的名称。必须以 Vehicle、Static、Loot、Infected、Animal、Ambient、Item 或 Trajectory 开头：这决定事件类型。"
"VSTR_XMLE_EVT_DLG_DUP_TITLE","Duplicate event","Duplicate event","Duplikovat událost","Event duplizieren","Дублировать событие","Duplikuj zdarzenie","Esemény másolása","Duplica evento","Duplicar evento","Dupliquer l'événement","複製事件","イベントを複製","Duplicar evento","复制事件"
"VSTR_XMLE_EVT_DLG_DUP_BODY","Name of the copy of %1.","Name of the copy of %1.","Název kopie %1.","Name der Kopie von %1.","Имя копии %1.","Nazwa kopii %1.","A(z) %1 másolatának neve.","Nome della copia di %1.","Nombre de la copia de %1.","Nom de la copie de %1.","%1 副本的名稱。","%1 のコピーの名前。","Nome da cópia de %1.","%1 副本的名称。"
"VSTR_XMLE_EVT_DLG_SAVE_TITLE","Save events","Save events","Uložit události","Events speichern","Сохранить события","Zapisz zdarzenia","Események mentése","Salva eventi","Guardar eventos","Enregistrer les événements","儲存事件","イベントを保存","Salvar eventos","保存事件"
"VSTR_XMLE_EVT_DLG_SAVE_BODY","Save %1 changed event(s) to %2? A backup is made first. The server reads events at the next restart.","Save %1 changed event(s) to %2? A backup is made first. The server reads events at the next restart.","Uložit %1 změněných událostí do %2? Nejdřív se vytvoří záloha. Server události načte při příštím restartu.","%1 geänderte(s) Event(s) in %2 speichern? Zuerst wird ein Backup angelegt. Der Server liest Events beim nächsten Neustart.","Сохранить %1 изменённых событий в %2? Сначала создаётся резервная копия. Сервер прочитает события при следующем перезапуске.","Zapisać %1 zmienionych zdarzeń do %2? Najpierw powstanie kopia. Serwer wczyta zdarzenia przy następnym restarcie.","Mented a(z) %1 módosított eseményt ide: %2? Előbb biztonsági mentés készül. A szerver a következő újraindításkor olvassa be az eseményeket.","Salvare %1 eventi modificati in %2? Prima viene fatto un backup. Il server legge gli eventi al prossimo riavvio.","¿Guardar %1 evento(s) cambiado(s) en %2? Antes se hace una copia. El servidor lee los eventos en el próximo reinicio.","Enregistrer %1 événement(s) modifié(s) dans %2 ? Une sauvegarde est faite d'abord. Le serveur lit les événements au prochain redémarrage.","要將 %1 個已變更的事件儲存到 %2 嗎？會先建立備份。伺服器會在下次重新啟動時讀取事件。","変更した %1 件のイベントを %2 に保存しますか？先にバックアップを作成します。サーバーは次回の再起動時にイベントを読み込みます。","Salvar %1 evento(s) alterado(s) em %2? Um backup é feito antes. O servidor lê os eventos na próxima reinicialização.","要将 %1 个已更改的事件保存到 %2 吗？会先创建备份。服务器会在下次重启时读取事件。"
"VSTR_XMLE_EVT_DLG_REVERT_TITLE","Revert events","Revert events","Vrátit události","Events zurücksetzen","Отменить изменения событий","Cofnij zdarzenia","Események visszaállítása","Annulla eventi","Revertir eventos","Annuler les événements","還原事件","イベントを元に戻す","Reverter eventos","还原事件"
"VSTR_XMLE_EVT_DLG_REVERT_BODY","Drop %1 unsaved change(s) in %2 and load the file again?","Drop %1 unsaved change(s) in %2 and load the file again?","Zahodit %1 neuložených změn v %2 a načíst soubor znovu?","%1 ungespeicherte Änderung(en) in %2 verwerfen und die Datei neu laden?","Отбросить %1 несохранённых изменений в %2 и загрузить файл заново?","Odrzucić %1 niezapisanych zmian w %2 i wczytać plik ponownie?","Elveted a(z) %1 nem mentett módosítást itt: %2, és újratöltöd a fájlt?","Scartare %1 modifiche non salvate in %2 e ricaricare il file?","¿Descartar %1 cambio(s) sin guardar en %2 y volver a cargar el archivo?","Abandonner %1 modification(s) non enregistrée(s) dans %2 et recharger le fichier ?","要捨棄 %2 中 %1 個未儲存的變更並重新載入檔案嗎？","%2 の未保存の変更 %1 件を破棄して、ファイルを再読み込みしますか？","Descartar %1 alteração(ões) não salva(s) em %2 e carregar o arquivo de novo?","要丢弃 %2 中 %1 个未保存的更改并重新加载文件吗？"
"VSTR_XMLE_EVT_SAVED","Saved %1. The server reads events at the next restart.","Saved %1. The server reads events at the next restart.","%1 uloženo. Server události načte při příštím restartu.","%1 gespeichert. Der Server liest Events beim nächsten Neustart.","%1 сохранён. Сервер прочитает события при следующем перезапуске.","Zapisano %1. Serwer wczyta zdarzenia przy następnym restarcie.","%1 mentve. A szerver a következő újraindításkor olvassa be az eseményeket.","%1 salvato. Il server legge gli eventi al prossimo riavvio.","%1 guardado. El servidor lee los eventos en el próximo reinicio.","%1 enregistré. Le serveur lit les événements au prochain redémarrage.","已儲存 %1。伺服器會在下次重新啟動時讀取事件。","%1 を保存しました。サーバーは次回の再起動時にイベントを読み込みます。","%1 salvo. O servidor lê os eventos na próxima reinicialização.","已保存 %1。服务器会在下次重启时读取事件。"
"VSTR_XMLE_CR_NO_PERMISSION_EVT","Creating an events file needs the Edit Events permission.","Creating an events file needs the Edit Events permission.","Vytvoření souboru událostí vyžaduje oprávnění Edit Events.","Zum Anlegen einer Event-Datei ist die Berechtigung Edit Events nötig.","Для создания файла событий нужно право Edit Events.","Utworzenie pliku zdarzeń wymaga uprawnienia Edit Events.","Eseményfájl létrehozásához Edit Events jogosultság kell.","Per creare un file di eventi serve il permesso Edit Events.","Crear un archivo de eventos requiere el permiso Edit Events.","Créer un fichier d'événements nécessite la permission Edit Events.","建立事件檔案需要 Edit Events 權限。","イベントファイルの作成には Edit Events 権限が必要です。","Criar um arquivo de eventos exige a permissão Edit Events.","创建事件文件需要 Edit Events 权限。"
"VSTR_XMLE_EVT_VIEW_FORM","EVENT","EVENT","UDÁLOST","EVENT","СОБЫТИЕ","ZDARZENIE","ESEMÉNY","EVENTO","EVENTO","ÉVÉNEMENT","事件","イベント","EVENTO","事件"
"VSTR_XMLE_EVT_VIEW_SPAWNS","SPAWNS (%1)","SPAWNS (%1)","POZICE (%1)","SPAWNS (%1)","ПОЗИЦИИ (%1)","POZYCJE (%1)","POZÍCIÓK (%1)","POSIZIONI (%1)","POSICIONES (%1)","POSITIONS (%1)","生成點（%1）","出現位置（%1）","POSIÇÕES (%1)","生成点（%1）"
"VSTR_XMLE_SPW_ZONE","ZONE","ZONE","ZÓNA","ZONE","ЗОНА","STREFA","ZÓNA","ZONA","ZONA","ZONE","區域","ゾーン","ZONA","区域"
"VSTR_XMLE_SPW_Z_SMIN","smin","smin","smin","smin","smin","smin","smin","smin","smin","smin","smin","smin","smin","smin"
"VSTR_XMLE_SPW_Z_SMAX","smax","smax","smax","smax","smax","smax","smax","smax","smax","smax","smax","smax","smax","smax"
"VSTR_XMLE_SPW_Z_DMIN","dmin","dmin","dmin","dmin","dmin","dmin","dmin","dmin","dmin","dmin","dmin","dmin","dmin","dmin"
"VSTR_XMLE_SPW_Z_DMAX","dmax","dmax","dmax","dmax","dmax","dmax","dmax","dmax","dmax","dmax","dmax","dmax","dmax","dmax"
"VSTR_XMLE_SPW_Z_R","r","r","r","r","r","r","r","r","r","r","r","r","r","r"
"VSTR_XMLE_SPW_P_X","x","x","x","x","x","x","x","x","x","x","x","x","x","x"
"VSTR_XMLE_SPW_P_Z","z","z","z","z","z","z","z","z","z","z","z","z","z","z"
"VSTR_XMLE_SPW_P_A","Angle (a)","Angle (a)","Úhel (a)","Winkel (a)","Угол (a)","Kąt (a)","Szög (a)","Angolo (a)","Ángulo (a)","Angle (a)","角度（a）","角度（a）","Ângulo (a)","角度（a）"
"VSTR_XMLE_SPW_P_Y","Height (y)","Height (y)","Výška (y)","Höhe (y)","Высота (y)","Wysokość (y)","Magasság (y)","Altezza (y)","Altura (y)","Hauteur (y)","高度（y）","高さ（y）","Altura (y)","高度（y）"
"VSTR_XMLE_SPW_P_GROUP","Event group","Event group","Skupina událostí","Event-Gruppe","Группа событий","Grupa zdarzeń","Eseménycsoport","Gruppo eventi","Grupo de eventos","Groupe d'événements","事件群組","イベントグループ","Grupo de eventos","事件组"
"VSTR_XMLE_SPW_BTN_ADD","ADD ON MAP","ADD ON MAP","PŘIDAT NA MAPĚ","AUF KARTE","НА КАРТЕ","DODAJ NA MAPIE","HOZZÁAD A TÉRKÉPEN","AGGIUNGI SU MAPPA","AÑADIR EN MAPA","AJOUTER SUR CARTE","在地圖上新增","地図で追加","ADICIONAR NO MAPA","在地图上添加"
"VSTR_XMLE_SPW_BTN_HERE","AT MY POSITION","AT MY POSITION","NA MÉ POZICI","AN MEINER POSITION","В МОЕЙ ПОЗИЦИИ","W MOJEJ POZYCJI","AZ ÉN HELYEMEN","ALLA MIA POSIZIONE","EN MI POSICIÓN","À MA POSITION","在我的位置","自分の位置に","NA MINHA POSIÇÃO","在我的位置"
"VSTR_XMLE_SPW_BTN_REMOVE","REMOVE","REMOVE","ODEBRAT","ENTFERNEN","УБРАТЬ","USUŃ","TÖRÖL","RIMUOVI","QUITAR","RETIRER","移除","削除","REMOVER","移除"
"VSTR_XMLE_SPW_BTN_FIT","FIT","FIT","PŘIZPŮSOBIT","EINPASSEN","ВМЕСТИТЬ","DOPASUJ","IGAZÍTÁS","ADATTA","AJUSTAR","AJUSTER","縮放至全部","全体表示","AJUSTAR","缩放至全部"
"VSTR_XMLE_SPW_INFO_COUNT","%1 position(s) for %2 in cfgeventspawns.xml.","%1 position(s) for %2 in cfgeventspawns.xml.","%1 pozic pro %2 v cfgeventspawns.xml.","%1 Position(en) für %2 in cfgeventspawns.xml.","%1 позиций для %2 в cfgeventspawns.xml.","%1 pozycji dla %2 w cfgeventspawns.xml.","%1 pozíció ehhez: %2 (cfgeventspawns.xml).","%1 posizioni per %2 in cfgeventspawns.xml.","%1 posición(es) para %2 en cfgeventspawns.xml.","%1 position(s) pour %2 dans cfgeventspawns.xml.","cfgeventspawns.xml 中 %2 有 %1 個位置。","cfgeventspawns.xml に %2 の位置が %1 件あります。","%1 posição(ões) para %2 em cfgeventspawns.xml.","cfgeventspawns.xml 中 %2 有 %1 个位置。"
"VSTR_XMLE_SPW_INFO_ADD","Click the map to add a position. Click ADD ON MAP again to stop.","Click the map to add a position. Click ADD ON MAP again to stop.","Klikni do mapy pro přidání pozice. Dalším kliknutím na PŘIDAT NA MAPĚ skončíš.","Klicke auf die Karte, um eine Position hinzuzufügen. Erneut AUF KARTE klicken zum Beenden.","Щёлкните по карте, чтобы добавить позицию. Нажмите НА КАРТЕ ещё раз, чтобы закончить.","Kliknij mapę, aby dodać pozycję. Kliknij ponownie DODAJ NA MAPIE, aby zakończyć.","Kattints a térképre egy pozíció hozzáadásához. A befejezéshez kattints újra a HOZZÁAD A TÉRKÉPEN gombra.","Clicca sulla mappa per aggiungere una posizione. Clicca di nuovo AGGIUNGI SU MAPPA per smettere.","Haz clic en el mapa para añadir una posición. Pulsa AÑADIR EN MAPA otra vez para terminar.","Cliquez sur la carte pour ajouter une position. Cliquez à nouveau sur AJOUTER SUR CARTE pour arrêter.","點擊地圖以新增位置。再次點擊「在地圖上新增」即可停止。","地図をクリックすると位置を追加します。もう一度「地図で追加」を押すと終了します。","Clique no mapa para adicionar uma posição. Clique de novo em ADICIONAR NO MAPA para parar.","点击地图以添加位置。再次点击“在地图上添加”即可停止。"
"VSTR_XMLE_SPW_NO_FILE","cfgeventspawns.xml is missing: positions cannot be edited.","cfgeventspawns.xml is missing: positions cannot be edited.","cfgeventspawns.xml chybí: pozice nelze upravit.","cfgeventspawns.xml fehlt: Positionen können nicht bearbeitet werden.","cfgeventspawns.xml отсутствует: позиции нельзя изменить.","Brak cfgeventspawns.xml: pozycji nie można edytować.","A cfgeventspawns.xml hiányzik: a pozíciók nem szerkeszthetők.","cfgeventspawns.xml manca: le posizioni non si possono modificare.","Falta cfgeventspawns.xml: no se pueden editar las posiciones.","cfgeventspawns.xml est absent : les positions ne peuvent pas être modifiées.","缺少 cfgeventspawns.xml：無法編輯位置。","cfgeventspawns.xml がありません：位置は編集できません。","cfgeventspawns.xml está ausente: as posições não podem ser editadas.","缺少 cfgeventspawns.xml：无法编辑位置。"
"VSTR_XMLE_SPW_W_UNUSABLE","%1 position(s) have x or z below 0 (or not a number): the server skips them.","%1 position(s) have x or z below 0 (or not a number): the server skips them.","%1 pozic má x nebo z pod 0 (nebo nejde o číslo): server je přeskočí.","%1 Position(en) haben x oder z unter 0 (oder keine Zahl): der Server überspringt sie.","У %1 позиций x или z меньше 0 (или не число): сервер их пропустит.","%1 pozycji ma x lub z poniżej 0 (lub to nie liczba): serwer je pominie.","%1 pozíció x vagy z értéke 0 alatti (vagy nem szám): a szerver kihagyja őket.","%1 posizioni hanno x o z sotto 0 (o non numeriche): il server le salta.","%1 posición(es) tienen x o z por debajo de 0 (o no numéricas): el servidor las omite.","%1 position(s) ont x ou z sous 0 (ou non numérique) : le serveur les ignore.","%1 個位置的 x 或 z 小於 0（或不是數字）：伺服器會略過。","%1 件の位置は x か z が 0 未満（または数値でない）です：サーバーはスキップします。","%1 posição(ões) têm x ou z abaixo de 0 (ou não numéricas): o servidor as ignora.","%1 个位置的 x 或 z 小于 0（或不是数字）：服务器会跳过。"
"VSTR_XMLE_SPW_W_GROUP_UNKNOWN","Event group %1 is not in cfgeventgroups.xml: the server drops it from those positions.","Event group %1 is not in cfgeventgroups.xml: the server drops it from those positions.","Skupina událostí %1 není v cfgeventgroups.xml: server ji z těchto pozic odebere.","Die Event-Gruppe %1 steht nicht in cfgeventgroups.xml: der Server entfernt sie von diesen Positionen.","Группы событий %1 нет в cfgeventgroups.xml: сервер уберёт её с этих позиций.","Grupy zdarzeń %1 nie ma w cfgeventgroups.xml: serwer usunie ją z tych pozycji.","A(z) %1 eseménycsoport nincs a cfgeventgroups.xml-ben: a szerver eltávolítja ezekről a pozíciókról.","Il gruppo eventi %1 non è in cfgeventgroups.xml: il server lo toglie da quelle posizioni.","El grupo de eventos %1 no está en cfgeventgroups.xml: el servidor lo quita de esas posiciones.","Le groupe d'événements %1 n'est pas dans cfgeventgroups.xml : le serveur le retire de ces positions.","事件群組 %1 不在 cfgeventgroups.xml 中：伺服器會從這些位置移除它。","イベントグループ %1 は cfgeventgroups.xml にありません：サーバーはそれらの位置から外します。","O grupo de eventos %1 não está em cfgeventgroups.xml: o servidor o remove dessas posições.","事件组 %1 不在 cfgeventgroups.xml 中：服务器会从这些位置移除它。"
"VSTR_XMLE_SPW_W_ZONE_DISCARDED","The server discards this zone: smin and dmin must be 0 or more, smax at least smin, dmax at least dmin, r 0 or more.","The server discards this zone: smin and dmin must be 0 or more, smax at least smin, dmax at least dmin, r 0 or more.","Server tuto zónu zahodí: smin a dmin musí být 0 nebo více, smax aspoň smin, dmax aspoň dmin, r 0 nebo více.","Der Server verwirft diese Zone: smin und dmin müssen 0 oder mehr sein, smax mindestens smin, dmax mindestens dmin, r 0 oder mehr.","Сервер отбросит эту зону: smin и dmin должны быть не меньше 0, smax не меньше smin, dmax не меньше dmin, r не меньше 0.","Serwer odrzuci tę strefę: smin i dmin muszą wynosić 0 lub więcej, smax co najmniej smin, dmax co najmniej dmin, r 0 lub więcej.","A szerver elveti ezt a zónát: a smin és dmin legalább 0, a smax legalább smin, a dmax legalább dmin, az r legalább 0 legyen.","Il server scarta questa zona: smin e dmin devono essere 0 o più, smax almeno smin, dmax almeno dmin, r 0 o più.","El servidor descarta esta zona: smin y dmin deben ser 0 o más, smax al menos smin, dmax al menos dmin, r 0 o más.","Le serveur ignore cette zone : smin et dmin doivent valoir 0 ou plus, smax au moins smin, dmax au moins dmin, r 0 ou plus.","伺服器會捨棄此區域：smin 與 dmin 須為 0 以上，smax 不小於 smin，dmax 不小於 dmin，r 須為 0 以上。","サーバーはこのゾーンを破棄します：smin と dmin は 0 以上、smax は smin 以上、dmax は dmin 以上、r は 0 以上が必要です。","O servidor descarta esta zona: smin e dmin devem ser 0 ou mais, smax pelo menos smin, dmax pelo menos dmin, r 0 ou mais.","服务器会丢弃此区域：smin 和 dmin 须为 0 以上，smax 不小于 smin，dmax 不小于 dmin，r 须为 0 以上。"
"VSTR_XMLE_SPW_ERR_POS","x and z must be numbers; angle and height numbers or empty.","x and z must be numbers; angle and height numbers or empty.","x a z musí být čísla; úhel a výška čísla nebo prázdné.","x und z müssen Zahlen sein; Winkel und Höhe Zahlen oder leer.","x и z должны быть числами; угол и высота — числами или пустыми.","x i z muszą być liczbami; kąt i wysokość liczbami lub puste.","Az x és z szám legyen; a szög és a magasság szám vagy üres.","x e z devono essere numeri; angolo e altezza numeri o vuoti.","x y z deben ser números; ángulo y altura números o vacíos.","x et z doivent être des nombres ; angle et hauteur des nombres ou vides.","x 與 z 必須是數字；角度與高度須為數字或留空。","x と z は数値にしてください。角度と高さは数値か空欄です。","x e z devem ser números; ângulo e altura números ou vazios.","x 和 z 必须是数字；角度和高度须为数字或留空。"
"VSTR_XMLE_SPW_ERR_ZONE","Zone values must be numbers (smin, smax, dmin and dmax whole numbers).","Zone values must be numbers (smin, smax, dmin and dmax whole numbers).","Hodnoty zóny musí být čísla (smin, smax, dmin a dmax celá čísla).","Zonenwerte müssen Zahlen sein (smin, smax, dmin und dmax ganze Zahlen).","Значения зоны должны быть числами (smin, smax, dmin и dmax — целыми).","Wartości strefy muszą być liczbami (smin, smax, dmin i dmax całkowitymi).","A zóna értékei számok legyenek (a smin, smax, dmin és dmax egész).","I valori della zona devono essere numeri (smin, smax, dmin e dmax interi).","Los valores de la zona deben ser números (smin, smax, dmin y dmax enteros).","Les valeurs de zone doivent être des nombres (smin, smax, dmin et dmax entiers).","區域值必須是數字（smin、smax、dmin、dmax 為整數）。","ゾーンの値は数値にしてください（smin、smax、dmin、dmax は整数）。","Os valores da zona devem ser números (smin, smax, dmin e dmax inteiros).","区域值必须是数字（smin、smax、dmin、dmax 为整数）。"
"VSTR_XMLE_SPW_ERR_GROUP","An event group name may only use letters, digits and _.","An event group name may only use letters, digits and _.","Název skupiny událostí smí obsahovat jen písmena, číslice a _.","Ein Event-Gruppenname darf nur Buchstaben, Ziffern und _ enthalten.","Имя группы событий может содержать только буквы, цифры и _.","Nazwa grupy zdarzeń może zawierać tylko litery, cyfry i _.","Az eseménycsoport neve csak betűt, számjegyet és _ jelet tartalmazhat.","Il nome di un gruppo eventi può usare solo lettere, cifre e _.","El nombre de un grupo de eventos solo puede usar letras, dígitos y _.","Un nom de groupe d'événements ne peut contenir que des lettres, chiffres et _.","事件群組名稱只能使用字母、數字和 _。","イベントグループ名には英字・数字・_ のみ使えます。","O nome de um grupo de eventos só pode usar letras, dígitos e _.","事件组名称只能使用字母、数字和 _。"
"VSTR_XMLE_SPW_ERR_TOO_MANY","An entry can have at most 3000 positions.","An entry can have at most 3000 positions.","Záznam může mít nejvýše 3000 pozic.","Ein Eintrag kann höchstens 3000 Positionen haben.","В записи может быть не более 3000 позиций.","Wpis może mieć najwyżej 3000 pozycji.","Egy bejegyzésnek legfeljebb 3000 pozíciója lehet.","Una voce può avere al massimo 3000 posizioni.","Una entrada puede tener como máximo 3000 posiciones.","Une entrée peut avoir au plus 3000 positions.","一筆項目最多只能有 3000 個位置。","1 つのエントリーの位置は最大 3000 件です。","Uma entrada pode ter no máximo 3000 posições.","一条条目最多只能有 3000 个位置。"
"VSTR_XMLE_SPW_ERR_ROOT","The file has no <eventposdef> root element.","The file has no <eventposdef> root element.","Soubor nemá kořenový prvek <eventposdef>.","Die Datei hat kein <eventposdef>-Wurzelelement.","В файле нет корневого элемента <eventposdef>.","Plik nie ma elementu głównego <eventposdef>.","A fájlnak nincs <eventposdef> gyökéreleme.","Il file non ha l'elemento radice <eventposdef>.","El archivo no tiene el elemento raíz <eventposdef>.","Le fichier n'a pas d'élément racine <eventposdef>.","檔案沒有 <eventposdef> 根元素。","ファイルに <eventposdef> ルート要素がありません。","O arquivo não tem o elemento raiz <eventposdef>.","文件没有 <eventposdef> 根元素。"
"VSTR_XMLE_SPW_ERR_NO_PLAYER","Your character's position is not available.","Your character's position is not available.","Pozice tvé postavy není k dispozici.","Die Position deines Charakters ist nicht verfügbar.","Позиция вашего персонажа недоступна.","Pozycja twojej postaci jest niedostępna.","A karaktered pozíciója nem érhető el.","La posizione del tuo personaggio non è disponibile.","La posición de tu personaje no está disponible.","La position de votre personnage n'est pas disponible.","無法取得你角色的位置。","キャラクターの位置を取得できません。","A posição do seu personagem não está disponível.","无法获取你角色的位置。"
"VSTR_XMLE_SPW_SAVED","Saved %1. The server reads the positions at the next restart.","Saved %1. The server reads the positions at the next restart.","%1 uloženo. Server pozice načte při příštím restartu.","%1 gespeichert. Der Server liest die Positionen beim nächsten Neustart.","%1 сохранён. Сервер прочитает позиции при следующем перезапуске.","Zapisano %1. Serwer wczyta pozycje przy następnym restarcie.","%1 mentve. A szerver a következő újraindításkor olvassa be a pozíciókat.","%1 salvato. Il server legge le posizioni al prossimo riavvio.","%1 guardado. El servidor lee las posiciones en el próximo reinicio.","%1 enregistré. Le serveur lit les positions au prochain redémarrage.","已儲存 %1。伺服器會在下次重新啟動時讀取位置。","%1 を保存しました。サーバーは次回の再起動時に位置を読み込みます。","%1 salvo. O servidor lê as posições na próxima reinicialização.","已保存 %1。服务器会在下次重启时读取位置。"
"VSTR_XMLE_SPW_DLG_SAVE_BODY","Save %1 changed spawn entr(ies) to cfgeventspawns.xml? A backup is made first. The server reads them at the next restart.","Save %1 changed spawn entr(ies) to cfgeventspawns.xml? A backup is made first. The server reads them at the next restart.","Uložit %1 změněných záznamů pozic do cfgeventspawns.xml? Nejdřív se vytvoří záloha. Server je načte při příštím restartu.","%1 geänderte(n) Spawn-Eintrag/Einträge in cfgeventspawns.xml speichern? Zuerst wird ein Backup angelegt. Der Server liest sie beim nächsten Neustart.","Сохранить %1 изменённых записей позиций в cfgeventspawns.xml? Сначала создаётся резервная копия. Сервер прочитает их при следующем перезапуске.","Zapisać %1 zmienionych wpisów pozycji do cfgeventspawns.xml? Najpierw powstanie kopia. Serwer wczyta je przy następnym restarcie.","Mented a(z) %1 módosított pozícióbejegyzést a cfgeventspawns.xml-be? Előbb biztonsági mentés készül. A szerver a következő újraindításkor olvassa be.","Salvare %1 voci di posizione modificate in cfgeventspawns.xml? Prima viene fatto un backup. Il server le legge al prossimo riavvio.","¿Guardar %1 entrada(s) de posiciones cambiada(s) en cfgeventspawns.xml? Antes se hace una copia. El servidor las lee en el próximo reinicio.","Enregistrer %1 entrée(s) de positions modifiée(s) dans cfgeventspawns.xml ? Une sauvegarde est faite d'abord. Le serveur les lit au prochain redémarrage.","要將 %1 筆已變更的生成點項目儲存到 cfgeventspawns.xml 嗎？會先建立備份。伺服器會在下次重新啟動時讀取。","変更した %1 件の出現位置エントリーを cfgeventspawns.xml に保存しますか？先にバックアップを作成します。サーバーは次回の再起動時に読み込みます。","Salvar %1 entrada(s) de posições alterada(s) em cfgeventspawns.xml? Um backup é feito antes. O servidor as lê na próxima reinicialização.","要将 %1 条已更改的生成点条目保存到 cfgeventspawns.xml 吗？会先创建备份。服务器会在下次重启时读取。"
"VSTR_XMLE_EVT_DLG_SAVE_BOTH_BODY","Save %1 changed event(s) to %2 and %3 changed spawn entr(ies) to cfgeventspawns.xml? Backups are made first. The server reads them at the next restart.","Save %1 changed event(s) to %2 and %3 changed spawn entr(ies) to cfgeventspawns.xml? Backups are made first. The server reads them at the next restart.","Uložit %1 změněných událostí do %2 a %3 změněných záznamů pozic do cfgeventspawns.xml? Nejdřív se vytvoří zálohy. Server je načte při příštím restartu.","%1 geänderte(s) Event(s) in %2 und %3 geänderte(n) Spawn-Eintrag/Einträge in cfgeventspawns.xml speichern? Zuerst werden Backups angelegt. Der Server liest sie beim nächsten Neustart.","Сохранить %1 изменённых событий в %2 и %3 изменённых записей позиций в cfgeventspawns.xml? Сначала создаются резервные копии. Сервер прочитает их при следующем перезапуске.","Zapisać %1 zmienionych zdarzeń do %2 i %3 zmienionych wpisów pozycji do cfgeventspawns.xml? Najpierw powstaną kopie. Serwer wczyta je przy następnym restarcie.","Mented a(z) %1 módosított eseményt ide: %2, és a(z) %3 módosított pozícióbejegyzést a cfgeventspawns.xml-be? Előbb biztonsági mentések készülnek. A szerver a következő újraindításkor olvassa be.","Salvare %1 eventi modificati in %2 e %3 voci di posizione modificate in cfgeventspawns.xml? Prima vengono fatti i backup. Il server li legge al prossimo riavvio.","¿Guardar %1 evento(s) cambiado(s) en %2 y %3 entrada(s) de posiciones en cfgeventspawns.xml? Antes se hacen copias. El servidor los lee en el próximo reinicio.","Enregistrer %1 événement(s) modifié(s) dans %2 et %3 entrée(s) de positions dans cfgeventspawns.xml ? Des sauvegardes sont faites d'abord. Le serveur les lit au prochain redémarrage.","要將 %1 個已變更的事件儲存到 %2，並將 %3 筆生成點項目儲存到 cfgeventspawns.xml 嗎？會先建立備份。伺服器會在下次重新啟動時讀取。","変更した %1 件のイベントを %2 に、%3 件の出現位置エントリーを cfgeventspawns.xml に保存しますか？先にバックアップを作成します。サーバーは次回の再起動時に読み込みます。","Salvar %1 evento(s) alterado(s) em %2 e %3 entrada(s) de posições em cfgeventspawns.xml? Backups são feitos antes. O servidor os lê na próxima reinicialização.","要将 %1 个已更改的事件保存到 %2，并将 %3 条生成点条目保存到 cfgeventspawns.xml 吗？会先创建备份。服务器会在下次重启时读取。"
"VSTR_XMLE_EVT_DLG_REVERT_BOTH_BODY","Drop %1 unsaved change(s) in %2 and cfgeventspawns.xml and load them again?","Drop %1 unsaved change(s) in %2 and cfgeventspawns.xml and load them again?","Zahodit %1 neuložených změn v %2 a cfgeventspawns.xml a načíst je znovu?","%1 ungespeicherte Änderung(en) in %2 und cfgeventspawns.xml verwerfen und neu laden?","Отбросить %1 несохранённых изменений в %2 и cfgeventspawns.xml и загрузить их заново?","Odrzucić %1 niezapisanych zmian w %2 i cfgeventspawns.xml i wczytać je ponownie?","Elveted a(z) %1 nem mentett módosítást itt: %2 és a cfgeventspawns.xml-ben, és újratöltöd őket?","Scartare %1 modifiche non salvate in %2 e cfgeventspawns.xml e ricaricarli?","¿Descartar %1 cambio(s) sin guardar en %2 y cfgeventspawns.xml y volver a cargarlos?","Abandonner %1 modification(s) non enregistrée(s) dans %2 et cfgeventspawns.xml et les recharger ?","要捨棄 %2 與 cfgeventspawns.xml 中 %1 個未儲存的變更並重新載入嗎？","%2 と cfgeventspawns.xml の未保存の変更 %1 件を破棄して、再読み込みしますか？","Descartar %1 alteração(ões) não salva(s) em %2 e cfgeventspawns.xml e carregá-los de novo?","要丢弃 %2 和 cfgeventspawns.xml 中 %1 个未保存的更改并重新加载吗？"
"VSTR_XMLE_EVT_TIP_NAME","The event name. Its prefix (Vehicle, Static, Loot, Infected, Animal, Ambient, Item, Trajectory) decides what kind of event it is.","The event name. Its prefix (Vehicle, Static, Loot, Infected, Animal, Ambient, Item, Trajectory) decides what kind of event it is.","Název události. Předpona (Vehicle, Static, Loot, Infected, Animal, Ambient, Item, Trajectory) určuje druh události.","Der Event-Name. Sein Präfix (Vehicle, Static, Loot, Infected, Animal, Ambient, Item, Trajectory) legt die Art des Events fest.","Имя события. Префикс (Vehicle, Static, Loot, Infected, Animal, Ambient, Item, Trajectory) определяет тип события.","Nazwa zdarzenia. Prefiks (Vehicle, Static, Loot, Infected, Animal, Ambient, Item, Trajectory) decyduje o rodzaju zdarzenia.","Az esemény neve. Az előtag (Vehicle, Static, Loot, Infected, Animal, Ambient, Item, Trajectory) határozza meg az esemény fajtáját.","Il nome dell'evento. Il prefisso (Vehicle, Static, Loot, Infected, Animal, Ambient, Item, Trajectory) decide il tipo di evento.","El nombre del evento. Su prefijo (Vehicle, Static, Loot, Infected, Animal, Ambient, Item, Trajectory) decide el tipo de evento.","Le nom de l'événement. Son préfixe (Vehicle, Static, Loot, Infected, Animal, Ambient, Item, Trajectory) détermine son type.","事件名稱。前綴（Vehicle、Static、Loot、Infected、Animal、Ambient、Item、Trajectory）決定事件類型。","イベント名。接頭辞（Vehicle、Static、Loot、Infected、Animal、Ambient、Item、Trajectory）がイベントの種類を決めます。","O nome do evento. O prefixo (Vehicle, Static, Loot, Infected, Animal, Ambient, Item, Trajectory) define o tipo de evento.","事件名称。前缀（Vehicle、Static、Loot、Infected、Animal、Ambient、Item、Trajectory）决定事件类型。"
"VSTR_XMLE_EVT_TIP_F0","How many of this event the server keeps on the map at the same time.","How many of this event the server keeps on the map at the same time.","Kolik těchto událostí server drží na mapě současně.","Wie viele dieser Events der Server gleichzeitig auf der Karte hält.","Сколько таких событий сервер держит на карте одновременно.","Ile takich zdarzeń serwer utrzymuje na mapie jednocześnie.","Hány ilyen eseményt tart a szerver egyszerre a térképen.","Quanti di questi eventi il server tiene sulla mappa contemporaneamente.","Cuántos de estos eventos mantiene el servidor en el mapa a la vez.","Combien de ces événements le serveur garde sur la carte en même temps.","伺服器同時在地圖上維持多少個此事件。","サーバーがこのイベントを同時にマップ上に保つ数。","Quantos deste evento o servidor mantém no mapa ao mesmo tempo.","服务器同时在地图上维持多少个此事件。"
"VSTR_XMLE_EVT_TIP_F1","When fewer than this are active, the server spawns new ones. It is lowered to nominal when higher, unless limit is custom.","When fewer than this are active, the server spawns new ones. It is lowered to nominal when higher, unless limit is custom.","Když je aktivních méně, server spawnuje nové. Je-li vyšší než nominal, sníží se na něj (kromě limitu custom).","Sind weniger aktiv, spawnt der Server neue. Liegt der Wert über nominal, wird er darauf gesenkt (außer bei Limit custom).","Если активных меньше, сервер создаёт новые. Если значение выше nominal, оно снижается до него (кроме лимита custom).","Gdy aktywnych jest mniej, serwer tworzy nowe. Jeśli wartość przekracza nominal, jest do niego obniżana (poza limitem custom).","Ha ennél kevesebb aktív, a szerver újakat hoz létre. Ha nagyobb a nominalnál, arra csökken (kivéve custom korlátnál).","Se ne sono attivi meno, il server ne genera di nuovi. Se supera nominal viene abbassato a nominal (tranne con limite custom).","Si hay menos activos, el servidor genera nuevos. Si supera nominal se baja a nominal (salvo con límite custom).","S'il y en a moins d'actifs, le serveur en crée de nouveaux. Au-dessus de nominal, il est ramené à nominal (sauf limite custom).","作用中的數量低於此值時，伺服器會生成新的。高於 nominal 時會降為 nominal（custom 限制除外）。","有効な数がこれを下回るとサーバーは新しく出現させます。nominal を超える場合は nominal に下げられます（custom 制限を除く）。","Com menos ativos que isso, o servidor gera novos. Acima de nominal é reduzido a nominal (exceto com limite custom).","活动数量低于此值时，服务器会生成新的。高于 nominal 时会降为 nominal（custom 限制除外）。"
"VSTR_XMLE_EVT_TIP_F2","Upper limit of the event's spawned objects. Limit parent and mixed need it above 0.","Upper limit of the event's spawned objects. Limit parent and mixed need it above 0.","Horní hranice objektů události. Limity parent a mixed potřebují hodnotu nad 0.","Obergrenze der gespawnten Objekte des Events. Limit parent und mixed brauchen einen Wert über 0.","Верхний предел объектов события. Лимитам parent и mixed нужно значение больше 0.","Górna granica obiektów zdarzenia. Limity parent i mixed wymagają wartości powyżej 0.","Az esemény létrehozott objektumainak felső határa. A parent és mixed korláthoz 0-nál nagyobb kell.","Limite massimo degli oggetti generati dall'evento. I limiti parent e mixed lo richiedono sopra 0.","Límite superior de objetos generados por el evento. Los límites parent y mixed lo necesitan mayor que 0.","Limite haute des objets créés par l'événement. Les limites parent et mixed exigent une valeur au-dessus de 0.","事件生成物件的上限。parent 與 mixed 限制需要大於 0。","イベントが出現させるオブジェクトの上限。parent と mixed 制限では 0 より大きくする必要があります。","Limite superior de objetos gerados pelo evento. Os limites parent e mixed exigem valor acima de 0.","事件生成物体的上限。parent 和 mixed 限制需要大于 0。"
"VSTR_XMLE_EVT_TIP_F3","Seconds a spawned instance stays before the server cleans it up. It also becomes the lifetime of the child types.","Seconds a spawned instance stays before the server cleans it up. It also becomes the lifetime of the child types.","Kolik sekund instance vydrží, než ji server uklidí. Stává se také životností typů potomků.","Sekunden, die eine Instanz bleibt, bevor der Server sie aufräumt. Gilt auch als Lebensdauer der Kind-Typen.","Сколько секунд экземпляр существует, прежде чем сервер его уберёт. Также становится временем жизни дочерних типов.","Ile sekund instancja istnieje, zanim serwer ją sprzątnie. Staje się też czasem życia typów potomnych.","Hány másodpercig marad egy példány, mielőtt a szerver eltakarítja. A gyermektípusok élettartama is ez lesz.","Secondi di permanenza di un'istanza prima che il server la ripulisca. Diventa anche la durata dei tipi figli.","Segundos que dura una instancia antes de que el servidor la limpie. También pasa a ser la duración de los tipos hijos.","Secondes pendant lesquelles une instance reste avant d'être nettoyée. C'est aussi la durée de vie des types enfants.","生成的實例存在多少秒後被伺服器清除。也會成為子項類型的存在時間。","出現したインスタンスがサーバーに片付けられるまでの秒数。子要素タイプの存続時間にもなります。","Segundos que uma instância fica antes de o servidor limpá-la. Também vira a duração dos tipos filhos.","生成的实例存在多少秒后被服务器清除。也会成为子项类型的存在时间。"
"VSTR_XMLE_EVT_TIP_F4","Seconds before a cleaned-up instance may spawn again (0 = as soon as possible).","Seconds before a cleaned-up instance may spawn again (0 = as soon as possible).","Kolik sekund musí uplynout, než se uklizená instance smí znovu spawnout (0 = hned).","Sekunden, bevor eine aufgeräumte Instanz wieder spawnen darf (0 = sofort).","Через сколько секунд убранный экземпляр может появиться снова (0 = сразу).","Po ilu sekundach sprzątnięta instancja może pojawić się ponownie (0 = od razu).","Hány másodperc után jelenhet meg újra egy eltakarított példány (0 = azonnal).","Secondi prima che un'istanza ripulita possa ricomparire (0 = subito).","Segundos antes de que una instancia limpiada pueda volver a aparecer (0 = cuanto antes).","Secondes avant qu'une instance nettoyée puisse réapparaître (0 = dès que possible).","被清除的實例多少秒後才可再次生成（0 = 盡快）。","片付けられたインスタンスが再出現できるまでの秒数（0 = すぐ）。","Segundos até uma instância limpa poder surgir de novo (0 = o quanto antes).","被清除的实例多少秒后才可再次生成（0 = 尽快）。"
"VSTR_XMLE_EVT_TIP_F5","No instance spawns closer than this many metres to a player.","No instance spawns closer than this many metres to a player.","Žádná instance se nespawne blíž než tolik metrů od hráče.","Keine Instanz spawnt näher als so viele Meter an einem Spieler.","Экземпляр не появится ближе этого числа метров к игроку.","Żadna instancja nie pojawi się bliżej niż tyle metrów od gracza.","Egy példány sem jelenik meg ennyi méternél közelebb egy játékoshoz.","Nessuna istanza compare a meno di questi metri da un giocatore.","Ninguna instancia aparece a menos de estos metros de un jugador.","Aucune instance n'apparaît à moins de ce nombre de mètres d'un joueur.","實例不會在距離玩家少於此公尺數的地方生成。","プレイヤーからこのメートル数より近くには出現しません。","Nenhuma instância surge a menos desta distância em metros de um jogador.","实例不会在距离玩家少于此米数的地方生成。"
"VSTR_XMLE_EVT_TIP_F6","Minimum distance in metres between two instances of this event.","Minimum distance in metres between two instances of this event.","Minimální vzdálenost v metrech mezi dvěma instancemi této události.","Mindestabstand in Metern zwischen zwei Instanzen dieses Events.","Минимальное расстояние в метрах между двумя экземплярами события.","Minimalna odległość w metrach między dwiema instancjami zdarzenia.","Két példány közötti legkisebb távolság méterben.","Distanza minima in metri tra due istanze di questo evento.","Distancia mínima en metros entre dos instancias de este evento.","Distance minimale en mètres entre deux instances de cet événement.","此事件兩個實例之間的最小距離（公尺）。","このイベントの 2 つのインスタンス間の最小距離（m）。","Distância mínima em metros entre duas instâncias deste evento.","此事件两个实例之间的最小距离（米）。"
"VSTR_XMLE_EVT_TIP_F7","An instance is only cleaned up when no player is within this many metres.","An instance is only cleaned up when no player is within this many metres.","Instance se uklidí jen tehdy, když žádný hráč není blíž než tolik metrů.","Eine Instanz wird nur aufgeräumt, wenn kein Spieler innerhalb so vieler Meter ist.","Экземпляр убирается, только если в этом радиусе нет игроков.","Instancja jest sprzątana tylko, gdy w tym promieniu nie ma gracza.","Egy példány csak akkor takarítódik el, ha ennyi méteren belül nincs játékos.","Un'istanza viene ripulita solo se nessun giocatore è entro questi metri.","Una instancia solo se limpia cuando no hay jugadores a esa distancia.","Une instance n'est nettoyée que si aucun joueur n'est à moins de ce nombre de mètres.","只有在此公尺數內沒有玩家時才會清除實例。","この半径内にプレイヤーがいないときだけ片付けられます。","Uma instância só é limpa quando nenhum jogador está dentro desta distância.","只有在此米数内没有玩家时才会清除实例。"
"VSTR_XMLE_EVT_TIP_SECONDARY","Another event spawned together with this one at the same place, usually infected (e.g. InfectedArmy). The name must match exactly.","Another event spawned together with this one at the same place, usually infected (e.g. InfectedArmy). The name must match exactly.","Další událost spawnutá spolu s touto na stejném místě, obvykle infikovaní (např. InfectedArmy). Název musí přesně odpovídat.","Ein weiteres Event, das am selben Ort mit diesem spawnt, meist Infizierte (z. B. InfectedArmy). Der Name muss genau stimmen.","Другое событие, которое появляется вместе с этим в том же месте, обычно заражённые (например, InfectedArmy). Имя должно совпадать точно.","Inne zdarzenie pojawiające się razem z tym w tym samym miejscu, zwykle zarażeni (np. InfectedArmy). Nazwa musi się dokładnie zgadzać.","Egy másik esemény, amely ezzel együtt ugyanott jelenik meg, általában fertőzöttek (pl. InfectedArmy). A névnek pontosan egyeznie kell.","Un altro evento generato insieme a questo nello stesso posto, di solito infetti (es. InfectedArmy). Il nome deve coincidere esattamente.","Otro evento que aparece junto a este en el mismo lugar, normalmente infectados (p. ej. InfectedArmy). El nombre debe coincidir exactamente.","Un autre événement créé avec celui-ci au même endroit, généralement des infectés (ex. InfectedArmy). Le nom doit correspondre exactement.","與此事件在同一地點一起生成的另一個事件，通常是感染者（例如 InfectedArmy）。名稱必須完全相同。","このイベントと同じ場所で一緒に出現する別のイベント。通常は感染者（例：InfectedArmy）。名前は完全一致が必要です。","Outro evento gerado junto com este no mesmo lugar, geralmente infectados (ex.: InfectedArmy). O nome precisa ser idêntico.","与此事件在同一地点一起生成的另一个事件，通常是感染者（例如 InfectedArmy）。名称必须完全相同。"
"VSTR_XMLE_EVT_TIP_CHILD_TYPE","Class name of the object this event spawns. It must be in a types file.","Class name of the object this event spawns. It must be in a types file.","Název třídy objektu, který událost spawnuje. Musí být v souboru typů.","Klassenname des Objekts, das dieses Event spawnt. Er muss in einer Types-Datei stehen.","Имя класса объекта, который создаёт событие. Он должен быть в файле types.","Nazwa klasy obiektu tworzonego przez zdarzenie. Musi być w pliku types.","Az esemény által létrehozott objektum osztályneve. Szerepelnie kell egy types fájlban.","Nome di classe dell'oggetto generato dall'evento. Deve essere in un file types.","Nombre de clase del objeto que genera el evento. Debe estar en un archivo types.","Nom de classe de l'objet créé par l'événement. Il doit figurer dans un fichier types.","此事件生成的物件類別名稱。必須存在於 types 檔案中。","このイベントが出現させるオブジェクトのクラス名。types ファイルに登録されている必要があります。","Nome da classe do objeto gerado pelo evento. Precisa estar em um arquivo types.","此事件生成的物体类名。必须存在于 types 文件中。"
"VSTR_XMLE_EVT_TIP_CHILD_MIN","Fewest of this object spawned per instance of the event.","Fewest of this object spawned per instance of the event.","Nejmenší počet tohoto objektu na jednu instanci události.","Mindestanzahl dieses Objekts pro Event-Instanz.","Минимум этого объекта на один экземпляр события.","Najmniejsza liczba tego obiektu na instancję zdarzenia.","Ebből az objektumból legkevesebb ennyi jelenik meg eseménypéldányonként.","Numero minimo di questo oggetto per istanza dell'evento.","Mínimo de este objeto por instancia del evento.","Nombre minimum de cet objet par instance de l'événement.","每個事件實例生成此物件的最少數量。","イベントのインスタンスごとに出現するこのオブジェクトの最小数。","Mínimo deste objeto por instância do evento.","每个事件实例生成此物体的最少数量。"
"VSTR_XMLE_EVT_TIP_CHILD_MAX","Most of this object spawned per instance of the event (raised to min when lower).","Most of this object spawned per instance of the event (raised to min when lower).","Největší počet tohoto objektu na jednu instanci události (je-li nižší než min, zvýší se na něj).","Höchstanzahl dieses Objekts pro Event-Instanz (wird auf min angehoben, wenn kleiner).","Максимум этого объекта на один экземпляр события (если меньше min, поднимается до min).","Największa liczba tego obiektu na instancję zdarzenia (podnoszona do min, gdy mniejsza).","Ebből az objektumból legfeljebb ennyi jelenik meg eseménypéldányonként (ha kisebb a minnél, arra emelkedik).","Numero massimo di questo oggetto per istanza (alzato a min se inferiore).","Máximo de este objeto por instancia del evento (se sube a min si es menor).","Nombre maximum de cet objet par instance (relevé à min s'il est plus bas).","每個事件實例生成此物件的最多數量（低於 min 時提高到 min）。","イベントのインスタンスごとに出現するこのオブジェクトの最大数（min 未満なら min に上げられます）。","Máximo deste objeto por instância do evento (elevado a min se menor).","每个事件实例生成此物体的最多数量（低于 min 时提高到 min）。"
"VSTR_XMLE_EVT_TIP_LOOTMIN","Fewest loot items spawned in or around this object (crash sites, containers).","Fewest loot items spawned in or around this object (crash sites, containers).","Nejmenší počet kořisti v tomto objektu nebo kolem něj (havárie, kontejnery).","Mindestanzahl Loot-Gegenstände in oder um dieses Objekt (Absturzstellen, Behälter).","Минимум лута в объекте или вокруг него (места крушения, контейнеры).","Najmniejsza liczba łupu w obiekcie lub wokół niego (wraki, pojemniki).","Legkevesebb zsákmány ebben az objektumban vagy körülötte (roncsok, konténerek).","Numero minimo di bottino dentro o intorno a questo oggetto (schianti, contenitori).","Mínimo de botín dentro o alrededor de este objeto (accidentes, contenedores).","Nombre minimum de butin dans ou autour de cet objet (crashs, conteneurs).","此物件內或周圍生成的戰利品最少數量（墜毀點、容器）。","このオブジェクトの中や周りに出現するルートの最小数（墜落現場、コンテナ）。","Mínimo de itens de saque dentro ou ao redor deste objeto (quedas, contêineres).","此物体内或周围生成的战利品最少数量（坠毁点、容器）。"
"VSTR_XMLE_EVT_TIP_LOOTMAX","Most loot items spawned in or around this object (raised to loot min when lower).","Most loot items spawned in or around this object (raised to loot min when lower).","Největší počet kořisti v tomto objektu nebo kolem něj (je-li nižší než minimum, zvýší se na něj).","Höchstanzahl Loot-Gegenstände in oder um dieses Objekt (wird auf Loot min angehoben, wenn kleiner).","Максимум лута в объекте или вокруг него (если меньше минимума, поднимается до него).","Największa liczba łupu w obiekcie lub wokół niego (podnoszona do minimum, gdy mniejsza).","Legtöbb zsákmány ebben az objektumban vagy körülötte (ha kisebb a minimumnál, arra emelkedik).","Numero massimo di bottino dentro o intorno a questo oggetto (alzato al minimo se inferiore).","Máximo de botín dentro o alrededor de este objeto (se sube al mínimo si es menor).","Nombre maximum de butin dans ou autour de cet objet (relevé au minimum s'il est plus bas).","此物件內或周圍生成的戰利品最多數量（低於最小值時提高到最小值）。","このオブジェクトの中や周りに出現するルートの最大数（最小値未満なら最小値に上げられます）。","Máximo de itens de saque dentro ou ao redor deste objeto (elevado ao mínimo se menor).","此物体内或周围生成的战利品最多数量（低于最小值时提高到最小值）。"
"VSTR_XMLE_EVT_TIP_DELOOT","Dynamic event loot rule of this object: empty or -1 = default, 0 = off, 1 = on.","Dynamic event loot rule of this object: empty or -1 = default, 0 = off, 1 = on.","Pravidlo kořisti dynamické události pro tento objekt: prázdné nebo -1 = výchozí, 0 = vypnuto, 1 = zapnuto.","Loot-Regel für dynamische Events bei diesem Objekt: leer oder -1 = Standard, 0 = aus, 1 = an.","Правило лута динамического события для объекта: пусто или -1 = по умолчанию, 0 = выкл., 1 = вкл.","Reguła łupu zdarzenia dynamicznego dla obiektu: puste lub -1 = domyślnie, 0 = wył., 1 = wł.","Dinamikus esemény zsákmányszabálya ennél az objektumnál: üres vagy -1 = alapértelmezett, 0 = ki, 1 = be.","Regola di bottino degli eventi dinamici per questo oggetto: vuoto o -1 = predefinito, 0 = no, 1 = sì.","Regla de botín de evento dinámico de este objeto: vacío o -1 = por defecto, 0 = no, 1 = sí.","Règle de butin d'événement dynamique pour cet objet : vide ou -1 = défaut, 0 = non, 1 = oui.","此物件的動態事件戰利品規則：空白或 -1 = 預設，0 = 關，1 = 開。","このオブジェクトの動的イベントのルール：空欄か -1 = 既定、0 = オフ、1 = オン。","Regra de saque de evento dinâmico deste objeto: vazio ou -1 = padrão, 0 = desligado, 1 = ligado.","此物体的动态事件战利品规则：空白或 -1 = 默认，0 = 关，1 = 开。"
"VSTR_XMLE_EVT_TIP_SPAWNSEC","Whether the secondary event spawns at this object (on by default).","Whether the secondary event spawns at this object (on by default).","Zda se u tohoto objektu spawne sekundární událost (výchozí zapnuto).","Ob das Sekundär-Event bei diesem Objekt spawnt (standardmäßig an).","Появляется ли вторичное событие у этого объекта (по умолчанию да).","Czy przy tym obiekcie pojawia się zdarzenie wtórne (domyślnie tak).","Megjelenjen-e a másodlagos esemény ennél az objektumnál (alapból igen).","Se l'evento secondario compare presso questo oggetto (attivo di default).","Si el evento secundario aparece en este objeto (activado por defecto).","Si l'événement secondaire apparaît sur cet objet (activé par défaut).","次要事件是否在此物件處生成（預設開啟）。","この オブジェクトで副次イベントを出現させるか（既定はオン）。","Se o evento secundário surge neste objeto (ligado por padrão).","次要事件是否在此物体处生成（默认开启）。"
"VSTR_XMLE_EVT_TIP_TRACE","Snap this object to the ground when it spawns (off by default).","Snap this object to the ground when it spawns (off by default).","Při spawnu přichytit objekt k zemi (výchozí vypnuto).","Das Objekt beim Spawnen auf den Boden setzen (standardmäßig aus).","Прижимать объект к земле при появлении (по умолчанию нет).","Przyciągaj obiekt do ziemi przy pojawieniu (domyślnie nie).","Az objektumot megjelenéskor a talajhoz igazítja (alapból ki).","Appoggia l'oggetto al terreno quando compare (disattivo di default).","Ajusta el objeto al suelo al aparecer (desactivado por defecto).","Plaque l'objet au sol à son apparition (désactivé par défaut).","生成時將物件貼齊地面（預設關閉）。","出現時にオブジェクトを地面に合わせます（既定はオフ）。","Encaixa o objeto no chão ao surgir (desligado por padrão).","生成时将物体贴合地面（默认关闭）。"
"VSTR_XMLE_SPW_TIP_ZONE","Infected spawned around each position of this event: smin to smax static infected when it spawns, dmin to dmax dynamic infected while players are near, within r metres (the blue circle). Click to turn the zone on or off.","Infected spawned around each position of this event: smin to smax static infected when it spawns, dmin to dmax dynamic infected while players are near, within r metres (the blue circle). Click to turn the zone on or off.","Infikovaní spawnovaní kolem každé pozice události: smin až smax statických při spawnu, dmin až dmax dynamických, když jsou hráči poblíž, v okruhu r metrů (modrý kruh). Kliknutím zónu zapneš nebo vypneš.","Infizierte um jede Position dieses Events: smin bis smax statische beim Spawnen, dmin bis dmax dynamische, solange Spieler in der Nähe sind, im Umkreis von r Metern (blauer Kreis). Klicken schaltet die Zone an oder aus.","Заражённые вокруг каждой позиции события: от smin до smax статических при появлении, от dmin до dmax динамических, пока рядом игроки, в радиусе r метров (синий круг). Щелчок включает или выключает зону.","Zarażeni wokół każdej pozycji zdarzenia: od smin do smax statycznych przy pojawieniu, od dmin do dmax dynamicznych, gdy gracze są blisko, w promieniu r metrów (niebieski okrąg). Kliknij, aby włączyć lub wyłączyć strefę.","Fertőzöttek az esemény minden pozíciója körül: smin–smax statikus a megjelenéskor, dmin–dmax dinamikus, amíg játékosok vannak a közelben, r méteren belül (kék kör). Kattintással be- vagy kikapcsolod a zónát.","Infetti attorno a ogni posizione dell'evento: da smin a smax statici alla comparsa, da dmin a dmax dinamici con giocatori vicini, entro r metri (cerchio blu). Clicca per attivare o disattivare la zona.","Infectados alrededor de cada posición del evento: de smin a smax estáticos al aparecer, de dmin a dmax dinámicos mientras haya jugadores cerca, en un radio de r metros (círculo azul). Haz clic para activar o desactivar la zona.","Infectés autour de chaque position de l'événement : de smin à smax statiques à l'apparition, de dmin à dmax dynamiques tant que des joueurs sont proches, dans un rayon de r mètres (cercle bleu). Cliquez pour activer ou désactiver la zone.","在此事件每個位置周圍生成的感染者：生成時 smin 到 smax 個靜態感染者，玩家靠近時 dmin 到 dmax 個動態感染者，範圍 r 公尺（藍色圓圈）。點擊以開啟或關閉區域。","このイベントの各位置の周りに出現する感染者：出現時に smin～smax 体の静的感染者、プレイヤーが近くにいる間 dmin～dmax 体の動的感染者、半径 r m 以内（青い円）。クリックでゾーンのオン／オフ。","Infectados ao redor de cada posição do evento: de smin a smax estáticos ao surgir, de dmin a dmax dinâmicos com jogadores perto, num raio de r metros (círculo azul). Clique para ligar ou desligar a zona.","在此事件每个位置周围生成的感染者：生成时 smin 到 smax 个静态感染者，玩家靠近时 dmin 到 dmax 个动态感染者，范围 r 米（蓝色圆圈）。点击以开启或关闭区域。"
"VSTR_XMLE_SPW_TIP_SMIN","Fewest static infected spawned with the event (0 or more).","Fewest static infected spawned with the event (0 or more).","Nejmenší počet statických infikovaných při spawnu (0 a více).","Mindestzahl statischer Infizierter beim Spawnen (0 oder mehr).","Минимум статических заражённых при появлении (0 и больше).","Najmniej statycznych zarażonych przy pojawieniu (0 lub więcej).","Legkevesebb statikus fertőzött a megjelenéskor (0 vagy több).","Minimo di infetti statici alla comparsa (0 o più).","Mínimo de infectados estáticos al aparecer (0 o más).","Minimum d'infectés statiques à l'apparition (0 ou plus).","生成時靜態感染者的最少數量（0 以上）。","出現時の静的感染者の最小数（0 以上）。","Mínimo de infectados estáticos ao surgir (0 ou mais).","生成时静态感染者的最少数量（0 以上）。"
"VSTR_XMLE_SPW_TIP_SMAX","Most static infected spawned with the event (at least smin).","Most static infected spawned with the event (at least smin).","Největší počet statických infikovaných při spawnu (alespoň smin).","Höchstzahl statischer Infizierter beim Spawnen (mindestens smin).","Максимум статических заражённых при появлении (не меньше smin).","Najwięcej statycznych zarażonych przy pojawieniu (co najmniej smin).","Legtöbb statikus fertőzött a megjelenéskor (legalább smin).","Massimo di infetti statici alla comparsa (almeno smin).","Máximo de infectados estáticos al aparecer (al menos smin).","Maximum d'infectés statiques à l'apparition (au moins smin).","生成時靜態感染者的最多數量（不小於 smin）。","出現時の静的感染者の最大数（smin 以上）。","Máximo de infectados estáticos ao surgir (pelo menos smin).","生成时静态感染者的最多数量（不小于 smin）。"
"VSTR_XMLE_SPW_TIP_DMIN","Fewest dynamic infected spawned while players are near (0 or more).","Fewest dynamic infected spawned while players are near (0 or more).","Nejmenší počet dynamických infikovaných, když jsou hráči poblíž (0 a více).","Mindestzahl dynamischer Infizierter, solange Spieler in der Nähe sind (0 oder mehr).","Минимум динамических заражённых, пока рядом игроки (0 и больше).","Najmniej dynamicznych zarażonych, gdy gracze są blisko (0 lub więcej).","Legkevesebb dinamikus fertőzött, amíg játékosok vannak a közelben (0 vagy több).","Minimo di infetti dinamici con giocatori vicini (0 o più).","Mínimo de infectados dinámicos con jugadores cerca (0 o más).","Minimum d'infectés dynamiques quand des joueurs sont proches (0 ou plus).","玩家靠近時動態感染者的最少數量（0 以上）。","プレイヤーが近くにいる間の動的感染者の最小数（0 以上）。","Mínimo de infectados dinâmicos com jogadores perto (0 ou mais).","玩家靠近时动态感染者的最少数量（0 以上）。"
"VSTR_XMLE_SPW_TIP_DMAX","Most dynamic infected spawned while players are near (at least dmin).","Most dynamic infected spawned while players are near (at least dmin).","Největší počet dynamických infikovaných, když jsou hráči poblíž (alespoň dmin).","Höchstzahl dynamischer Infizierter, solange Spieler in der Nähe sind (mindestens dmin).","Максимум динамических заражённых, пока рядом игроки (не меньше dmin).","Najwięcej dynamicznych zarażonych, gdy gracze są blisko (co najmniej dmin).","Legtöbb dinamikus fertőzött, amíg játékosok vannak a közelben (legalább dmin).","Massimo di infetti dinamici con giocatori vicini (almeno dmin).","Máximo de infectados dinámicos con jugadores cerca (al menos dmin).","Maximum d'infectés dynamiques quand des joueurs sont proches (au moins dmin).","玩家靠近時動態感染者的最多數量（不小於 dmin）。","プレイヤーが近くにいる間の動的感染者の最大数（dmin 以上）。","Máximo de infectados dinâmicos com jogadores perto (pelo menos dmin).","玩家靠近时动态感染者的最多数量（不小于 dmin）。"
"VSTR_XMLE_SPW_TIP_R","Radius in metres around each position in which the infected spawn (the blue circle on the map).","Radius in metres around each position in which the infected spawn (the blue circle on the map).","Poloměr v metrech kolem každé pozice, ve kterém se infikovaní spawnují (modrý kruh na mapě).","Radius in Metern um jede Position, in dem die Infizierten spawnen (blauer Kreis auf der Karte).","Радиус в метрах вокруг каждой позиции, где появляются заражённые (синий круг на карте).","Promień w metrach wokół każdej pozycji, w którym pojawiają się zarażeni (niebieski okrąg na mapie).","Sugár méterben minden pozíció körül, amelyen belül a fertőzöttek megjelennek (kék kör a térképen).","Raggio in metri attorno a ogni posizione in cui compaiono gli infetti (cerchio blu sulla mappa).","Radio en metros alrededor de cada posición en el que aparecen los infectados (círculo azul en el mapa).","Rayon en mètres autour de chaque position dans lequel apparaissent les infectés (cercle bleu sur la carte).","每個位置周圍感染者生成的半徑（公尺，地圖上的藍色圓圈）。","各位置の周りで感染者が出現する半径（m、地図上の青い円）。","Raio em metros ao redor de cada posição em que os infectados surgem (círculo azul no mapa).","每个位置周围感染者生成的半径（米，地图上的蓝色圆圈）。"
"VSTR_XMLE_SPW_TIP_X","X coordinate in metres (west to east). Positions below 0 are skipped by the server.","X coordinate in metres (west to east). Positions below 0 are skipped by the server.","Souřadnice X v metrech (ze západu na východ). Pozice pod 0 server přeskočí.","X-Koordinate in Metern (West nach Ost). Positionen unter 0 überspringt der Server.","Координата X в метрах (с запада на восток). Позиции меньше 0 сервер пропускает.","Współrzędna X w metrach (z zachodu na wschód). Pozycje poniżej 0 serwer pomija.","X koordináta méterben (nyugatról keletre). A 0 alatti pozíciókat a szerver kihagyja.","Coordinata X in metri (da ovest a est). Le posizioni sotto 0 vengono saltate.","Coordenada X en metros (de oeste a este). El servidor omite las posiciones por debajo de 0.","Coordonnée X en mètres (d'ouest en est). Le serveur ignore les positions sous 0.","X 座標（公尺，西到東）。小於 0 的位置會被伺服器略過。","X 座標（m、西から東）。0 未満の位置はサーバーがスキップします。","Coordenada X em metros (oeste para leste). Posições abaixo de 0 são ignoradas.","X 坐标（米，西到东）。小于 0 的位置会被服务器跳过。"
"VSTR_XMLE_SPW_TIP_Z","Z coordinate in metres (south to north). Positions below 0 are skipped by the server.","Z coordinate in metres (south to north). Positions below 0 are skipped by the server.","Souřadnice Z v metrech (z jihu na sever). Pozice pod 0 server přeskočí.","Z-Koordinate in Metern (Süd nach Nord). Positionen unter 0 überspringt der Server.","Координата Z в метрах (с юга на север). Позиции меньше 0 сервер пропускает.","Współrzędna Z w metrach (z południa na północ). Pozycje poniżej 0 serwer pomija.","Z koordináta méterben (délről északra). A 0 alatti pozíciókat a szerver kihagyja.","Coordinata Z in metri (da sud a nord). Le posizioni sotto 0 vengono saltate.","Coordenada Z en metros (de sur a norte). El servidor omite las posiciones por debajo de 0.","Coordonnée Z en mètres (du sud au nord). Le serveur ignore les positions sous 0.","Z 座標（公尺，南到北）。小於 0 的位置會被伺服器略過。","Z 座標（m、南から北）。0 未満の位置はサーバーがスキップします。","Coordenada Z em metros (sul para norte). Posições abaixo de 0 são ignoradas.","Z 坐标（米，南到北）。小于 0 的位置会被服务器跳过。"
"VSTR_XMLE_SPW_TIP_A","Direction in degrees, clockwise from north (the green line on the map). -1 or empty = a random direction.","Direction in degrees, clockwise from north (the green line on the map). -1 or empty = a random direction.","Směr ve stupních, po směru hodinových ručiček od severu (zelená čára na mapě). -1 nebo prázdné = náhodný směr.","Richtung in Grad, im Uhrzeigersinn ab Norden (grüne Linie auf der Karte). -1 oder leer = zufällige Richtung.","Направление в градусах по часовой стрелке от севера (зелёная линия на карте). -1 или пусто = случайное.","Kierunek w stopniach, zgodnie z ruchem wskazówek zegara od północy (zielona linia na mapie). -1 lub puste = losowy.","Irány fokban, északtól az óramutató járásával egyezően (zöld vonal a térképen). -1 vagy üres = véletlen irány.","Direzione in gradi, in senso orario da nord (linea verde sulla mappa). -1 o vuoto = direzione casuale.","Dirección en grados, en sentido horario desde el norte (línea verde en el mapa). -1 o vacío = dirección aleatoria.","Direction en degrés, dans le sens horaire depuis le nord (ligne verte sur la carte). -1 ou vide = direction aléatoire.","方向（度，由北順時針，地圖上的綠線）。-1 或空白 = 隨機方向。","北から時計回りの角度（地図上の緑の線）。-1 か空欄 = ランダムな向き。","Direção em graus, no sentido horário a partir do norte (linha verde no mapa). -1 ou vazio = direção aleatória.","方向（度，由北顺时针，地图上的绿线）。-1 或空白 = 随机方向。"
"VSTR_XMLE_SPW_TIP_Y","Height in metres. Leave it empty for normal spawns; only set it for objects that must sit at an exact height (trains, objects on structures).","Height in metres. Leave it empty for normal spawns; only set it for objects that must sit at an exact height (trains, objects on structures).","Výška v metrech. Pro běžné spawny nech prázdné; nastav ji jen pro objekty, které musí být v přesné výšce (vlaky, objekty na stavbách).","Höhe in Metern. Für normale Spawns leer lassen; nur für Objekte setzen, die auf einer genauen Höhe sitzen müssen (Züge, Objekte auf Bauwerken).","Высота в метрах. Для обычных позиций оставьте пустой; задавайте только объектам на точной высоте (поезда, объекты на постройках).","Wysokość w metrach. Dla zwykłych pozycji zostaw puste; ustawiaj tylko dla obiektów na dokładnej wysokości (pociągi, obiekty na konstrukcjach).","Magasság méterben. Normál esetben hagyd üresen; csak pontos magasságot igénylő objektumoknál add meg (vonatok, építményeken lévő tárgyak).","Altezza in metri. Lasciala vuota per i casi normali; impostala solo per oggetti a un'altezza precisa (treni, oggetti su strutture).","Altura en metros. Déjala vacía normalmente; ponla solo para objetos que deben estar a una altura exacta (trenes, objetos sobre estructuras).","Hauteur en mètres. Laissez vide en temps normal ; à renseigner seulement pour les objets à une hauteur précise (trains, objets sur des structures).","高度（公尺）。一般情況請留空；只有必須放在精確高度的物件才設定（火車、建築上的物件）。","高さ（m）。通常は空欄のままにし、正確な高さに置く必要があるオブジェクト（列車、構造物の上の物）にだけ設定します。","Altura em metros. Deixe vazio normalmente; defina só para objetos que precisam ficar numa altura exata (trens, objetos sobre estruturas).","高度（米）。一般情况请留空；只有必须放在精确高度的物体才设置（火车、建筑上的物体）。"
"VSTR_XMLE_SPW_TIP_GROUP","An event group from cfgeventgroups.xml: its objects spawn here instead of the event's children (Static, Vehicle and Item events). Leave empty for none.","An event group from cfgeventgroups.xml: its objects spawn here instead of the event's children (Static, Vehicle and Item events). Leave empty for none.","Skupina událostí z cfgeventgroups.xml: její objekty se spawnou zde místo potomků události (události Static, Vehicle a Item). Prázdné = žádná.","Eine Event-Gruppe aus cfgeventgroups.xml: ihre Objekte spawnen hier statt der Kinder des Events (Static-, Vehicle- und Item-Events). Leer = keine.","Группа событий из cfgeventgroups.xml: её объекты появляются здесь вместо дочерних элементов события (события Static, Vehicle и Item). Пусто = нет.","Grupa zdarzeń z cfgeventgroups.xml: jej obiekty pojawiają się tu zamiast potomnych zdarzenia (zdarzenia Static, Vehicle i Item). Puste = brak.","Eseménycsoport a cfgeventgroups.xml-ből: az objektumai itt jelennek meg az esemény gyermekei helyett (Static, Vehicle és Item események). Üres = nincs.","Un gruppo eventi di cfgeventgroups.xml: i suoi oggetti compaiono qui al posto dei figli dell'evento (eventi Static, Vehicle e Item). Vuoto = nessuno.","Un grupo de eventos de cfgeventgroups.xml: sus objetos aparecen aquí en lugar de los hijos del evento (eventos Static, Vehicle e Item). Vacío = ninguno.","Un groupe d'événements de cfgeventgroups.xml : ses objets apparaissent ici à la place des enfants de l'événement (événements Static, Vehicle et Item). Vide = aucun.","來自 cfgeventgroups.xml 的事件群組：其物件會在此生成以取代事件的子項（Static、Vehicle 與 Item 事件）。留空 = 無。","cfgeventgroups.xml のイベントグループ：イベントの子要素の代わりにそのオブジェクトがここに出現します（Static、Vehicle、Item イベント）。空欄 = なし。","Um grupo de eventos de cfgeventgroups.xml: seus objetos surgem aqui no lugar dos filhos do evento (eventos Static, Vehicle e Item). Vazio = nenhum.","来自 cfgeventgroups.xml 的事件组：其物体会在此生成以取代事件的子项（Static、Vehicle 和 Item 事件）。留空 = 无。"
"VSTR_XMLE_SPW_TIP_ADD","When lit, clicking the map adds a position at the cursor. Dragging still pans the map.","When lit, clicking the map adds a position at the cursor. Dragging still pans the map.","Když svítí, kliknutí do mapy přidá pozici pod kurzorem. Tažení mapou dál posouvá.","Wenn aktiv, fügt ein Klick auf die Karte eine Position am Cursor hinzu. Ziehen verschiebt die Karte weiterhin.","Когда включено, щелчок по карте добавляет позицию под курсором. Перетаскивание по-прежнему двигает карту.","Gdy świeci, kliknięcie mapy dodaje pozycję pod kursorem. Przeciąganie nadal przesuwa mapę.","Ha világít, a térképre kattintás pozíciót ad a kurzorhoz. A húzás továbbra is mozgatja a térképet.","Quando è acceso, un clic sulla mappa aggiunge una posizione sotto il cursore. Trascinare sposta ancora la mappa.","Cuando está encendido, hacer clic en el mapa añade una posición en el cursor. Arrastrar sigue moviendo el mapa.","Quand il est allumé, un clic sur la carte ajoute une position sous le curseur. Glisser déplace toujours la carte.","亮起時，點擊地圖會在游標處新增位置。拖曳仍會移動地圖。","点灯中は地図をクリックするとカーソル位置に追加します。ドラッグは引き続き地図を移動します。","Quando aceso, clicar no mapa adiciona uma posição no cursor. Arrastar continua movendo o mapa.","亮起时，点击地图会在光标处添加位置。拖动仍会移动地图。"
"VSTR_XMLE_SPW_TIP_HERE","Adds a position where your character stands, facing your direction (the green marker is you).","Adds a position where your character stands, facing your direction (the green marker is you).","Přidá pozici tam, kde stojí tvá postava, natočenou tvým směrem (zelená značka jsi ty).","Fügt eine Position an deinem Standort hinzu, in deine Blickrichtung (die grüne Markierung bist du).","Добавляет позицию там, где стоит ваш персонаж, по направлению взгляда (зелёный маркер — это вы).","Dodaje pozycję tam, gdzie stoi twoja postać, zwróconą w twoim kierunku (zielony znacznik to ty).","Pozíciót ad oda, ahol a karaktered áll, a nézési irányodba (a zöld jelölő te vagy).","Aggiunge una posizione dove si trova il tuo personaggio, rivolta nella tua direzione (il segnalino verde sei tu).","Añade una posición donde está tu personaje, mirando hacia tu dirección (el marcador verde eres tú).","Ajoute une position là où se trouve votre personnage, orientée dans votre direction (le marqueur vert, c'est vous).","在你的角色所在處新增位置，朝向你的方向（綠色標記就是你）。","キャラクターの立ち位置に、向いている方向で位置を追加します（緑のマーカーがあなたです）。","Adiciona uma posição onde seu personagem está, voltada para sua direção (o marcador verde é você).","在你的角色所在处添加位置，朝向你的方向（绿色标记就是你）。"
"VSTR_XMLE_EVT_VIEW_GROUPS","GROUPS","GROUPS","SKUPINY","GRUPPEN","ГРУППЫ","GRUPY","CSOPORTOK","GRUPPI","GRUPOS","GROUPES","群組","グループ","GRUPOS","组"
"VSTR_XMLE_SPW_BTN_GROUP","EDIT GROUP","EDIT GROUP","UPRAVIT SKUPINU","GRUPPE BEARBEITEN","ИЗМЕНИТЬ ГРУППУ","EDYTUJ GRUPĘ","CSOPORT SZERK.","MODIFICA GRUPPO","EDITAR GRUPO","MODIFIER GROUPE","編輯群組","グループ編集","EDITAR GRUPO","编辑组"
"VSTR_XMLE_SPW_TIP_GROUP_BTN","Opens the event group of the selected position in the GROUPS view, previewed at this position and angle.","Opens the event group of the selected position in the GROUPS view, previewed at this position and angle.","Otevře skupinu události vybrané pozice v zobrazení SKUPINY s náhledem na této pozici a pod tímto úhlem.","Öffnet die Eventgruppe der gewählten Position in der Ansicht GRUPPEN, als Vorschau an dieser Position und in diesem Winkel.","Открывает группу события выбранной позиции в режиме ГРУППЫ с предпросмотром в этой позиции и под этим углом.","Otwiera grupę zdarzenia wybranej pozycji w widoku GRUPY, z podglądem w tej pozycji i pod tym kątem.","Megnyitja a kiválasztott pozíció eseménycsoportját a CSOPORTOK nézetben, ezen a pozíción és szögben mutatva.","Apre il gruppo evento della posizione selezionata nella vista GRUPPI, con anteprima in questa posizione e angolo.","Abre el grupo de evento de la posición seleccionada en la vista GRUPOS, con vista previa en esta posición y ángulo.","Ouvre le groupe d’événement de la position choisie dans la vue GROUPES, en aperçu à cette position et cet angle.","在「群組」檢視中開啟所選位置的事件群組，並以此位置與角度預覽。","選択した位置のイベントグループをグループ表示で開き、この位置と角度でプレビューします。","Abre o grupo de evento da posição selecionada na vista GRUPOS, com pré-visualização nesta posição e ângulo.","在“组”视图中打开所选位置的事件组，并以此位置和角度预览。"
"VSTR_XMLE_GRP_TITLE","Event groups","Event groups","Skupiny událostí","Eventgruppen","Группы событий","Grupy zdarzeń","Eseménycsoportok","Gruppi evento","Grupos de eventos","Groupes d’événements","事件群組","イベントグループ","Grupos de eventos","事件组"
"VSTR_XMLE_GRP_LIST_TITLE","GROUPS (%1)","GROUPS (%1)","SKUPINY (%1)","GRUPPEN (%1)","ГРУППЫ (%1)","GRUPY (%1)","CSOPORTOK (%1)","GRUPPI (%1)","GRUPOS (%1)","GROUPES (%1)","群組（%1）","グループ（%1）","GRUPOS (%1)","组（%1）"
"VSTR_XMLE_GRP_PICK","Pick a group in the list at the right, or add one.","Pick a group in the list at the right, or add one.","Vyberte skupinu v seznamu vpravo, nebo přidejte novou.","Wähle rechts in der Liste eine Gruppe oder füge eine hinzu.","Выберите группу в списке справа или добавьте новую.","Wybierz grupę z listy po prawej lub dodaj nową.","Válassz csoportot a jobb oldali listából, vagy adj hozzá egyet.","Scegli un gruppo nella lista a destra, o aggiungine uno.","Elige un grupo en la lista de la derecha o añade uno.","Choisissez un groupe dans la liste à droite, ou ajoutez-en un.","在右側清單中選擇一個群組，或新增一個。","右のリストからグループを選ぶか、新しく追加してください。","Escolha um grupo na lista à direita ou adicione um.","在右侧列表中选择一个组，或添加一个。"
"VSTR_XMLE_GRP_NO_FILE","cfgeventgroups.xml was not found in the mission folder.","cfgeventgroups.xml was not found in the mission folder.","cfgeventgroups.xml nebyl ve složce mise nalezen.","cfgeventgroups.xml wurde im Missionsordner nicht gefunden.","cfgeventgroups.xml не найден в папке миссии.","Nie znaleziono cfgeventgroups.xml w folderze misji.","A cfgeventgroups.xml nem található a küldetés mappájában.","cfgeventgroups.xml non trovato nella cartella della missione.","No se encontró cfgeventgroups.xml en la carpeta de la misión.","cfgeventgroups.xml est introuvable dans le dossier de la mission.","在任務資料夾中找不到 cfgeventgroups.xml。","ミッションフォルダーに cfgeventgroups.xml が見つかりません。","cfgeventgroups.xml não foi encontrado na pasta da missão.","在任务文件夹中找不到 cfgeventgroups.xml。"
"VSTR_XMLE_GRP_RANDOM","random","random","náhodný","zufällig","случайный","losowy","véletlen","casuale","aleatorio","aléatoire","隨機","ランダム","aleatório","随机"
"VSTR_XMLE_GRP_BTN_ADD","Add group","Add group","Přidat skupinu","Gruppe hinzufügen","Добавить группу","Dodaj grupę","Csoport hozzáadása","Aggiungi gruppo","Añadir grupo","Ajouter un groupe","新增群組","グループ追加","Adicionar grupo","添加组"
"VSTR_XMLE_GRP_BTN_DUP","Duplicate group","Duplicate group","Duplikovat skupinu","Gruppe duplizieren","Дублировать группу","Duplikuj grupę","Csoport másolása","Duplica gruppo","Duplicar grupo","Dupliquer le groupe","複製群組","グループ複製","Duplicar grupo","复制组"
"VSTR_XMLE_GRP_BTN_RENAME","Rename group","Rename group","Přejmenovat skupinu","Gruppe umbenennen","Переименовать группу","Zmień nazwę grupy","Csoport átnevezése","Rinomina gruppo","Renombrar grupo","Renommer le groupe","重新命名群組","グループ名変更","Renomear grupo","重命名组"
"VSTR_XMLE_GRP_BTN_DELETE","Delete group","Delete group","Smazat skupinu","Gruppe löschen","Удалить группу","Usuń grupę","Csoport törlése","Elimina gruppo","Eliminar grupo","Supprimer le groupe","刪除群組","グループ削除","Excluir grupo","删除组"
"VSTR_XMLE_GRP_BTN_ANCHOR","Preview position","Preview position","Pozice náhledu","Vorschauposition","Позиция предпросмотра","Pozycja podglądu","Előnézeti pozíció","Posizione anteprima","Posición de vista previa","Position d’aperçu","預覽位置","プレビュー位置","Posição de pré-visualização","预览位置"
"VSTR_XMLE_GRP_C_TYPE","Type","Type","Typ","Typ","Тип","Typ","Típus","Tipo","Tipo","Type","類型","タイプ","Tipo","类型"
"VSTR_XMLE_GRP_C_X","Offset X","Offset X","Posun X","Versatz X","Смещение X","Przesunięcie X","Eltolás X","Offset X","Desplaz. X","Décalage X","偏移 X","オフセット X","Deslocam. X","偏移 X"
"VSTR_XMLE_GRP_C_Z","Offset Z","Offset Z","Posun Z","Versatz Z","Смещение Z","Przesunięcie Z","Eltolás Z","Offset Z","Desplaz. Z","Décalage Z","偏移 Z","オフセット Z","Deslocam. Z","偏移 Z"
"VSTR_XMLE_GRP_C_A","Angle","Angle","Úhel","Winkel","Угол","Kąt","Szög","Angolo","Ángulo","Angle","角度","角度","Ângulo","角度"
"VSTR_XMLE_GRP_C_Y","Height Y","Height Y","Výška Y","Höhe Y","Высота Y","Wysokość Y","Magasság Y","Altezza Y","Altura Y","Hauteur Y","高度 Y","高さ Y","Altura Y","高度 Y"
"VSTR_XMLE_GRP_C_LOOTMIN","Loot min","Loot min","Loot min","Loot min","Лут мин","Łup min","Loot min","Loot min","Botín mín","Butin min","戰利品最小","ルート最小","Saque mín","战利品最小"
"VSTR_XMLE_GRP_C_LOOTMAX","Loot max","Loot max","Loot max","Loot max","Лут макс","Łup max","Loot max","Loot max","Botín máx","Butin max","戰利品最大","ルート最大","Saque máx","战利品最大"
"VSTR_XMLE_GRP_C_DELOOT","Deloot","Deloot","Deloot","Deloot","Deloot","Deloot","Deloot","Deloot","Deloot","Deloot","Deloot","Deloot","Deloot","Deloot"
"VSTR_XMLE_GRP_TIP_VIEW","Edits cfgeventgroups.xml: groups of objects that spawn together at a spawn position that names the group.","Edits cfgeventgroups.xml: groups of objects that spawn together at a spawn position that names the group.","Upravuje cfgeventgroups.xml: skupiny objektů, které se objeví společně na pozici, jež skupinu uvádí.","Bearbeitet cfgeventgroups.xml: Objektgruppen, die zusammen an einer Spawnposition erscheinen, die die Gruppe nennt.","Редактирует cfgeventgroups.xml: группы объектов, появляющихся вместе на позиции, где указана группа.","Edytuje cfgeventgroups.xml: grupy obiektów pojawiających się razem na pozycji, która wskazuje grupę.","A cfgeventgroups.xml szerkesztése: együtt megjelenő tárgycsoportok egy olyan pozíción, amely a csoportot megnevezi.","Modifica cfgeventgroups.xml: gruppi di oggetti che compaiono insieme in una posizione che nomina il gruppo.","Edita cfgeventgroups.xml: grupos de objetos que aparecen juntos en una posición que nombra el grupo.","Modifie cfgeventgroups.xml : des groupes d’objets qui apparaissent ensemble à une position qui nomme le groupe.","編輯 cfgeventgroups.xml：在指定該群組的生成位置一起生成的物件群組。","cfgeventgroups.xml を編集します：グループ名を持つ出現位置に一緒に出現するオブジェクトのグループです。","Edita cfgeventgroups.xml: grupos de objetos que surgem juntos numa posição que indica o grupo.","编辑 cfgeventgroups.xml：在指定该组的生成位置一起生成的物体组。"
"VSTR_XMLE_GRP_TIP_ADD","Adds an empty group. Name it, then place its children on the map.","Adds an empty group. Name it, then place its children on the map.","Přidá prázdnou skupinu. Pojmenujte ji a pak umístěte její potomky na mapu.","Fügt eine leere Gruppe hinzu. Benenne sie und setze dann ihre Kinder auf die Karte.","Добавляет пустую группу. Дайте ей имя, затем расставьте дочерние объекты на карте.","Dodaje pustą grupę. Nadaj jej nazwę, a potem rozmieść jej elementy na mapie.","Üres csoportot ad hozzá. Nevezd el, majd helyezd el a gyermekeit a térképen.","Aggiunge un gruppo vuoto. Dagli un nome, poi posiziona i suoi figli sulla mappa.","Añade un grupo vacío. Ponle nombre y después coloca sus hijos en el mapa.","Ajoute un groupe vide. Nommez-le, puis placez ses enfants sur la carte.","新增一個空群組。命名後在地圖上放置其子物件。","空のグループを追加します。名前を付けてから、子オブジェクトをマップに配置します。","Adiciona um grupo vazio. Dê-lhe um nome e depois coloque os filhos no mapa.","添加一个空组。命名后在地图上放置其子物体。"
"VSTR_XMLE_GRP_TIP_DUP","Copies the selected group with all its children under a new name.","Copies the selected group with all its children under a new name.","Zkopíruje vybranou skupinu se všemi potomky pod novým názvem.","Kopiert die gewählte Gruppe mit allen Kindern unter einem neuen Namen.","Копирует выбранную группу со всеми дочерними объектами под новым именем.","Kopiuje wybraną grupę ze wszystkimi elementami pod nową nazwą.","A kiválasztott csoportot az összes gyermekével új néven másolja.","Copia il gruppo selezionato con tutti i figli con un nuovo nome.","Copia el grupo seleccionado con todos sus hijos con un nombre nuevo.","Copie le groupe choisi avec tous ses enfants sous un nouveau nom.","以新名稱複製所選群組及其所有子物件。","選択したグループを子オブジェクトごと新しい名前でコピーします。","Copia o grupo selecionado com todos os filhos com um novo nome.","以新名称复制所选组及其所有子物体。"
"VSTR_XMLE_GRP_TIP_RENAME","Renames the selected group. Spawn positions that use the old name are renamed too.","Renames the selected group. Spawn positions that use the old name are renamed too.","Přejmenuje vybranou skupinu. Pozice, které používají starý název, se přejmenují také.","Benennt die gewählte Gruppe um. Spawnpositionen mit dem alten Namen werden mit umbenannt.","Переименовывает выбранную группу. Позиции со старым именем тоже переименовываются.","Zmienia nazwę wybranej grupy. Pozycje używające starej nazwy też zostaną zmienione.","Átnevezi a kiválasztott csoportot. A régi nevet használó pozíciók is átneveződnek.","Rinomina il gruppo selezionato. Anche le posizioni che usano il vecchio nome vengono rinominate.","Renombra el grupo seleccionado. Las posiciones que usan el nombre antiguo también se renombran.","Renomme le groupe choisi. Les positions qui utilisent l’ancien nom sont renommées aussi.","重新命名所選群組。使用舊名稱的生成位置也會一併更名。","選択したグループの名前を変更します。旧名を使う出現位置も一緒に変更されます。","Renomeia o grupo selecionado. As posições que usam o nome antigo também são renomeadas.","重命名所选组。使用旧名称的生成位置也会一起更名。"
"VSTR_XMLE_GRP_TIP_DELETE","Removes the selected group. Spawn positions that still name it lose it on the server.","Removes the selected group. Spawn positions that still name it lose it on the server.","Odstraní vybranou skupinu. Pozice, které ji stále uvádějí, ji na serveru ztratí.","Entfernt die gewählte Gruppe. Spawnpositionen, die sie noch nennen, verlieren sie auf dem Server.","Удаляет выбранную группу. Позиции, где она ещё указана, теряют её на сервере.","Usuwa wybraną grupę. Pozycje, które wciąż ją wskazują, stracą ją na serwerze.","Törli a kiválasztott csoportot. Az azt még megnevező pozíciók elveszítik a szerveren.","Rimuove il gruppo selezionato. Le posizioni che lo nominano ancora lo perdono sul server.","Elimina el grupo seleccionado. Las posiciones que aún lo nombran lo pierden en el servidor.","Supprime le groupe choisi. Les positions qui le nomment encore le perdent sur le serveur.","移除所選群組。仍指定此群組的生成位置在伺服器上將失去它。","選択したグループを削除します。まだこのグループを指定している出現位置はサーバー上でそれを失います。","Remove o grupo selecionado. As posições que ainda o indicam perdem-no no servidor.","移除所选组。仍指定该组的生成位置在服务器上将失去它。"
"VSTR_XMLE_GRP_TIP_ANCHOR","Shows the group at the next preview position: the position you came from, each spawn position using the group, the note in the file, or your own position.","Shows the group at the next preview position: the position you came from, each spawn position using the group, the note in the file, or your own position.","Zobrazí skupinu na další pozici náhledu: pozice, ze které jste přišli, každá pozice používající skupinu, poznámka v souboru nebo vaše vlastní pozice.","Zeigt die Gruppe an der nächsten Vorschauposition: die Position, von der du kamst, jede Spawnposition mit der Gruppe, die Notiz in der Datei oder deine eigene Position.","Показывает группу в следующей позиции предпросмотра: позиция, откуда вы пришли, каждая позиция с этой группой, заметка в файле или ваша позиция.","Pokazuje grupę w kolejnej pozycji podglądu: pozycja, z której przyszedłeś, każda pozycja z tą grupą, notatka w pliku lub twoja pozycja.","A csoportot a következő előnézeti pozíción mutatja: ahonnan jöttél, minden a csoportot használó pozíció, a fájlbeli megjegyzés vagy a saját pozíciód.","Mostra il gruppo nella prossima posizione di anteprima: quella da cui sei arrivato, ogni posizione che usa il gruppo, la nota nel file o la tua posizione.","Muestra el grupo en la siguiente posición de vista previa: la posición de la que vienes, cada posición que usa el grupo, la nota del archivo o tu propia posición.","Affiche le groupe à la position d’aperçu suivante : celle d’où vous venez, chaque position qui utilise le groupe, la note du fichier ou votre position.","在下一個預覽位置顯示群組：您來自的位置、每個使用此群組的生成位置、檔案中的註記，或您自己的位置。","次のプレビュー位置でグループを表示します：移動元の位置、このグループを使う各出現位置、ファイル内のメモ、または自分の位置。","Mostra o grupo na próxima posição de pré-visualização: a posição de onde veio, cada posição que usa o grupo, a nota no ficheiro ou a sua posição.","在下一个预览位置显示组：您来自的位置、每个使用该组的生成位置、文件中的注释，或您自己的位置。"
"VSTR_XMLE_GRP_TIP_TYPE","Class name of the object. It must be registered in a types file, otherwise the server skips this child.","Class name of the object. It must be registered in a types file, otherwise the server skips this child.","Název třídy objektu. Musí být registrován v souboru types, jinak server tohoto potomka přeskočí.","Klassenname des Objekts. Er muss in einer types-Datei registriert sein, sonst überspringt der Server dieses Kind.","Имя класса объекта. Он должен быть зарегистрирован в файле types, иначе сервер пропустит этот объект.","Nazwa klasy obiektu. Musi być zarejestrowana w pliku types, inaczej serwer pominie ten element.","Az objektum osztályneve. Egy types fájlban regisztrálva kell lennie, különben a szerver kihagyja.","Nome della classe dell’oggetto. Deve essere registrato in un file types, altrimenti il server salta questo figlio.","Nombre de clase del objeto. Debe estar registrado en un archivo types; si no, el servidor omite este hijo.","Nom de classe de l’objet. Il doit être enregistré dans un fichier types, sinon le serveur ignore cet enfant.","物件的類別名稱。必須已在 types 檔案中註冊，否則伺服器會略過此子物件。","オブジェクトのクラス名です。types ファイルに登録されていないと、サーバーはこの子をスキップします。","Nome de classe do objeto. Tem de estar registado num ficheiro types; caso contrário o servidor ignora este filho.","物体的类名。必须已在 types 文件中注册，否则服务器会跳过该子物体。"
"VSTR_XMLE_GRP_TIP_X","Metres east of the spawn position (before the position angle turns the group).","Metres east of the spawn position (before the position angle turns the group).","Metry na východ od pozice (před otočením skupiny podle úhlu pozice).","Meter östlich der Spawnposition (bevor der Positionswinkel die Gruppe dreht).","Метры к востоку от позиции (до поворота группы на угол позиции).","Metry na wschód od pozycji (przed obrotem grupy o kąt pozycji).","Méter keletre a pozíciótól (mielőtt a pozíció szöge elforgatja a csoportot).","Metri a est della posizione (prima che l’angolo della posizione ruoti il gruppo).","Metros al este de la posición (antes de que el ángulo de la posición gire el grupo).","Mètres à l’est de la position (avant que l’angle de la position ne tourne le groupe).","生成位置以東的公尺數（在位置角度旋轉群組之前）。","出現位置から東へのメートル数（位置の角度でグループが回転する前）。","Metros a leste da posição (antes de o ângulo da posição rodar o grupo).","生成位置以东的米数（在位置角度旋转组之前）。"
"VSTR_XMLE_GRP_TIP_Z","Metres north of the spawn position (before the position angle turns the group).","Metres north of the spawn position (before the position angle turns the group).","Metry na sever od pozice (před otočením skupiny podle úhlu pozice).","Meter nördlich der Spawnposition (bevor der Positionswinkel die Gruppe dreht).","Метры к северу от позиции (до поворота группы на угол позиции).","Metry na północ od pozycji (przed obrotem grupy o kąt pozycji).","Méter északra a pozíciótól (mielőtt a pozíció szöge elforgatja a csoportot).","Metri a nord della posizione (prima che l’angolo della posizione ruoti il gruppo).","Metros al norte de la posición (antes de que el ángulo de la posición gire el grupo).","Mètres au nord de la position (avant que l’angle de la position ne tourne le groupe).","生成位置以北的公尺數（在位置角度旋轉群組之前）。","出現位置から北へのメートル数（位置の角度でグループが回転する前）。","Metros a norte da posição (antes de o ângulo da posição rodar o grupo).","生成位置以北的米数（在位置角度旋转组之前）。"
"VSTR_XMLE_GRP_TIP_A","Direction of the child in degrees. The position angle is added to it. -1 = random.","Direction of the child in degrees. The position angle is added to it. -1 = random.","Směr potomka ve stupních. Přičte se k němu úhel pozice. -1 = náhodně.","Richtung des Kindes in Grad. Der Positionswinkel wird addiert. -1 = zufällig.","Направление объекта в градусах. К нему прибавляется угол позиции. -1 = случайно.","Kierunek elementu w stopniach. Dodawany jest do niego kąt pozycji. -1 = losowo.","A gyermek iránya fokban. Ehhez adódik a pozíció szöge. -1 = véletlen.","Direzione del figlio in gradi. Si somma l’angolo della posizione. -1 = casuale.","Dirección del hijo en grados. Se le suma el ángulo de la posición. -1 = aleatorio.","Direction de l’enfant en degrés. L’angle de la position s’y ajoute. -1 = aléatoire.","子物件的方向（度）。會加上位置角度。-1 = 隨機。","子の向き（度）。位置の角度が加算されます。-1 = ランダム。","Direção do filho em graus. O ângulo da posição é somado. -1 = aleatório.","子物体的方向（度）。会加上位置角度。-1 = 随机。"
"VSTR_XMLE_GRP_TIP_Y","Height above the spawn position. Leave empty to place the child on the ground (trace is then forced on).","Height above the spawn position. Leave empty to place the child on the ground (trace is then forced on).","Výška nad pozicí. Nechte prázdné pro umístění na zem (trace je pak vynucen).","Höhe über der Spawnposition. Leer lassen, um das Kind auf den Boden zu setzen (trace ist dann erzwungen).","Высота над позицией. Оставьте пустым, чтобы поставить объект на землю (trace тогда включается принудительно).","Wysokość nad pozycją. Zostaw puste, aby postawić element na ziemi (trace jest wtedy wymuszony).","Magasság a pozíció felett. Hagyd üresen, hogy a talajra kerüljön (a trace ekkor kötelezően be van kapcsolva).","Altezza sopra la posizione. Lascia vuoto per posare il figlio al suolo (trace viene allora forzato).","Altura sobre la posición. Déjalo vacío para colocar el hijo en el suelo (trace se fuerza entonces).","Hauteur au-dessus de la position. Laissez vide pour poser l’enfant au sol (trace est alors forcé).","高於生成位置的高度。留空則將子物件放在地面（此時強制啟用 trace）。","出現位置からの高さ。空欄にすると地面に置かれます（その場合 trace は強制的にオン）。","Altura acima da posição. Deixe vazio para colocar o filho no chão (trace fica então forçado).","高于生成位置的高度。留空则将子物体放在地面（此时强制启用 trace）。"
"VSTR_XMLE_GRP_TIP_TRACE","On: the child is snapped to the surface below it. Always on when the height is empty.","On: the child is snapped to the surface below it. Always on when the height is empty.","Zapnuto: potomek se přichytí k povrchu pod ním. Vždy zapnuto, když je výška prázdná.","An: Das Kind wird auf die Oberfläche darunter gesetzt. Immer an, wenn die Höhe leer ist.","Вкл.: объект прижимается к поверхности под ним. Всегда включено, если высота пуста.","Wł.: element jest przyciągany do powierzchni pod nim. Zawsze włączone przy pustej wysokości.","Be: a gyermek a alatta lévő felszínre illeszkedik. Mindig be van kapcsolva, ha a magasság üres.","Attivo: il figlio si aggancia alla superficie sottostante. Sempre attivo se l’altezza è vuota.","Activado: el hijo se ajusta a la superficie de debajo. Siempre activado si la altura está vacía.","Activé : l’enfant est collé à la surface en dessous. Toujours activé si la hauteur est vide.","開啟：子物件會貼齊其下方的表面。高度留空時一律開啟。","オン：子は下の地表に吸着します。高さが空欄のときは常にオンです。","Ligado: o filho encaixa na superfície abaixo. Sempre ligado quando a altura está vazia.","开启：子物体会贴合其下方的表面。高度留空时始终开启。"
"VSTR_XMLE_GRP_TIP_ADDMODE","While on, a click on the map adds a child there (turned back into an offset from the preview position).","While on, a click on the map adds a child there (turned back into an offset from the preview position).","Dokud je zapnuto, kliknutí do mapy tam přidá potomka (převedeno na posun od pozice náhledu).","Solange an, fügt ein Klick auf die Karte dort ein Kind hinzu (als Versatz zur Vorschauposition).","Пока включено, щелчок по карте добавляет туда объект (в виде смещения от позиции предпросмотра).","Gdy włączone, kliknięcie na mapie dodaje tam element (jako przesunięcie od pozycji podglądu).","Bekapcsolva a térképre kattintás oda gyermeket ad (az előnézeti pozícióhoz mért eltolásként).","Se attivo, un clic sulla mappa aggiunge lì un figlio (come offset dalla posizione di anteprima).","Mientras está activado, un clic en el mapa añade ahí un hijo (como desplazamiento desde la posición de vista previa).","Tant que c’est activé, un clic sur la carte y ajoute un enfant (en décalage depuis la position d’aperçu).","開啟時，點擊地圖即在該處新增子物件（換算為相對預覽位置的偏移）。","オンの間、マップをクリックするとそこに子を追加します（プレビュー位置からのオフセットに変換）。","Enquanto ligado, um clique no mapa adiciona ali um filho (como deslocamento da posição de pré-visualização).","开启时，点击地图即在该处添加子物体（换算为相对预览位置的偏移）。"
"VSTR_XMLE_GRP_TIP_CHILD_ADD","Adds a child at the preview position (offset 0, 0).","Adds a child at the preview position (offset 0, 0).","Přidá potomka na pozici náhledu (posun 0, 0).","Fügt ein Kind an der Vorschauposition hinzu (Versatz 0, 0).","Добавляет объект в позицию предпросмотра (смещение 0, 0).","Dodaje element w pozycji podglądu (przesunięcie 0, 0).","Gyermeket ad az előnézeti pozícióhoz (eltolás 0, 0).","Aggiunge un figlio nella posizione di anteprima (offset 0, 0).","Añade un hijo en la posición de vista previa (desplazamiento 0, 0).","Ajoute un enfant à la position d’aperçu (décalage 0, 0).","在預覽位置新增子物件（偏移 0, 0）。","プレビュー位置に子を追加します（オフセット 0, 0）。","Adiciona um filho na posição de pré-visualização (deslocamento 0, 0).","在预览位置添加子物体（偏移 0, 0）。"
"VSTR_XMLE_GRP_TIP_CHILD_REMOVE","Removes the selected child.","Removes the selected child.","Odstraní vybraného potomka.","Entfernt das gewählte Kind.","Удаляет выбранный объект.","Usuwa wybrany element.","Törli a kiválasztott gyermeket.","Rimuove il figlio selezionato.","Elimina el hijo seleccionado.","Supprime l’enfant choisi.","移除所選子物件。","選択した子を削除します。","Remove o filho selecionado.","移除所选子物体。"
"VSTR_XMLE_GRP_ANCHOR_NOTE","note in the file","note in the file","poznámka v souboru","Notiz in der Datei","заметка в файле","notatka w pliku","megjegyzés a fájlban","nota nel file","nota del archivo","note du fichier","檔案中的註記","ファイル内のメモ","nota no ficheiro","文件中的注释"
"VSTR_XMLE_GRP_ANCHOR_ME","your position","your position","vaše pozice","deine Position","ваша позиция","twoja pozycja","a te pozíciód","la tua posizione","tu posición","votre position","您的位置","あなたの位置","a sua posição","您的位置"
"VSTR_XMLE_GRP_ANCHOR_CENTRE","map centre","map centre","střed mapy","Kartenmitte","центр карты","środek mapy","térkép közepe","centro mappa","centro del mapa","centre de la carte","地圖中心","マップ中央","centro do mapa","地图中心"
"VSTR_XMLE_GRP_INFO_ANCHOR","Preview at %1 (%2, angle %3) - %4 of %5","Preview at %1 (%2, angle %3) - %4 of %5","Náhled na %1 (%2, úhel %3) - %4 z %5","Vorschau bei %1 (%2, Winkel %3) - %4 von %5","Предпросмотр: %1 (%2, угол %3) - %4 из %5","Podgląd: %1 (%2, kąt %3) - %4 z %5","Előnézet: %1 (%2, szög %3) - %4 / %5","Anteprima in %1 (%2, angolo %3) - %4 di %5","Vista previa en %1 (%2, ángulo %3) - %4 de %5","Aperçu à %1 (%2, angle %3) - %4 sur %5","預覽於 %1（%2，角度 %3）- 第 %4 / %5 個","プレビュー位置 %1（%2、角度 %3）- %4 / %5","Pré-visualização em %1 (%2, ângulo %3) - %4 de %5","预览于 %1（%2，角度 %3）- 第 %4 / %5 个"
"VSTR_XMLE_GRP_INFO_USED","Used by: %1","Used by: %1","Používá: %1","Verwendet von: %1","Используется: %1","Używana przez: %1","Használja: %1","Usato da: %1","Usado por: %1","Utilisé par : %1","使用者：%1","使用元：%1","Usado por: %1","使用者：%1"
"VSTR_XMLE_GRP_INFO_ADD","Click on the map to add a child there.","Click on the map to add a child there.","Kliknutím do mapy tam přidáte potomka.","Klicke auf die Karte, um dort ein Kind hinzuzufügen.","Щёлкните по карте, чтобы добавить туда объект.","Kliknij na mapie, aby dodać tam element.","Kattints a térképre, hogy oda gyermeket adj.","Clicca sulla mappa per aggiungere lì un figlio.","Haz clic en el mapa para añadir ahí un hijo.","Cliquez sur la carte pour y ajouter un enfant.","點擊地圖即可在該處新增子物件。","マップをクリックするとそこに子を追加します。","Clique no mapa para adicionar ali um filho.","点击地图即可在该处添加子物体。"
"VSTR_XMLE_GRP_W_UNUSED","No spawn position uses this group.","No spawn position uses this group.","Tuto skupinu nepoužívá žádná pozice.","Keine Spawnposition verwendet diese Gruppe.","Ни одна позиция не использует эту группу.","Żadna pozycja nie używa tej grupy.","Egyetlen pozíció sem használja ezt a csoportot.","Nessuna posizione usa questo gruppo.","Ninguna posición usa este grupo.","Aucune position n’utilise ce groupe.","沒有任何生成位置使用此群組。","このグループを使う出現位置はありません。","Nenhuma posição usa este grupo.","没有任何生成位置使用该组。"
"VSTR_XMLE_GRP_W_SHADOWED","An earlier group has the same name: the server uses that one and ignores this one.","An earlier group has the same name: the server uses that one and ignores this one.","Dřívější skupina má stejný název: server použije ji a tuto ignoruje.","Eine frühere Gruppe hat denselben Namen: Der Server nutzt jene und ignoriert diese.","Более ранняя группа имеет то же имя: сервер использует её, а эту игнорирует.","Wcześniejsza grupa ma tę samą nazwę: serwer używa tamtej i ignoruje tę.","Egy korábbi csoportnak ugyanez a neve: a szerver azt használja, ezt figyelmen kívül hagyja.","Un gruppo precedente ha lo stesso nome: il server usa quello e ignora questo.","Un grupo anterior tiene el mismo nombre: el servidor usa ese e ignora este.","Un groupe précédent porte le même nom : le serveur utilise celui-là et ignore celui-ci.","較早的群組同名：伺服器使用那一個並忽略此群組。","前にある同名のグループが使われ、このグループは無視されます。","Um grupo anterior tem o mesmo nome: o servidor usa esse e ignora este.","较早的组同名：服务器使用那一个并忽略该组。"
"VSTR_XMLE_GRP_W_NO_CHILD","No usable child: the server drops this group.","No usable child: the server drops this group.","Žádný použitelný potomek: server tuto skupinu zahodí.","Kein verwendbares Kind: Der Server verwirft diese Gruppe.","Нет пригодных объектов: сервер отбрасывает эту группу.","Brak użytecznego elementu: serwer odrzuca tę grupę.","Nincs használható gyermek: a szerver elveti ezt a csoportot.","Nessun figlio utilizzabile: il server scarta questo gruppo.","Ningún hijo utilizable: el servidor descarta este grupo.","Aucun enfant utilisable : le serveur abandonne ce groupe.","沒有可用的子物件：伺服器會捨棄此群組。","使える子がありません：サーバーはこのグループを破棄します。","Nenhum filho utilizável: o servidor descarta este grupo.","没有可用的子物体：服务器会丢弃该组。"
"VSTR_XMLE_GRP_W_CHILD_UNKNOWN","%1 is not a registered type: the server skips this child.","%1 is not a registered type: the server skips this child.","%1 není registrovaný typ: server tohoto potomka přeskočí.","%1 ist kein registrierter Typ: Der Server überspringt dieses Kind.","%1 не зарегистрированный тип: сервер пропускает этот объект.","%1 nie jest zarejestrowanym typem: serwer pomija ten element.","%1 nem regisztrált típus: a szerver kihagyja ezt a gyermeket.","%1 non è un tipo registrato: il server salta questo figlio.","%1 no es un tipo registrado: el servidor omite este hijo.","%1 n’est pas un type enregistré : le serveur ignore cet enfant.","%1 不是已註冊的類型：伺服器會略過此子物件。","%1 は登録済みのタイプではありません：サーバーはこの子をスキップします。","%1 não é um tipo registado: o servidor ignora este filho.","%1 不是已注册的类型：服务器会跳过该子物体。"
"VSTR_XMLE_GRP_W_IGNORED_BY","These events ignore groups on their positions: %1","These events ignore groups on their positions: %1","Tyto události skupiny na svých pozicích ignorují: %1","Diese Events ignorieren Gruppen an ihren Positionen: %1","Эти события игнорируют группы на своих позициях: %1","Te zdarzenia ignorują grupy na swoich pozycjach: %1","Ezek az események figyelmen kívül hagyják a pozícióikon lévő csoportokat: %1","Questi eventi ignorano i gruppi sulle loro posizioni: %1","Estos eventos ignoran los grupos de sus posiciones: %1","Ces événements ignorent les groupes sur leurs positions : %1","這些事件會忽略其位置上的群組：%1","次のイベントは位置のグループを無視します：%1","Estes eventos ignoram os grupos nas suas posições: %1","这些事件会忽略其位置上的组：%1"
"VSTR_XMLE_GRP_N_NO_Y","This child has no height: it spawns on the ground.","This child has no height: it spawns on the ground.","Tento potomek nemá výšku: objeví se na zemi.","Dieses Kind hat keine Höhe: Es erscheint auf dem Boden.","У этого объекта нет высоты: он появится на земле.","Ten element nie ma wysokości: pojawi się na ziemi.","Ennek a gyermeknek nincs magassága: a talajon jelenik meg.","Questo figlio non ha altezza: compare al suolo.","Este hijo no tiene altura: aparece en el suelo.","Cet enfant n’a pas de hauteur : il apparaît au sol.","此子物件沒有高度：會在地面生成。","この子には高さがありません：地面に出現します。","Este filho não tem altura: surge no chão.","该子物体没有高度：会在地面生成。"
"VSTR_XMLE_GRP_ERR_NAME","The group name is not valid (letters, digits and _ only).","The group name is not valid (letters, digits and _ only).","Název skupiny není platný (jen písmena, číslice a _).","Der Gruppenname ist ungültig (nur Buchstaben, Ziffern und _).","Недопустимое имя группы (только буквы, цифры и _).","Nazwa grupy jest nieprawidłowa (tylko litery, cyfry i _).","A csoport neve érvénytelen (csak betűk, számjegyek és _).","Il nome del gruppo non è valido (solo lettere, cifre e _).","El nombre del grupo no es válido (solo letras, dígitos y _).","Le nom du groupe n’est pas valide (lettres, chiffres et _ uniquement).","群組名稱無效（只能使用字母、數字與 _）。","グループ名が無効です（英字、数字、_ のみ）。","O nome do grupo não é válido (apenas letras, dígitos e _).","组名称无效（只能使用字母、数字和 _）。"
"VSTR_XMLE_GRP_ERR_NAME_TAKEN","Another group already has this name.","Another group already has this name.","Tento název už má jiná skupina.","Eine andere Gruppe hat diesen Namen bereits.","Другая группа уже носит это имя.","Inna grupa ma już tę nazwę.","Egy másik csoportnak már ez a neve.","Un altro gruppo ha già questo nome.","Otro grupo ya tiene este nombre.","Un autre groupe porte déjà ce nom.","已有其他群組使用此名稱。","別のグループがすでにこの名前を使っています。","Outro grupo já tem este nome.","已有其他组使用该名称。"
"VSTR_XMLE_GRP_ERR_NAME_TAKEN_FMT","A group named %1 already exists.","A group named %1 already exists.","Skupina s názvem %1 už existuje.","Eine Gruppe namens %1 existiert bereits.","Группа с именем %1 уже существует.","Grupa o nazwie %1 już istnieje.","Már létezik %1 nevű csoport.","Esiste già un gruppo chiamato %1.","Ya existe un grupo llamado %1.","Un groupe nommé %1 existe déjà.","名為 %1 的群組已存在。","%1 という名前のグループはすでに存在します。","Já existe um grupo chamado %1.","名为 %1 的组已存在。"
"VSTR_XMLE_GRP_ERR_TYPE","A child has no valid type name.","A child has no valid type name.","Potomek nemá platný název typu.","Ein Kind hat keinen gültigen Typnamen.","У объекта нет допустимого имени типа.","Element nie ma prawidłowej nazwy typu.","Egy gyermeknek nincs érvényes típusneve.","Un figlio non ha un nome di tipo valido.","Un hijo no tiene un nombre de tipo válido.","Un enfant n’a pas de nom de type valide.","有子物件沒有有效的類型名稱。","有効なタイプ名のない子があります。","Um filho não tem um nome de tipo válido.","有子物体没有有效的类型名称。"
"VSTR_XMLE_GRP_ERR_OFFSET","A child has an unreadable offset, angle or height (numbers only, x and z required).","A child has an unreadable offset, angle or height (numbers only, x and z required).","Potomek má nečitelný posun, úhel nebo výšku (jen čísla, x a z jsou povinné).","Ein Kind hat einen unlesbaren Versatz, Winkel oder eine unlesbare Höhe (nur Zahlen, x und z Pflicht).","У объекта нечитаемое смещение, угол или высота (только числа, x и z обязательны).","Element ma nieczytelne przesunięcie, kąt lub wysokość (tylko liczby, x i z wymagane).","Egy gyermek eltolása, szöge vagy magassága olvashatatlan (csak számok, x és z kötelező).","Un figlio ha offset, angolo o altezza illeggibili (solo numeri, x e z obbligatori).","Un hijo tiene un desplazamiento, ángulo o altura ilegible (solo números, x y z obligatorios).","Un enfant a un décalage, un angle ou une hauteur illisible (nombres uniquement, x et z requis).","有子物件的偏移、角度或高度無法讀取（只能是數字，x 與 z 必填）。","オフセット、角度、高さが読めない子があります（数字のみ、x と z は必須）。","Um filho tem deslocamento, ângulo ou altura ilegível (apenas números, x e z obrigatórios).","有子物体的偏移、角度或高度无法读取（只能是数字，x 和 z 必填）。"
"VSTR_XMLE_GRP_ERR_NUMBER","A child has an unreadable loot, deloot, spawnsecondary or trace value.","A child has an unreadable loot, deloot, spawnsecondary or trace value.","Potomek má nečitelnou hodnotu loot, deloot, spawnsecondary nebo trace.","Ein Kind hat einen unlesbaren Wert für loot, deloot, spawnsecondary oder trace.","У объекта нечитаемое значение loot, deloot, spawnsecondary или trace.","Element ma nieczytelną wartość loot, deloot, spawnsecondary lub trace.","Egy gyermek loot, deloot, spawnsecondary vagy trace értéke olvashatatlan.","Un figlio ha un valore loot, deloot, spawnsecondary o trace illeggibile.","Un hijo tiene un valor loot, deloot, spawnsecondary o trace ilegible.","Un enfant a une valeur loot, deloot, spawnsecondary ou trace illisible.","有子物件的 loot、deloot、spawnsecondary 或 trace 值無法讀取。","loot、deloot、spawnsecondary、trace の値が読めない子があります。","Um filho tem um valor loot, deloot, spawnsecondary ou trace ilegível.","有子物体的 loot、deloot、spawnsecondary 或 trace 值无法读取。"
"VSTR_XMLE_GRP_ERR_TOO_MANY","Too many children in one group (at most 300).","Too many children in one group (at most 300).","Příliš mnoho potomků v jedné skupině (nejvýše 300).","Zu viele Kinder in einer Gruppe (höchstens 300).","Слишком много объектов в одной группе (не более 300).","Za dużo elementów w jednej grupie (maksymalnie 300).","Túl sok gyermek egy csoportban (legfeljebb 300).","Troppi figli in un gruppo (al massimo 300).","Demasiados hijos en un grupo (como máximo 300).","Trop d’enfants dans un groupe (300 au maximum).","單一群組的子物件過多（最多 300 個）。","1 つのグループの子が多すぎます（最大 300）。","Demasiados filhos num grupo (no máximo 300).","单个组的子物体过多（最多 300 个）。"
"VSTR_XMLE_GRP_ERR_ROOT","cfgeventgroups.xml has no eventgroupdef root element.","cfgeventgroups.xml has no eventgroupdef root element.","cfgeventgroups.xml nemá kořenový prvek eventgroupdef.","cfgeventgroups.xml hat kein eventgroupdef-Wurzelelement.","В cfgeventgroups.xml нет корневого элемента eventgroupdef.","cfgeventgroups.xml nie ma elementu głównego eventgroupdef.","A cfgeventgroups.xml fájlnak nincs eventgroupdef gyökéreleme.","cfgeventgroups.xml non ha l’elemento radice eventgroupdef.","cfgeventgroups.xml no tiene el elemento raíz eventgroupdef.","cfgeventgroups.xml n’a pas d’élément racine eventgroupdef.","cfgeventgroups.xml 沒有 eventgroupdef 根元素。","cfgeventgroups.xml にルート要素 eventgroupdef がありません。","cfgeventgroups.xml não tem o elemento raiz eventgroupdef.","cfgeventgroups.xml 没有 eventgroupdef 根元素。"
"VSTR_XMLE_GRP_SAVED","Saved %1. The server reads the groups at the next restart.","Saved %1. The server reads the groups at the next restart.","%1 uloženo. Server skupiny načte při příštím restartu.","%1 gespeichert. Der Server liest die Gruppen beim nächsten Neustart.","%1 сохранён. Сервер прочитает группы при следующем перезапуске.","Zapisano %1. Serwer wczyta grupy przy następnym restarcie.","%1 mentve. A szerver a következő újraindításkor olvassa be a csoportokat.","%1 salvato. Il server legge i gruppi al prossimo riavvio.","%1 guardado. El servidor lee los grupos en el próximo reinicio.","%1 enregistré. Le serveur lit les groupes au prochain redémarrage.","已儲存 %1。伺服器會在下次重新啟動時讀取群組。","%1 を保存しました。サーバーは次回の再起動時にグループを読み込みます。","%1 guardado. O servidor lê os grupos no próximo reinício.","已保存 %1。服务器会在下次重启时读取组。"
"VSTR_XMLE_GRP_RENAMED_POS","%1 spawn position(s) now use %2.","%1 spawn position(s) now use %2.","%1 pozic nyní používá %2.","%1 Spawnposition(en) verwenden jetzt %2.","Позиций, теперь использующих %2: %1.","%1 pozycji używa teraz %2.","%1 pozíció most már a(z) %2 csoportot használja.","%1 posizioni ora usano %2.","%1 posición(es) usan ahora %2.","%1 position(s) utilisent maintenant %2.","%1 個生成位置現在使用 %2。","%1 か所の出現位置が %2 を使うようになりました。","%1 posição(ões) usam agora %2.","%1 个生成位置现在使用 %2。"
"VSTR_XMLE_GRP_DLG_ADD_TITLE","New group","New group","Nová skupina","Neue Gruppe","Новая группа","Nowa grupa","Új csoport","Nuovo gruppo","Nuevo grupo","Nouveau groupe","新群組","新しいグループ","Novo grupo","新组"
"VSTR_XMLE_GRP_DLG_ADD_BODY","Name of the new event group (letters, digits and _).","Name of the new event group (letters, digits and _).","Název nové skupiny události (písmena, číslice a _).","Name der neuen Eventgruppe (Buchstaben, Ziffern und _).","Имя новой группы события (буквы, цифры и _).","Nazwa nowej grupy zdarzenia (litery, cyfry i _).","Az új eseménycsoport neve (betűk, számjegyek és _).","Nome del nuovo gruppo evento (lettere, cifre e _).","Nombre del nuevo grupo de evento (letras, dígitos y _).","Nom du nouveau groupe d’événement (lettres, chiffres et _).","新事件群組的名稱（字母、數字與 _）。","新しいイベントグループの名前（英字、数字、_）。","Nome do novo grupo de evento (letras, dígitos e _).","新事件组的名称（字母、数字和 _）。"
"VSTR_XMLE_GRP_DLG_DUP_TITLE","Duplicate group","Duplicate group","Duplikovat skupinu","Gruppe duplizieren","Дублировать группу","Duplikuj grupę","Csoport másolása","Duplica gruppo","Duplicar grupo","Dupliquer le groupe","複製群組","グループを複製","Duplicar grupo","复制组"
"VSTR_XMLE_GRP_DLG_DUP_BODY","Name of the copy of %1.","Name of the copy of %1.","Název kopie skupiny %1.","Name der Kopie von %1.","Имя копии %1.","Nazwa kopii %1.","%1 másolatának neve.","Nome della copia di %1.","Nombre de la copia de %1.","Nom de la copie de %1.","%1 副本的名稱。","%1 のコピーの名前。","Nome da cópia de %1.","%1 副本的名称。"
"VSTR_XMLE_GRP_DLG_RENAME_TITLE","Rename group","Rename group","Přejmenovat skupinu","Gruppe umbenennen","Переименовать группу","Zmień nazwę grupy","Csoport átnevezése","Rinomina gruppo","Renombrar grupo","Renommer le groupe","重新命名群組","グループ名の変更","Renomear grupo","重命名组"
"VSTR_XMLE_GRP_DLG_RENAME_BODY","New name for %1. Spawn positions that use it are renamed too.","New name for %1. Spawn positions that use it are renamed too.","Nový název pro %1. Pozice, které ji používají, se přejmenují také.","Neuer Name für %1. Spawnpositionen, die sie verwenden, werden mit umbenannt.","Новое имя для %1. Позиции, которые её используют, тоже переименуются.","Nowa nazwa dla %1. Pozycje, które jej używają, też zostaną zmienione.","Új név ehhez: %1. Az ezt használó pozíciók is átneveződnek.","Nuovo nome per %1. Anche le posizioni che lo usano vengono rinominate.","Nuevo nombre para %1. Las posiciones que lo usan también se renombran.","Nouveau nom pour %1. Les positions qui l’utilisent sont renommées aussi.","%1 的新名稱。使用它的生成位置也會一併更名。","%1 の新しい名前。これを使う出現位置も一緒に変更されます。","Novo nome para %1. As posições que o usam também são renomeadas.","%1 的新名称。使用它的生成位置也会一起更名。"
"VSTR_XMLE_GRP_DLG_DELETE_TITLE","Delete group","Delete group","Smazat skupinu","Gruppe löschen","Удалить группу","Usuń grupę","Csoport törlése","Elimina gruppo","Eliminar grupo","Supprimer le groupe","刪除群組","グループの削除","Excluir grupo","删除组"
"VSTR_XMLE_GRP_DLG_DELETE_BODY","%1 is used by %2 spawn position(s). Delete it anyway? The server drops the group from those positions.","%1 is used by %2 spawn position(s). Delete it anyway? The server drops the group from those positions.","%1 používá %2 pozic. Přesto smazat? Server skupinu z těchto pozic vypustí.","%1 wird von %2 Spawnposition(en) verwendet. Trotzdem löschen? Der Server entfernt die Gruppe von diesen Positionen.","%1 используется на %2 позициях. Всё равно удалить? Сервер уберёт группу с этих позиций.","%1 jest używana przez %2 pozycji. Usunąć mimo to? Serwer usunie grupę z tych pozycji.","A(z) %1 csoportot %2 pozíció használja. Mégis törlöd? A szerver eltávolítja a csoportot ezekről a pozíciókról.","%1 è usato da %2 posizioni. Eliminarlo comunque? Il server rimuove il gruppo da quelle posizioni.","%1 lo usan %2 posición(es). ¿Eliminarlo igualmente? El servidor quita el grupo de esas posiciones.","%1 est utilisé par %2 position(s). Le supprimer quand même ? Le serveur retire le groupe de ces positions.","%1 被 %2 個生成位置使用。仍要刪除嗎？伺服器會從這些位置移除該群組。","%1 は %2 か所の出現位置で使われています。それでも削除しますか？サーバーはそれらの位置からグループを外します。","%1 é usado por %2 posição(ões). Excluir mesmo assim? O servidor remove o grupo dessas posições.","%1 被 %2 个生成位置使用。仍要删除吗？服务器会从这些位置移除该组。"
"VSTR_XMLE_GRP_DLG_SAVE_BODY","Save these changes? Backups are made first. The server reads them at the next restart.","Save these changes? Backups are made first. The server reads them at the next restart.","Uložit tyto změny? Nejdříve se vytvoří zálohy. Server je načte při příštím restartu.","Diese Änderungen speichern? Zuerst werden Sicherungen erstellt. Der Server liest sie beim nächsten Neustart.","Сохранить эти изменения? Сначала создаются резервные копии. Сервер прочитает их при следующем перезапуске.","Zapisać te zmiany? Najpierw tworzone są kopie zapasowe. Serwer wczyta je przy następnym restarcie.","Mented ezeket a módosításokat? Előbb biztonsági mentés készül. A szerver a következő újraindításkor olvassa be.","Salvare queste modifiche? Prima vengono creati i backup. Il server le legge al prossimo riavvio.","¿Guardar estos cambios? Primero se crean copias de seguridad. El servidor los lee en el próximo reinicio.","Enregistrer ces modifications ? Des sauvegardes sont faites d’abord. Le serveur les lit au prochain redémarrage.","要儲存這些變更嗎？會先建立備份。伺服器會在下次重新啟動時讀取。","これらの変更を保存しますか？先にバックアップが作成されます。サーバーは次回の再起動時に読み込みます。","Guardar estas alterações? Primeiro são criadas cópias de segurança. O servidor lê-as no próximo reinício.","要保存这些更改吗？会先创建备份。服务器会在下次重启时读取。"
"VSTR_XMLE_GRP_DLG_REVERT_BODY","Drop these unsaved changes and load the files again?","Drop these unsaved changes and load the files again?","Zahodit tyto neuložené změny a načíst soubory znovu?","Diese ungespeicherten Änderungen verwerfen und die Dateien neu laden?","Отменить эти несохранённые изменения и загрузить файлы заново?","Odrzucić te niezapisane zmiany i wczytać pliki ponownie?","Elveted ezeket a nem mentett módosításokat, és újra betöltöd a fájlokat?","Scartare queste modifiche non salvate e ricaricare i file?","¿Descartar estos cambios sin guardar y volver a cargar los archivos?","Abandonner ces modifications non enregistrées et recharger les fichiers ?","要捨棄這些未儲存的變更並重新載入檔案嗎？","これらの未保存の変更を破棄して、ファイルを読み込み直しますか？","Descartar estas alterações não guardadas e carregar os ficheiros de novo?","要放弃这些未保存的更改并重新加载文件吗？"
"VSTR_XMLE_GRP_DLG_LINE","%1: %2 change(s)","%1: %2 change(s)","%1: %2 změn","%1: %2 Änderung(en)","%1: изменений %2","%1: %2 zmian","%1: %2 módosítás","%1: %2 modifiche","%1: %2 cambio(s)","%1 : %2 modification(s)","%1：%2 項變更","%1：%2 件の変更","%1: %2 alteração(ões)","%1：%2 项更改"
"VSTR_XMLE_GRP_EDIT_NEW","%1 (new)","%1 (new)","%1 (nová)","%1 (neu)","%1 (новая)","%1 (nowa)","%1 (új)","%1 (nuovo)","%1 (nuevo)","%1 (nouveau)","%1（新）","%1（新規）","%1 (novo)","%1（新）"
"VSTR_XMLE_GRP_ERR_RENAME_SPAWNS","Spawn positions use %1, but cfgeventspawns.xml cannot be edited now, so they could not follow the new name. Rename refused.","Spawn positions use %1, but cfgeventspawns.xml cannot be edited now, so they could not follow the new name. Rename refused.","Pozice používají %1, ale cfgeventspawns.xml teď nelze upravit, takže by nový název nepřevzaly. Přejmenování odmítnuto.","Spawnpositionen verwenden %1, aber cfgeventspawns.xml kann gerade nicht bearbeitet werden, sie könnten dem neuen Namen nicht folgen. Umbenennen abgelehnt.","Позиции используют %1, но cfgeventspawns.xml сейчас нельзя изменить, поэтому они не получат новое имя. Переименование отклонено.","Pozycje używają %1, ale cfgeventspawns.xml nie można teraz edytować, więc nie przejęłyby nowej nazwy. Zmiana nazwy odrzucona.","Pozíciók használják: %1, de a cfgeventspawns.xml most nem szerkeszthető, így nem követnék az új nevet. Átnevezés elutasítva.","Delle posizioni usano %1, ma cfgeventspawns.xml ora non è modificabile, quindi non seguirebbero il nuovo nome. Rinomina rifiutata.","Hay posiciones que usan %1, pero cfgeventspawns.xml no se puede editar ahora, así que no seguirían el nuevo nombre. Cambio de nombre rechazado.","Des positions utilisent %1, mais cfgeventspawns.xml ne peut pas être modifié maintenant : elles ne suivraient pas le nouveau nom. Renommage refusé.","有生成位置使用 %1，但目前無法編輯 cfgeventspawns.xml，這些位置無法跟著改名。已拒絕重新命名。","%1 を使う出現位置がありますが、今は cfgeventspawns.xml を編集できないため新しい名前に追従できません。名前の変更を中止しました。","Há posições que usam %1, mas cfgeventspawns.xml não pode ser editado agora, por isso não seguiriam o novo nome. Renomeação recusada.","有生成位置使用 %1，但目前无法编辑 cfgeventspawns.xml，这些位置无法跟随改名。已拒绝重命名。"
"VSTR_XMLE_GRP_PICK_EVENT","Select an event on the left: this view lists the groups its spawn positions use.","Select an event on the left: this view lists the groups its spawn positions use.","Vyberte vlevo událost: toto zobrazení ukazuje skupiny, které používají její pozice.","Wähle links ein Event: Diese Ansicht listet die Gruppen, die seine Spawnpositionen verwenden.","Выберите событие слева: здесь показаны группы, которые используют его позиции.","Wybierz zdarzenie po lewej: ten widok pokazuje grupy używane przez jego pozycje.","Válassz eseményt bal oldalt: ez a nézet a pozíciói által használt csoportokat mutatja.","Seleziona un evento a sinistra: questa vista elenca i gruppi usati dalle sue posizioni.","Selecciona un evento a la izquierda: esta vista muestra los grupos que usan sus posiciones.","Sélectionnez un événement à gauche : cette vue liste les groupes utilisés par ses positions.","請在左側選擇一個事件：此檢視會列出其生成位置使用的群組。","左でイベントを選んでください：その出現位置が使うグループを表示します。","Selecione um evento à esquerda: esta vista lista os grupos usados pelas suas posições.","请在左侧选择一个事件：此视图会列出其生成位置使用的组。"
"VSTR_XMLE_GRP_NONE_FOR_EVENT","No spawn position of %1 uses a group. Add one here, then set it as the group of a position in SPAWNS.","No spawn position of %1 uses a group. Add one here, then set it as the group of a position in SPAWNS.","Žádná pozice události %1 nepoužívá skupinu. Přidejte ji zde a pak ji nastavte jako skupinu pozice v POZICE.","Keine Spawnposition von %1 verwendet eine Gruppe. Füge hier eine hinzu und setze sie dann in SPAWNS als Gruppe einer Position.","Ни одна позиция %1 не использует группу. Добавьте её здесь, затем укажите её как группу позиции в ПОЗИЦИЯХ.","Żadna pozycja %1 nie używa grupy. Dodaj ją tutaj, a potem ustaw jako grupę pozycji w POZYCJACH.","A(z) %1 egyetlen pozíciója sem használ csoportot. Adj hozzá egyet itt, majd állítsd be egy pozíció csoportjaként a POZÍCIÓK nézetben.","Nessuna posizione di %1 usa un gruppo. Aggiungine uno qui, poi impostalo come gruppo di una posizione in POSIZIONI.","Ninguna posición de %1 usa un grupo. Añade uno aquí y luego asígnalo como grupo de una posición en POSICIONES.","Aucune position de %1 n’utilise de groupe. Ajoutez-en un ici, puis définissez-le comme groupe d’une position dans POSITIONS.","%1 沒有任何生成位置使用群組。請在此新增，再到「生成點」中設為某個位置的群組。","%1 の出現位置はグループを使っていません。ここで追加し、出現位置表示で位置のグループに設定してください。","Nenhuma posição de %1 usa um grupo. Adicione um aqui e depois defina-o como grupo de uma posição em POSIÇÕES.","%1 没有任何生成位置使用组。请在此添加，再到“生成点”中设为某个位置的组。"
"VSTR_XMLE_GRP_W_NOT_THIS_EVENT","No position of %1 uses this group yet: set it as the group of a position in SPAWNS, or it leaves this list after saving.","No position of %1 uses this group yet: set it as the group of a position in SPAWNS, or it leaves this list after saving.","Žádná pozice %1 tuto skupinu zatím nepoužívá: nastavte ji jako skupinu pozice v POZICE, jinak po uložení z tohoto seznamu zmizí.","Noch keine Position von %1 verwendet diese Gruppe: Setze sie in SPAWNS als Gruppe einer Position, sonst verschwindet sie nach dem Speichern aus dieser Liste.","Ни одна позиция %1 пока не использует эту группу: укажите её как группу позиции в ПОЗИЦИЯХ, иначе после сохранения она пропадёт из этого списка.","Żadna pozycja %1 nie używa jeszcze tej grupy: ustaw ją jako grupę pozycji w POZYCJACH, inaczej po zapisie zniknie z tej listy.","A(z) %1 egyetlen pozíciója sem használja még ezt a csoportot: állítsd be egy pozíció csoportjaként a POZÍCIÓK nézetben, különben mentés után eltűnik a listából.","Nessuna posizione di %1 usa ancora questo gruppo: impostalo come gruppo di una posizione in POSIZIONI, o sparirà da questa lista dopo il salvataggio.","Ninguna posición de %1 usa aún este grupo: asígnalo como grupo de una posición en POSICIONES o saldrá de esta lista al guardar.","Aucune position de %1 n’utilise encore ce groupe : définissez-le comme groupe d’une position dans POSITIONS, sinon il quittera cette liste après l’enregistrement.","%1 尚無任何位置使用此群組：請在「生成點」中設為某個位置的群組，否則儲存後它會從此清單消失。","%1 の位置はまだこのグループを使っていません：出現位置表示で位置のグループに設定しないと、保存後この一覧から消えます。","Nenhuma posição de %1 usa ainda este grupo: defina-o como grupo de uma posição em POSIÇÕES, ou sai desta lista depois de guardar.","%1 尚无任何位置使用该组：请在“生成点”中设为某个位置的组，否则保存后它会从此列表消失。"
"VSTR_OB_NO_XML_PERM","You need the XML Editor permission to send builds to event groups.","You need the XML Editor permission to send builds to event groups.","K odesílání staveb do skupin událostí potřebujete oprávnění XML editoru.","Du brauchst die XML-Editor-Berechtigung, um Bauten an Eventgruppen zu senden.","Чтобы отправлять постройки в группы событий, нужно разрешение XML-редактора.","Aby wysyłać budowy do grup zdarzeń, potrzebujesz uprawnienia edytora XML.","Az építések eseménycsoportokba küldéséhez XML-szerkesztő jogosultság kell.","Serve il permesso dell’editor XML per inviare costruzioni ai gruppi evento.","Necesitas el permiso del editor XML para enviar construcciones a grupos de evento.","Il faut la permission de l’éditeur XML pour envoyer des constructions aux groupes d’événements.","需要 XML 編輯器權限才能把建造傳回事件群組。","建築をイベントグループへ送るには XML エディターの権限が必要です。","Precisa da permissão do editor XML para enviar construções para grupos de evento.","需要 XML 编辑器权限才能把建造发回事件组。"
"VSTR_XMLE_BLD_ERR_READONLY","cfgeventgroups.xml or cfgeventspawns.xml cannot be edited now (permission, read-only file or a save running).","cfgeventgroups.xml or cfgeventspawns.xml cannot be edited now (permission, read-only file or a save running).","cfgeventgroups.xml nebo cfgeventspawns.xml teď nelze upravit (oprávnění, soubor jen pro čtení nebo probíhající ukládání).","cfgeventgroups.xml oder cfgeventspawns.xml kann gerade nicht bearbeitet werden (Berechtigung, schreibgeschützt oder Speichern läuft).","cfgeventgroups.xml или cfgeventspawns.xml сейчас нельзя изменить (права, файл только для чтения или идёт сохранение).","cfgeventgroups.xml lub cfgeventspawns.xml nie można teraz edytować (uprawnienia, plik tylko do odczytu lub trwa zapis).","A cfgeventgroups.xml vagy a cfgeventspawns.xml most nem szerkeszthető (jogosultság, csak olvasható fájl vagy folyamatban lévő mentés).","cfgeventgroups.xml o cfgeventspawns.xml non è modificabile ora (permesso, file in sola lettura o salvataggio in corso).","cfgeventgroups.xml o cfgeventspawns.xml no se puede editar ahora (permiso, archivo de solo lectura o guardado en curso).","cfgeventgroups.xml ou cfgeventspawns.xml ne peut pas être modifié maintenant (permission, fichier en lecture seule ou enregistrement en cours).","目前無法編輯 cfgeventgroups.xml 或 cfgeventspawns.xml（權限、唯讀檔案或正在儲存）。","今は cfgeventgroups.xml または cfgeventspawns.xml を編集できません（権限、読み取り専用、または保存中）。","cfgeventgroups.xml ou cfgeventspawns.xml não pode ser editado agora (permissão, ficheiro só de leitura ou gravação em curso).","目前无法编辑 cfgeventgroups.xml 或 cfgeventspawns.xml（权限、只读文件或正在保存）。"
"VSTR_XMLE_BLD_ERR_BUSY","A dialog is open in the XML Editor: close it, then press SEND TO EVENT GROUP again.","A dialog is open in the XML Editor: close it, then press SEND TO EVENT GROUP again.","V XML editoru je otevřený dialog: zavřete ho a pak znovu stiskněte ODESLAT DO SKUPINY UDÁLOSTI.","Im XML-Editor ist ein Dialog offen: schließe ihn und drücke dann erneut AN EVENTGRUPPE SENDEN.","В XML-редакторе открыт диалог: закройте его и снова нажмите ОТПРАВИТЬ В ГРУППУ СОБЫТИЯ.","W edytorze XML jest otwarte okno dialogowe: zamknij je i ponownie naciśnij WYŚLIJ DO GRUPY ZDARZENIA.","Az XML-szerkesztőben egy párbeszédablak van nyitva: zárd be, majd nyomd meg újra a KÜLDÉS AZ ESEMÉNYCSOPORTBA gombot.","Nell’editor XML è aperta una finestra di dialogo: chiudila, poi premi di nuovo INVIA AL GRUPPO EVENTO.","Hay un diálogo abierto en el editor XML: ciérralo y pulsa de nuevo ENVIAR AL GRUPO DE EVENTO.","Une boîte de dialogue est ouverte dans l’éditeur XML : fermez-la, puis appuyez de nouveau sur ENVOYER AU GROUPE.","XML 編輯器中有對話框開著：請關閉後再按一次「傳回事件群組」。","XML エディターでダイアログが開いています：閉じてから、もう一度「イベントグループへ送る」を押してください。","Há uma caixa de diálogo aberta no editor XML: feche-a e prima novamente ENVIAR PARA O GRUPO DE EVENTO.","XML 编辑器中有对话框打开：请关闭后再点击一次“发回事件组”。"
"VSTR_XMLE_BLD_ERR_NOT_LOADED","The events data is still loading in the XML Editor: press SEND TO EVENT GROUP again in a moment.","The events data is still loading in the XML Editor: press SEND TO EVENT GROUP again in a moment.","Data událostí se v XML editoru ještě načítají: za chvíli znovu stiskněte ODESLAT DO SKUPINY UDÁLOSTI.","Die Eventdaten werden im XML-Editor noch geladen: drücke gleich erneut AN EVENTGRUPPE SENDEN.","Данные событий в XML-редакторе ещё загружаются: чуть позже снова нажмите ОТПРАВИТЬ В ГРУППУ СОБЫТИЯ.","Dane zdarzeń w edytorze XML wciąż się wczytują: za chwilę ponownie naciśnij WYŚLIJ DO GRUPY ZDARZENIA.","Az eseményadatok még töltődnek az XML-szerkesztőben: kicsit később nyomd meg újra a KÜLDÉS AZ ESEMÉNYCSOPORTBA gombot.","I dati degli eventi si stanno ancora caricando nell’editor XML: tra poco premi di nuovo INVIA AL GRUPPO EVENTO.","Los datos de eventos aún se están cargando en el editor XML: pulsa de nuevo ENVIAR AL GRUPO DE EVENTO en un momento.","Les données des événements se chargent encore dans l’éditeur XML : appuyez de nouveau sur ENVOYER AU GROUPE dans un instant.","XML 編輯器仍在載入事件資料：請稍後再按一次「傳回事件群組」。","XML エディターでイベントデータを読み込み中です：少し待ってから、もう一度「イベントグループへ送る」を押してください。","Os dados dos eventos ainda estão a carregar no editor XML: daqui a pouco prima novamente ENVIAR PARA O GRUPO DE EVENTO.","XML 编辑器仍在加载事件数据：请稍后再点击一次“发回事件组”。"
"VSTR_XMLE_GRP_BTN_BUILDER","Edit in builder","Edit in builder","Upravit ve stavitelském nástroji","Im Baueditor bearbeiten","Изменить в конструкторе","Edytuj w kreatorze","Szerkesztés az építőben","Modifica nel costruttore","Editar en el constructor","Modifier dans le constructeur","在建造器中編輯","ビルダーで編集","Editar no construtor","在建造器中编辑"
"VSTR_XMLE_GRP_TIP_BUILDER","Lays the group out at the preview position in the Object Manager as local objects (only you see them, nothing is saved on the server) to move, add or delete them. There, SEND TO EVENT GROUP brings the changes back here (unsaved). A group without objects opens empty: build a new group that way.","Lays the group out at the preview position in the Object Manager as local objects (only you see them, nothing is saved on the server) to move, add or delete them. There, SEND TO EVENT GROUP brings the changes back here (unsaved). A group without objects opens empty: build a new group that way.","Rozloží skupinu na pozici náhledu ve Správci objektů jako místní objekty (vidíte je jen vy, na serveru se nic neukládá), abyste je mohli přesouvat, přidávat či mazat. Tam ODESLAT DO SKUPINY UDÁLOSTI vrátí změny sem (neuložené). Skupina bez objektů se otevře prázdná: takto postavíte novou skupinu.","Legt die Gruppe an der Vorschauposition im Objektmanager als lokale Objekte aus (nur du siehst sie, auf dem Server wird nichts gespeichert), um sie zu bewegen, hinzuzufügen oder zu löschen. Dort bringt AN EVENTGRUPPE SENDEN die Änderungen hierher zurück (ungespeichert). Eine Gruppe ohne Objekte öffnet leer: so baust du eine neue Gruppe.","Раскладывает группу в позиции предпросмотра в менеджере объектов как локальные объекты (видите только вы, на сервере ничего не сохраняется), чтобы двигать, добавлять и удалять их. Там ОТПРАВИТЬ В ГРУППУ СОБЫТИЯ вернёт изменения сюда (без сохранения). Группа без объектов открывается пустой: так строится новая группа.","Rozkłada grupę w pozycji podglądu w Menedżerze obiektów jako obiekty lokalne (widzisz je tylko ty, nic nie jest zapisywane na serwerze), aby je przesuwać, dodawać i usuwać. Tam WYŚLIJ DO GRUPY ZDARZENIA przenosi zmiany tutaj (niezapisane). Grupa bez obiektów otwiera się pusta: tak budujesz nową grupę.","A Tárgykezelőben helyi tárgyakként rakja ki a csoportot az előnézeti pozíción (csak te látod, a szerveren semmi sem mentődik), hogy mozgathasd, hozzáadhasd vagy törölhesd őket. Ott a KÜLDÉS AZ ESEMÉNYCSOPORTBA visszahozza ide a módosításokat (mentés nélkül). Tárgyak nélküli csoport üresen nyílik meg: így építhetsz új csoportot.","Dispone il gruppo nella posizione di anteprima nell’Object Manager come oggetti locali (li vedi solo tu, nulla viene salvato sul server) per spostarli, aggiungerli o eliminarli. Lì INVIA AL GRUPPO EVENTO riporta qui le modifiche (non salvate). Un gruppo senza oggetti si apre vuoto: così si costruisce un nuovo gruppo.","Coloca el grupo en la posición de vista previa en el Object Manager como objetos locales (solo tú los ves, no se guarda nada en el servidor) para moverlos, añadirlos o borrarlos. Allí ENVIAR AL GRUPO DE EVENTO trae los cambios aquí (sin guardar). Un grupo sin objetos se abre vacío: así se construye un grupo nuevo.","Dispose le groupe à la position d’aperçu dans l’Object Manager sous forme d’objets locaux (vous seul les voyez, rien n’est enregistré sur le serveur) pour les déplacer, ajouter ou supprimer. Là, ENVOYER AU GROUPE ramène les modifications ici (non enregistrées). Un groupe sans objets s’ouvre vide : c’est ainsi qu’on construit un nouveau groupe.","在物件管理員中於預覽位置以本地物件擺出群組（僅你可見，伺服器上不會儲存任何內容），以便移動、新增或刪除物件。在那裡按「傳回事件群組」即可把變更帶回這裡（未儲存）。沒有物件的群組會以空白開啟：以此方式建立新群組。","オブジェクトマネージャーでプレビュー位置にグループをローカルオブジェクトとして配置し（あなただけに表示、サーバーには何も保存されません）、移動・追加・削除できるようにします。そこで「イベントグループへ送る」を押すと変更がここに戻ります（未保存）。オブジェクトのないグループは空で開きます：新しいグループはこうして作ります。","Dispõe o grupo na posição de pré-visualização no Object Manager como objetos locais (só você os vê, nada é guardado no servidor) para os mover, adicionar ou apagar. Lá, ENVIAR PARA O GRUPO DE EVENTO traz as alterações para aqui (não guardadas). Um grupo sem objetos abre vazio: é assim que se constrói um grupo novo.","在物体管理器中于预览位置以本地物体摆出组（仅你可见，服务器上不会保存任何内容），以便移动、添加或删除物体。在那里点击“发回事件组”即可把更改带回这里（未保存）。没有物体的组会以空白打开：以此方式建立新组。"
"VSTR_XMLE_GRP_DLG_BUILDER_TITLE","Edit in builder","Edit in builder","Upravit ve stavitelském nástroji","Im Baueditor bearbeiten","Изменить в конструкторе","Edytuj w kreatorze","Szerkesztés az építőben","Modifica nel costruttore","Editar en el constructor","Modifier dans le constructeur","在建造器中編輯","ビルダーで編集","Editar no construtor","在建造器中编辑"
"VSTR_XMLE_GRP_DLG_BUILDER_BODY","Lay out the %2 object(s) of %1 at %3 in the Object Manager? They are local: only you see them and nothing is saved on the server. Send them back with SEND TO EVENT GROUP, then SAVE here.","Lay out the %2 object(s) of %1 at %3 in the Object Manager? They are local: only you see them and nothing is saved on the server. Send them back with SEND TO EVENT GROUP, then SAVE here.","Rozložit %2 objektů skupiny %1 na %3 ve Správci objektů? Jsou místní: vidíte je jen vy a na serveru se nic neukládá. Vraťte je tlačítkem ODESLAT DO SKUPINY UDÁLOSTI a pak zde ULOŽTE.","Die %2 Objekte von %1 bei %3 im Objektmanager auslegen? Sie sind lokal: nur du siehst sie, auf dem Server wird nichts gespeichert. Schicke sie mit AN EVENTGRUPPE SENDEN zurück und SPEICHERE dann hier.","Разложить объекты группы %1 (%2) в %3 в менеджере объектов? Они локальные: их видите только вы, на сервере ничего не сохраняется. Верните их кнопкой ОТПРАВИТЬ В ГРУППУ СОБЫТИЯ, затем СОХРАНИТЕ здесь.","Rozłożyć %2 obiektów grupy %1 w %3 w Menedżerze obiektów? Są lokalne: widzisz je tylko ty i nic nie jest zapisywane na serwerze. Odeślij je przyciskiem WYŚLIJ DO GRUPY ZDARZENIA, a potem ZAPISZ tutaj.","Kirakod %1 %2 tárgyát itt: %3 a Tárgykezelőben? Helyiek: csak te látod őket, és a szerveren semmi sem mentődik. Küldd vissza őket a KÜLDÉS AZ ESEMÉNYCSOPORTBA gombbal, majd MENTSD itt.","Disporre i %2 oggetti di %1 in %3 nell’Object Manager? Sono locali: li vedi solo tu e nulla viene salvato sul server. Rimandali con INVIA AL GRUPPO EVENTO, poi SALVA qui.","¿Colocar los %2 objeto(s) de %1 en %3 en el Object Manager? Son locales: solo tú los ves y no se guarda nada en el servidor. Devuélvelos con ENVIAR AL GRUPO DE EVENTO y luego GUARDA aquí.","Disposer les %2 objet(s) de %1 à %3 dans l’Object Manager ? Ils sont locaux : vous seul les voyez et rien n’est enregistré sur le serveur. Renvoyez-les avec ENVOYER AU GROUPE, puis ENREGISTREZ ici.","要在物件管理員中於 %3 擺出 %1 的 %2 個物件嗎？它們是本地物件：僅你可見，伺服器上不會儲存任何內容。用「傳回事件群組」送回後，再在這裡儲存。","オブジェクトマネージャーで %1 の %2 個のオブジェクトを %3 に配置しますか？ローカルです：あなただけに表示され、サーバーには何も保存されません。「イベントグループへ送る」で戻してから、ここで保存してください。","Dispor os %2 objeto(s) de %1 em %3 no Object Manager? São locais: só você os vê e nada é guardado no servidor. Devolva-os com ENVIAR PARA O GRUPO DE EVENTO e depois GUARDE aqui.","要在物体管理器中于 %3 摆出 %1 的 %2 个物体吗？它们是本地物体：仅你可见，服务器上不会保存任何内容。用“发回事件组”发回后，再在这里保存。"
"VSTR_XMLE_BLD_RETURNED","Group %1 updated from the builder: %2 changed, %3 added, %4 removed. Review it, then SAVE.","Group %1 updated from the builder: %2 changed, %3 added, %4 removed. Review it, then SAVE.","Skupina %1 aktualizována ze stavitelského nástroje: %2 změněno, %3 přidáno, %4 odebráno. Zkontrolujte a pak ULOŽTE.","Gruppe %1 aus dem Baueditor aktualisiert: %2 geändert, %3 hinzugefügt, %4 entfernt. Prüfen, dann SPEICHERN.","Группа %1 обновлена из конструктора: изменено %2, добавлено %3, удалено %4. Проверьте и СОХРАНИТЕ.","Grupa %1 zaktualizowana z kreatora: zmieniono %2, dodano %3, usunięto %4. Sprawdź i ZAPISZ.","A(z) %1 csoport frissítve az építőből: %2 módosítva, %3 hozzáadva, %4 törölve. Ellenőrizd, majd MENTSD.","Gruppo %1 aggiornato dal costruttore: %2 modificati, %3 aggiunti, %4 rimossi. Controllalo, poi SALVA.","Grupo %1 actualizado desde el constructor: %2 cambiados, %3 añadidos, %4 quitados. Revísalo y luego GUARDA.","Groupe %1 mis à jour depuis le constructeur : %2 modifiés, %3 ajoutés, %4 retirés. Vérifiez-le, puis ENREGISTREZ.","已從建造器更新群組 %1：變更 %2、新增 %3、移除 %4。檢查後請儲存。","ビルダーからグループ %1 を更新しました：変更 %2、追加 %3、削除 %4。確認してから保存してください。","Grupo %1 atualizado a partir do construtor: %2 alterados, %3 adicionados, %4 removidos. Reveja-o e depois GUARDE.","已从建造器更新组 %1：更改 %2、添加 %3、移除 %4。检查后请保存。"
"VSTR_XMLE_BLD_ERR_NO_OM_PERM","You need the Object Manager permission to edit groups in the builder.","You need the Object Manager permission to edit groups in the builder.","K úpravám skupin ve stavitelském nástroji potřebujete oprávnění Správce objektů.","Zum Bearbeiten von Gruppen im Baueditor brauchst du die Objektmanager-Berechtigung.","Для изменения групп в конструкторе нужно право на менеджер объектов.","Do edycji grup w kreatorze potrzebne jest uprawnienie Menedżera obiektów.","A csoportok építőben való szerkesztéséhez Tárgykezelő jogosultság kell.","Serve il permesso Object Manager per modificare i gruppi nel costruttore.","Necesitas el permiso de Object Manager para editar grupos en el constructor.","Il faut la permission Object Manager pour modifier les groupes dans le constructeur.","在建造器中編輯群組需要物件管理員權限。","ビルダーでグループを編集するにはオブジェクトマネージャーの権限が必要です。","Precisa da permissão Object Manager para editar grupos no construtor.","在建造器中编辑组需要物体管理器权限。"
"VSTR_XMLE_BLD_ERR_GROUP_GONE","Group %1 is no longer in cfgeventgroups.xml (renamed or removed): nothing was changed.","Group %1 is no longer in cfgeventgroups.xml (renamed or removed): nothing was changed.","Skupina %1 už v cfgeventgroups.xml není (přejmenována nebo odebrána): nic se nezměnilo.","Gruppe %1 ist nicht mehr in cfgeventgroups.xml (umbenannt oder entfernt): nichts geändert.","Группы %1 больше нет в cfgeventgroups.xml (переименована или удалена): ничего не изменено.","Grupy %1 nie ma już w cfgeventgroups.xml (zmieniona nazwa lub usunięta): nic nie zmieniono.","A(z) %1 csoport már nincs a cfgeventgroups.xml-ben (átnevezve vagy törölve): semmi sem változott.","Il gruppo %1 non è più in cfgeventgroups.xml (rinominato o rimosso): nulla è stato modificato.","El grupo %1 ya no está en cfgeventgroups.xml (renombrado o quitado): no se cambió nada.","Le groupe %1 n’est plus dans cfgeventgroups.xml (renommé ou retiré) : rien n’a été modifié.","群組 %1 已不在 cfgeventgroups.xml 中（已更名或移除）：未做任何變更。","グループ %1 は cfgeventgroups.xml にもうありません（名前変更か削除）：何も変更していません。","O grupo %1 já não está em cfgeventgroups.xml (renomeado ou removido): nada foi alterado.","组 %1 已不在 cfgeventgroups.xml 中（已更名或移除）：未做任何更改。"
"VSTR_OB_BTN_SEND_GROUP","SEND TO EVENT GROUP","SEND TO EVENT GROUP","ODESLAT DO SKUPINY UDÁLOSTI","AN EVENTGRUPPE SENDEN","ОТПРАВИТЬ В ГРУППУ СОБЫТИЯ","WYŚLIJ DO GRUPY ZDARZENIA","KÜLDÉS AZ ESEMÉNYCSOPORTBA","INVIA AL GRUPPO EVENTO","ENVIAR AL GRUPO DE EVENTO","ENVOYER AU GROUPE","傳回事件群組","イベントグループへ送る","ENVIAR PARA O GRUPO DE EVENTO","发回事件组"
"VSTR_XMLE_BLD_ERR_TOO_BIG","At most %1 objects can go to the builder at once.","At most %1 objects can go to the builder at once.","Do stavitelského nástroje lze najednou poslat nejvýše %1 objektů.","Höchstens %1 Objekte können auf einmal in den Baueditor.","В конструктор за раз можно отправить не более %1 объектов.","Do kreatora można wysłać naraz najwyżej %1 obiektów.","Egyszerre legfeljebb %1 tárgy küldhető az építőbe.","Al massimo %1 oggetti possono andare nel costruttore alla volta.","Como máximo %1 objetos pueden ir al constructor a la vez.","Au plus %1 objets peuvent aller dans le constructeur à la fois.","一次最多只能將 %1 個物件送到建造器。","一度にビルダーへ送れるオブジェクトは最大 %1 個です。","No máximo %1 objetos podem ir para o construtor de uma vez.","一次最多只能将 %1 个物体送到建造器。"
"VSTR_OB_BTN_DISCARD_BUILD","DISCARD BUILD","DISCARD BUILD","ZAHODIT STAVBU","BAU VERWERFEN","ОТМЕНИТЬ ПОСТРОЙКУ","ODRZUĆ BUDOWĘ","ÉPÍTÉS ELVETÉSE","SCARTA COSTRUZIONE","DESCARTAR CONSTRUCCIÓN","ABANDONNER LA CONSTRUCTION","捨棄建造","建築を破棄","DESCARTAR CONSTRUÇÃO","放弃建造"
"VSTR_OB_EVENT_BUILD_BUSY","An event group build is open: send it to its group or discard it first.","An event group build is open: send it to its group or discard it first.","Je otevřená stavba skupiny události: nejdřív ji odešlete do skupiny, nebo ji zahoďte.","Ein Eventgruppen-Bau ist offen: zuerst an die Gruppe senden oder verwerfen.","Открыта постройка группы события: сначала отправьте её в группу или отмените.","Otwarta jest budowa grupy zdarzenia: najpierw wyślij ją do grupy lub ją odrzuć.","Egy eseménycsoport-építés nyitva van: előbb küldd el a csoportba, vagy vesd el.","È aperta la costruzione di un gruppo evento: prima inviala al gruppo o scartala.","Hay abierta una construcción de grupo de evento: envíala a su grupo o descártala primero.","Une construction de groupe d’événement est ouverte : envoyez-la à son groupe ou abandonnez-la d’abord.","有一個事件群組建造正在進行：請先將它傳回群組或捨棄。","イベントグループの建築が開いています：先にグループへ送るか破棄してください。","Há uma construção de grupo de evento aberta: envie-a para o grupo ou descarte-a primeiro.","有一个事件组建造正在进行：请先将它发回组或放弃。"
"VSTR_OB_EVENT_BUILD_DISCARD_TITLE","Discard build","Discard build","Zahodit stavbu","Bau verwerfen","Отменить постройку","Odrzuć budowę","Építés elvetése","Scarta costruzione","Descartar construcción","Abandonner la construction","捨棄建造","建築を破棄","Descartar construção","放弃建造"
"VSTR_OB_EVENT_BUILD_DISCARD_BODY","Discard the local build of %1? Its objects are removed; the group stays as it is in the XML Editor.","Discard the local build of %1? Its objects are removed; the group stays as it is in the XML Editor.","Zahodit místní stavbu %1? Její objekty se odstraní; skupina zůstane v XML editoru beze změny.","Den lokalen Bau von %1 verwerfen? Seine Objekte werden entfernt; die Gruppe bleibt im XML-Editor unverändert.","Отменить локальную постройку %1? Её объекты будут удалены; группа в XML-редакторе останется без изменений.","Odrzucić lokalną budowę %1? Jej obiekty zostaną usunięte; grupa w edytorze XML pozostanie bez zmian.","Elveted %1 helyi építését? A tárgyai törlődnek; a csoport változatlan marad az XML-szerkesztőben.","Scartare la costruzione locale di %1? I suoi oggetti vengono rimossi; il gruppo resta com’è nell’editor XML.","¿Descartar la construcción local de %1? Sus objetos se eliminan; el grupo queda como está en el editor XML.","Abandonner la construction locale de %1 ? Ses objets sont supprimés ; le groupe reste inchangé dans l’éditeur XML.","要捨棄 %1 的本地建造嗎？其物件會被移除；XML 編輯器中的群組保持不變。","%1 のローカル建築を破棄しますか？そのオブジェクトは削除され、XML エディターのグループはそのままです。","Descartar a construção local de %1? Os seus objetos são removidos; o grupo fica como está no editor XML.","要放弃 %1 的本地建造吗？其物体会被移除；XML 编辑器中的组保持不变。"
"VSTR_OB_EVENT_BUILD_DROPPED","The local build of %1 was discarded: a building set was opened.","The local build of %1 was discarded: a building set was opened.","Místní stavba %1 byla zahozena: byla otevřena stavební sada.","Der lokale Bau von %1 wurde verworfen: ein Bauset wurde geöffnet.","Локальная постройка %1 отменена: был открыт набор построек.","Lokalna budowa %1 została odrzucona: otwarto zestaw budowli.","%1 helyi építése elvetve: megnyitottál egy építménykészletet.","La costruzione locale di %1 è stata scartata: è stato aperto un set di costruzioni.","La construcción local de %1 se descartó: se abrió un conjunto de construcciones.","La construction locale de %1 a été abandonnée : un ensemble de bâtiments a été ouvert.","%1 的本地建造已捨棄：已開啟一個建築組合。","%1 のローカル建築を破棄しました：建築セットが開かれました。","A construção local de %1 foi descartada: foi aberto um conjunto de construções.","%1 的本地建造已放弃：已打开一个建筑组合。"
"VSTR_OB_EVENT_BUILD_NOTIFY_TITLE","Event group build","Event group build","Stavba skupiny události","Eventgruppen-Bau","Постройка группы события","Budowa grupy zdarzenia","Eseménycsoport-építés","Costruzione gruppo evento","Construcción de grupo de evento","Construction de groupe d’événement","事件群組建造","イベントグループ建築","Construção de grupo de evento","事件组建造"
"VSTR_OB_EVENT_BUILD_SKIPPED","%1 object(s) could not be created here (unknown class): they stay as they are in the group.","%1 object(s) could not be created here (unknown class): they stay as they are in the group.","%1 objektů zde nelze vytvořit (neznámá třída): ve skupině zůstanou beze změny.","%1 Objekt(e) konnten hier nicht erstellt werden (unbekannte Klasse): sie bleiben in der Gruppe unverändert.","Не удалось создать здесь объектов: %1 (неизвестный класс). В группе они останутся без изменений.","Nie udało się tu utworzyć %1 obiektów (nieznana klasa): pozostaną w grupie bez zmian.","%1 tárgy nem hozható itt létre (ismeretlen osztály): változatlanul maradnak a csoportban.","%1 oggetti non possono essere creati qui (classe sconosciuta): restano come sono nel gruppo.","%1 objeto(s) no se pudieron crear aquí (clase desconocida): quedan como están en el grupo.","%1 objet(s) n’ont pas pu être créés ici (classe inconnue) : ils restent tels quels dans le groupe.","有 %1 個物件無法在此建立（未知類別）：它們在群組中保持不變。","%1 個のオブジェクトをここで作成できませんでした（不明なクラス）：グループ内ではそのままです。","%1 objeto(s) não puderam ser criados aqui (classe desconhecida): ficam como estão no grupo.","有 %1 个物体无法在此创建（未知类别）：它们在组中保持不变。"
"VSTR_OB_EVENT_BUILD_STARTED","%1: %2 object(s) placed at %3, only for you (nothing is saved on the server). Edit them, then press SEND TO EVENT GROUP.","%1: %2 object(s) placed at %3, only for you (nothing is saved on the server). Edit them, then press SEND TO EVENT GROUP.","%1: %2 objektů umístěno na %3, jen pro vás (na serveru se nic neukládá). Upravte je a pak stiskněte ODESLAT DO SKUPINY UDÁLOSTI.","%1: %2 Objekt(e) bei %3 platziert, nur für dich (auf dem Server wird nichts gespeichert). Bearbeite sie und drücke dann AN EVENTGRUPPE SENDEN.","%1: объектов размещено: %2 (%3), только для вас (на сервере ничего не сохраняется). Измените их и нажмите ОТПРАВИТЬ В ГРУППУ СОБЫТИЯ.","%1: umieszczono %2 obiektów w %3, tylko dla ciebie (nic nie jest zapisywane na serwerze). Edytuj je, a potem naciśnij WYŚLIJ DO GRUPY ZDARZENIA.","%1: %2 tárgy elhelyezve itt: %3, csak neked (a szerveren semmi sem mentődik). Szerkeszd őket, majd nyomd meg a KÜLDÉS AZ ESEMÉNYCSOPORTBA gombot.","%1: %2 oggetti posizionati in %3, solo per te (nulla viene salvato sul server). Modificali, poi premi INVIA AL GRUPPO EVENTO.","%1: %2 objeto(s) colocados en %3, solo para ti (no se guarda nada en el servidor). Edítalos y pulsa ENVIAR AL GRUPO DE EVENTO.","%1 : %2 objet(s) placés à %3, pour vous seul (rien n’est enregistré sur le serveur). Modifiez-les, puis appuyez sur ENVOYER AU GROUPE.","%1：已在 %3 放置 %2 個物件，僅你可見（伺服器上不會儲存任何內容）。編輯後按「傳回事件群組」。","%1：%3 に %2 個のオブジェクトを配置しました。あなただけに表示されます（サーバーには何も保存されません）。編集したら「イベントグループへ送る」を押してください。","%1: %2 objeto(s) colocados em %3, só para si (nada é guardado no servidor). Edite-os e depois prima ENVIAR PARA O GRUPO DE EVENTO.","%1：已在 %3 放置 %2 个物体，仅你可见（服务器上不会保存任何内容）。编辑后点击“发回事件组”。"
"VSTR_OB_EVENT_BUILD_TITLE","Event group (local): %1","Event group (local): %1","Skupina události (místní): %1","Eventgruppe (lokal): %1","Группа события (локально): %1","Grupa zdarzenia (lokalnie): %1","Eseménycsoport (helyi): %1","Gruppo evento (locale): %1","Grupo de evento (local): %1","Groupe d’événement (local) : %1","事件群組（本地）：%1","イベントグループ（ローカル）：%1","Grupo de evento (local): %1","事件组（本地）：%1"
"VSTR_XMLE_BLD_POS_ADDED","A spawn position of %1 was added where group %2 was built. Review it, then SAVE.","A spawn position of %1 was added where group %2 was built. Review it, then SAVE.","Na místě, kde byla postavena skupina %2, byla přidána pozice spawnu události %1. Zkontrolujte ji a pak ULOŽTE.","Eine Spawnposition von %1 wurde dort hinzugefügt, wo Gruppe %2 gebaut wurde. Prüfen, dann SPEICHERN.","Добавлена позиция спавна %1 там, где построена группа %2. Проверьте её и СОХРАНИТЕ.","Dodano pozycję spawnu %1 tam, gdzie zbudowano grupę %2. Sprawdź ją i ZAPISZ.","%1 új megjelenési pozíciót kapott ott, ahol a(z) %2 csoport épült. Ellenőrizd, majd MENTSD.","È stata aggiunta una posizione di spawn di %1 dove è stato costruito il gruppo %2. Controllala, poi SALVA.","Se añadió una posición de aparición de %1 donde se construyó el grupo %2. Revísala y luego GUARDA.","Une position d’apparition de %1 a été ajoutée là où le groupe %2 a été construit. Vérifiez-la, puis ENREGISTREZ.","已在建造群組 %2 的位置為 %1 新增一個生成位置。檢查後請儲存。","グループ %2 を建築した場所に %1 のスポーン位置を追加しました。確認してから保存してください。","Foi adicionada uma posição de spawn de %1 onde o grupo %2 foi construído. Reveja-a e depois GUARDE.","已在建造组 %2 的位置为 %1 添加一个生成位置。检查后请保存。"
"VSTR_XMLE_TAB_SPAWNABLES","SPAWNABLES","SPAWNABLES","SPAWNABLES","SPAWNABLES","SPAWNABLES","SPAWNABLES","SPAWNABLES","SPAWNABLES","SPAWNABLES","SPAWNABLES","SPAWNABLES","SPAWNABLES","SPAWNABLES","SPAWNABLES"
"VSTR_XMLE_CR_NO_PERMISSION_SPB","Creating a spawnables file needs the Edit Spawnables permission.","Creating a spawnables file needs the Edit Spawnables permission.","Vytvoření souboru spawnables vyžaduje oprávnění Edit Spawnables.","Zum Erstellen einer Spawnables-Datei ist die Berechtigung Edit Spawnables nötig.","Для создания файла spawnables нужно право Edit Spawnables.","Utworzenie pliku spawnables wymaga uprawnienia Edit Spawnables.","Spawnables fájl létrehozásához Edit Spawnables jogosultság kell.","Per creare un file spawnables serve il permesso Edit Spawnables.","Crear un archivo spawnables requiere el permiso Edit Spawnables.","Créer un fichier spawnables nécessite la permission Edit Spawnables.","建立 spawnables 檔案需要 Edit Spawnables 權限。","spawnables ファイルの作成には Edit Spawnables 権限が必要です。","Criar um arquivo spawnables exige a permissão Edit Spawnables.","创建 spawnables 文件需要 Edit Spawnables 权限。"
"VSTR_XMLE_SPB_LIST_TITLE","SPAWNABLES","SPAWNABLES","SPAWNABLES","SPAWNABLES","SPAWNABLES","SPAWNABLES","SPAWNABLES","SPAWNABLES","SPAWNABLES","SPAWNABLES","SPAWNABLES","SPAWNABLES","SPAWNABLES","SPAWNABLES"
"VSTR_XMLE_SPB_MODE_TYPES","TYPES","TYPES","TYPY","TYPEN","ТИПЫ","TYPY","TÍPUSOK","TIPI","TIPOS","TYPES","類型","タイプ","TIPOS","类型"
"VSTR_XMLE_SPB_MODE_PRESETS","PRESETS","PRESETS","PRESETY","PRESETS","ПРЕСЕТЫ","PRESETY","PRESETEK","PRESET","PRESETS","PRESETS","預設組","プリセット","PRESETS","预设"
"VSTR_XMLE_SPB_F_ALL","All","All","Vše","Alle","Все","Wszystkie","Összes","Tutti","Todos","Tous","全部","すべて","Todos","全部"
"VSTR_XMLE_SPB_F_PROBLEMS","Problems","Problems","Problémy","Probleme","Проблемы","Problemy","Problémák","Problemi","Problemas","Problèmes","有問題","問題あり","Problemas","有问题"
"VSTR_XMLE_SPB_F_UNSAVED","Unsaved","Unsaved","Neuložené","Ungespeichert","Не сохранено","Niezapisane","Nem mentett","Non salvati","Sin guardar","Non enregistrés","未儲存","未保存","Não salvos","未保存"
"VSTR_XMLE_SPB_F_HOARDER","Hoarder","Hoarder","Hoarder","Hoarder","Hoarder","Hoarder","Hoarder","Hoarder","Hoarder","Hoarder","Hoarder","Hoarder","Hoarder","Hoarder"
"VSTR_XMLE_SPB_F_DAMAGE","With damage","With damage","S poškozením","Mit Schaden","С повреждением","Z uszkodzeniem","Sérüléssel","Con danno","Con daño","Avec dégâts","有損壞設定","ダメージあり","Com dano","有损坏设置"
"VSTR_XMLE_SPB_F_CARGO","With cargo","With cargo","S nákladem","Mit Cargo","С грузом","Z ładunkiem","Rakománnyal","Con cargo","Con carga","Avec cargo","有貨物","カーゴあり","Com carga","有货物"
"VSTR_XMLE_SPB_F_ATTACHMENTS","With attachments","With attachments","S doplňky","Mit Anbauteilen","С обвесом","Z dodatkami","Tartozékokkal","Con accessori","Con accesorios","Avec accessoires","有配件","アタッチメントあり","Com acessórios","有配件"
"VSTR_XMLE_SPB_F_CARGO_PRESETS","Cargo presets","Cargo presets","Presety nákladu","Cargo-Presets","Пресеты груза","Presety ładunku","Rakomány presetek","Preset cargo","Presets de carga","Presets cargo","貨物預設組","カーゴプリセット","Presets de carga","货物预设"
"VSTR_XMLE_SPB_F_ATT_PRESETS","Attachment presets","Attachment presets","Presety doplňků","Anbauteil-Presets","Пресеты обвеса","Presety dodatków","Tartozék presetek","Preset accessori","Presets de accesorios","Presets accessoires","配件預設組","アタッチメントプリセット","Presets de acessórios","配件预设"
"VSTR_XMLE_SPB_F_UNUSED","Unused","Unused","Nepoužité","Unbenutzt","Не используются","Nieużywane","Nem használt","Non usati","Sin usar","Inutilisés","未使用","未使用","Não usados","未使用"
"VSTR_XMLE_SPB_F_SHADOWED","Shadowed","Shadowed","Zastíněné","Verdeckt","Перекрытые","Przesłonięte","Elfedett","Oscurati","Ocultos","Masqués","被遮蔽","隠れている","Ocultos","被遮蔽"
"VSTR_XMLE_SPB_N_CARGO","%1 cargo","%1 cargo","%1 náklad","%1 Cargo","груз: %1","%1 ładunek","%1 rakomány","%1 cargo","%1 carga","%1 cargo","%1 貨物","カーゴ %1","%1 carga","%1 货物"
"VSTR_XMLE_SPB_N_ATT","%1 att.","%1 att.","%1 dopl.","%1 Anb.","обвес: %1","%1 dod.","%1 tart.","%1 acc.","%1 acc.","%1 acc.","%1 配件","アタッチ %1","%1 acess.","%1 配件"
"VSTR_XMLE_SPB_N_ITEMS","%1 items","%1 items","%1 předmětů","%1 Items","предметов: %1","%1 przedm.","%1 tárgy","%1 oggetti","%1 objetos","%1 objets","%1 個物品","アイテム %1","%1 itens","%1 个物品"
"VSTR_XMLE_SPB_HOARDER_LOW","hoarder","hoarder","hoarder","hoarder","hoarder","hoarder","hoarder","hoarder","hoarder","hoarder","hoarder","hoarder","hoarder","hoarder"
"VSTR_XMLE_SPB_UNIQUE_LOW","unique","unique","unique","unique","unique","unique","unique","unique","unique","unique","unique","unique","unique","unique"
"VSTR_XMLE_SPB_NO_FILE","No file of this kind is loaded. Create one in the CREATE tab.","No file of this kind is loaded. Create one in the CREATE tab.","Není načten žádný soubor tohoto druhu. Vytvořte ho na kartě CREATE.","Keine Datei dieser Art geladen. Erstelle eine im Tab CREATE.","Файл этого вида не загружен. Создайте его на вкладке CREATE.","Nie wczytano pliku tego rodzaju. Utwórz go w karcie CREATE.","Nincs betöltve ilyen fájl. Hozz létre egyet a CREATE fülön.","Nessun file di questo tipo caricato. Creane uno nella scheda CREATE.","No hay ningún archivo de este tipo. Crea uno en la pestaña CREATE.","Aucun fichier de ce type n’est chargé. Créez-en un dans l’onglet CREATE.","沒有載入此類檔案。請在 CREATE 分頁建立一個。","この種類のファイルは読み込まれていません。CREATE タブで作成してください。","Nenhum arquivo deste tipo carregado. Crie um na aba CREATE.","没有加载此类文件。请在 CREATE 标签页创建一个。"
"VSTR_XMLE_SPB_NO_FILE_SHORT","(no file)","(no file)","(žádný soubor)","(keine Datei)","(нет файла)","(brak pliku)","(nincs fájl)","(nessun file)","(sin archivo)","(aucun fichier)","(無檔案)","(ファイルなし)","(sem arquivo)","(无文件)"
"VSTR_XMLE_SPB_VIEW_EDIT","EDIT","EDIT","ÚPRAVY","BEARBEITEN","ПРАВКА","EDYCJA","SZERKESZTÉS","MODIFICA","EDITAR","ÉDITION","編輯","編集","EDITAR","编辑"
"VSTR_XMLE_SPB_VIEW_MERGED","MERGED","MERGED","SLOUČENO","ZUSAMMENGEFÜHRT","ИТОГ","SCALONE","ÖSSZEVONT","UNITO","COMBINADO","FUSIONNÉ","合併結果","統合結果","MESCLADO","合并结果"
"VSTR_XMLE_SPB_EMPTY","Select an entry on the left, or ADD one.","Select an entry on the left, or ADD one.","Vyberte položku vlevo nebo ji PŘIDEJTE.","Wähle links einen Eintrag oder füge einen hinzu.","Выберите запись слева или добавьте новую.","Wybierz wpis po lewej lub dodaj nowy.","Válassz egy bejegyzést a bal oldalon, vagy adj hozzá egyet.","Seleziona una voce a sinistra o aggiungine una.","Selecciona una entrada a la izquierda o añade una.","Sélectionnez une entrée à gauche ou ajoutez-en une.","請在左側選擇一個項目，或新增一個。","左側でエントリを選択するか、追加してください。","Selecione uma entrada à esquerda ou adicione uma.","请在左侧选择一个条目，或添加一个。"
"VSTR_XMLE_SPB_EDIT_NONE","Nothing selected","Nothing selected","Nic není vybráno","Nichts ausgewählt","Ничего не выбрано","Nic nie wybrano","Nincs kijelölés","Nessuna selezione","Nada seleccionado","Aucune sélection","未選擇","選択なし","Nada selecionado","未选择"
"VSTR_XMLE_SPB_EDIT_NEW","%1 (new)","%1 (new)","%1 (nový)","%1 (neu)","%1 (новый)","%1 (nowy)","%1 (új)","%1 (nuovo)","%1 (nuevo)","%1 (nouveau)","%1（新）","%1（新規）","%1 (novo)","%1（新）"
"VSTR_XMLE_SPB_READONLY","Read only: editing needs the Edit Spawnables permission.","Read only: editing needs the Edit Spawnables permission.","Jen pro čtení: úpravy vyžadují oprávnění Edit Spawnables.","Nur lesen: Bearbeiten braucht die Berechtigung Edit Spawnables.","Только чтение: для правки нужно право Edit Spawnables.","Tylko odczyt: edycja wymaga uprawnienia Edit Spawnables.","Csak olvasható: a szerkesztéshez Edit Spawnables jogosultság kell.","Sola lettura: per modificare serve il permesso Edit Spawnables.","Solo lectura: editar requiere el permiso Edit Spawnables.","Lecture seule : modifier nécessite la permission Edit Spawnables.","唯讀：編輯需要 Edit Spawnables 權限。","読み取り専用：編集には Edit Spawnables 権限が必要です。","Somente leitura: editar exige a permissão Edit Spawnables.","只读：编辑需要 Edit Spawnables 权限。"
"VSTR_XMLE_SPB_NAME","Name","Name","Název","Name","Имя","Nazwa","Név","Nome","Nombre","Nom","名稱","名前","Nome","名称"
"VSTR_XMLE_SPB_HOARDER","HOARDER","HOARDER","HOARDER","HOARDER","HOARDER","HOARDER","HOARDER","HOARDER","HOARDER","HOARDER","HOARDER","HOARDER","HOARDER","HOARDER"
"VSTR_XMLE_SPB_UNIQUE","UNIQUE","UNIQUE","UNIQUE","UNIQUE","UNIQUE","UNIQUE","UNIQUE","UNIQUE","UNIQUE","UNIQUE","UNIQUE","UNIQUE","UNIQUE","UNIQUE"
"VSTR_XMLE_SPB_CARGO","CARGO","CARGO","NÁKLAD","CARGO","ГРУЗ","ŁADUNEK","RAKOMÁNY","CARGO","CARGA","CARGO","貨物","カーゴ","CARGA","货物"
"VSTR_XMLE_SPB_ATTACHMENTS","ATTACHMENTS","ATTACHMENTS","DOPLŇKY","ANBAUTEILE","ОБВЕС","DODATKI","TARTOZÉKOK","ACCESSORI","ACCESORIOS","ACCESSOIRES","配件","アタッチメント","ACESSÓRIOS","配件"
"VSTR_XMLE_SPB_CARGO_LOW","cargo","cargo","náklad","Cargo","груз","ładunek","rakomány","cargo","carga","cargo","貨物","カーゴ","carga","货物"
"VSTR_XMLE_SPB_ATTACHMENTS_LOW","attachments","attachments","doplňky","Anbauteile","обвес","dodatki","tartozékok","accessori","accesorios","accessoires","配件","アタッチメント","acessórios","配件"
"VSTR_XMLE_SPB_CHANCE","Chance","Chance","Šance","Chance","Шанс","Szansa","Esély","Probabilità","Probabilidad","Chance","機率","確率","Chance","概率"
"VSTR_XMLE_SPB_DAMAGE","DAMAGE","DAMAGE","POŠKOZENÍ","SCHADEN","ПОВРЕЖДЕНИЕ","USZKODZENIE","SÉRÜLÉS","DANNO","DAÑO","DÉGÂTS","損壞","ダメージ","DANO","损坏"
"VSTR_XMLE_SPB_DAMAGE_LOW","damage","damage","poškození","Schaden","повреждение","uszkodzenie","sérülés","danno","daño","dégâts","損壞","ダメージ","dano","损坏"
"VSTR_XMLE_SPB_DMG_HINT","0 = pristine, 1 = ruined","0 = pristine, 1 = ruined","0 = bezvadný, 1 = zničený","0 = makellos, 1 = zerstört","0 = идеальное, 1 = разрушено","0 = nienaruszony, 1 = zniszczony","0 = hibátlan, 1 = tönkrement","0 = intatto, 1 = rovinato","0 = impecable, 1 = arruinado","0 = intact, 1 = ruiné","0 = 完好，1 = 毀損","0 = 新品、1 = 破損","0 = intacto, 1 = arruinado","0 = 完好，1 = 毁坏"
"VSTR_XMLE_SPB_ADVANCED","ADVANCED","ADVANCED","POKROČILÉ","ERWEITERT","ДОПОЛНИТЕЛЬНО","ZAAWANSOWANE","HALADÓ","AVANZATE","AVANZADO","AVANCÉ","進階","詳細","AVANÇADO","高级"
"VSTR_XMLE_SPB_BIND","Bind","Bind","Bind","Bind","Bind","Bind","Bind","Bind","Bind","Bind","Bind","Bind","Bind","Bind"
"VSTR_XMLE_SPB_SUBCOUNTER","Subcounter min / max","Subcounter min / max","Subcounter min / max","Subcounter min / max","Subcounter мин / макс","Subcounter min / max","Subcounter min / max","Subcounter min / max","Subcounter mín / máx","Subcounter min / max","Subcounter 最小 / 最大","Subcounter 最小 / 最大","Subcounter mín / máx","Subcounter 最小 / 最大"
"VSTR_XMLE_SPB_BATCH","Spawn batch","Spawn batch","Spawn batch","Spawn batch","Spawn batch","Spawn batch","Spawn batch","Spawn batch","Spawn batch","Spawn batch","Spawn batch","Spawn batch","Spawn batch","Spawn batch"
"VSTR_XMLE_SPB_BLOCKS_TITLE","BLOCKS (%1)","BLOCKS (%1)","BLOKY (%1)","BLÖCKE (%1)","БЛОКИ (%1)","BLOKI (%1)","BLOKKOK (%1)","BLOCCHI (%1)","BLOQUES (%1)","BLOCS (%1)","區塊（%1）","ブロック（%1）","BLOCOS (%1)","区块（%1）"
"VSTR_XMLE_SPB_ITEMS_TITLE","ITEMS (%1)","ITEMS (%1)","PŘEDMĚTY (%1)","ITEMS (%1)","ПРЕДМЕТЫ (%1)","PRZEDMIOTY (%1)","TÁRGYAK (%1)","OGGETTI (%1)","OBJETOS (%1)","OBJETS (%1)","物品（%1）","アイテム（%1）","ITENS (%1)","物品（%1）"
"VSTR_XMLE_SPB_PRESET","Preset","Preset","Preset","Preset","Пресет","Preset","Preset","Preset","Preset","Preset","預設組","プリセット","Preset","预设"
"VSTR_XMLE_SPB_PRESET_LOW","preset","preset","preset","Preset","пресет","preset","preset","preset","preset","preset","預設組","プリセット","preset","预设"
"VSTR_XMLE_SPB_NO_PRESET","(no preset)","(no preset)","(bez presetu)","(kein Preset)","(без пресета)","(bez presetu)","(nincs preset)","(nessun preset)","(sin preset)","(aucun preset)","（無預設組）","（プリセットなし）","(sem preset)","（无预设）"
"VSTR_XMLE_SPB_EMPTY_BLOCK","(empty)","(empty)","(prázdný)","(leer)","(пусто)","(pusty)","(üres)","(vuoto)","(vacío)","(vide)","（空）","（空）","(vazio)","（空）"
"VSTR_XMLE_SPB_ITEM","Item","Item","Předmět","Item","Предмет","Przedmiot","Tárgy","Oggetto","Objeto","Objet","物品","アイテム","Item","物品"
"VSTR_XMLE_SPB_QUANT","Quantity min / max (percent)","Quantity min / max (percent)","Množství min / max (procenta)","Menge min / max (Prozent)","Количество мин / макс (проценты)","Ilość min / max (procent)","Mennyiség min / max (százalék)","Quantità min / max (percento)","Cantidad mín / máx (por ciento)","Quantité min / max (pour cent)","數量 最小 / 最大（百分比）","量 最小 / 最大（パーセント）","Quantidade mín / máx (por cento)","数量 最小 / 最大（百分比）"
"VSTR_XMLE_SPB_EQUIP","EQUIP","EQUIP","EQUIP","EQUIP","EQUIP","EQUIP","EQUIP","EQUIP","EQUIP","EQUIP","EQUIP","EQUIP","EQUIP","EQUIP"
"VSTR_XMLE_SPB_EQUIP_LOW","equip","equip","equip","equip","equip","equip","equip","equip","equip","equip","equip","equip","equip","equip"
"VSTR_XMLE_SPB_NESTED","Nested blocks","Nested blocks","Vnořené bloky","Verschachtelte Blöcke","Вложенные блоки","Zagnieżdżone bloki","Beágyazott blokkok","Blocchi annidati","Bloques anidados","Blocs imbriqués","巢狀區塊","入れ子のブロック","Blocos aninhados","嵌套区块"
"VSTR_XMLE_SPB_BTN_NESTED","NESTED BLOCKS (%1)","NESTED BLOCKS (%1)","VNOŘENÉ BLOKY (%1)","VERSCHACHTELTE BLÖCKE (%1)","ВЛОЖЕННЫЕ БЛОКИ (%1)","ZAGNIEŻDŻONE BLOKI (%1)","BEÁGYAZOTT BLOKKOK (%1)","BLOCCHI ANNIDATI (%1)","BLOQUES ANIDADOS (%1)","BLOCS IMBRIQUÉS (%1)","巢狀區塊（%1）","入れ子のブロック（%1）","BLOCOS ANINHADOS (%1)","嵌套区块（%1）"
"VSTR_XMLE_SPB_HINT_NO_CLASS","No config class of that name.","No config class of that name.","Žádná třída configu tohoto názvu.","Keine Config-Klasse mit diesem Namen.","Нет класса конфига с таким именем.","Brak klasy configu o tej nazwie.","Nincs ilyen nevű config osztály.","Nessuna classe config con questo nome.","No hay ninguna clase de config con ese nombre.","Aucune classe config de ce nom.","沒有此名稱的 config 類別。","その名前の config クラスはありません。","Nenhuma classe de config com esse nome.","没有此名称的 config 类。"
"VSTR_XMLE_SPB_DLG_ADD_TYPE_TITLE","Add type","Add type","Přidat typ","Typ hinzufügen","Добавить тип","Dodaj typ","Típus hozzáadása","Aggiungi tipo","Añadir tipo","Ajouter un type","新增類型","タイプを追加","Adicionar tipo","添加类型"
"VSTR_XMLE_SPB_DLG_ADD_TYPE_BODY","Class name of the type (it must be in a types file):","Class name of the type (it must be in a types file):","Název třídy typu (musí být v souboru types):","Klassenname des Typs (er muss in einer Types-Datei stehen):","Имя класса типа (он должен быть в файле types):","Nazwa klasy typu (musi być w pliku types):","A típus osztályneve (szerepelnie kell egy types fájlban):","Nome classe del tipo (deve essere in un file types):","Nombre de clase del tipo (debe estar en un archivo types):","Nom de classe du type (il doit figurer dans un fichier types) :","類型的類別名稱（必須在 types 檔案中）：","タイプのクラス名（types ファイルにある必要があります）：","Nome de classe do tipo (deve estar em um arquivo types):","类型的类名（必须在 types 文件中）："
"VSTR_XMLE_SPB_DLG_ADD_PRESET_TITLE","Add preset","Add preset","Přidat preset","Preset hinzufügen","Добавить пресет","Dodaj preset","Preset hozzáadása","Aggiungi preset","Añadir preset","Ajouter un preset","新增預設組","プリセットを追加","Adicionar preset","添加预设"
"VSTR_XMLE_SPB_DLG_ADD_PRESET_BODY","Name of the new preset:","Name of the new preset:","Název nového presetu:","Name des neuen Presets:","Имя нового пресета:","Nazwa nowego presetu:","Az új preset neve:","Nome del nuovo preset:","Nombre del nuevo preset:","Nom du nouveau preset :","新預設組的名稱：","新しいプリセットの名前：","Nome do novo preset:","新预设的名称："
"VSTR_XMLE_SPB_DLG_SAVE_TITLE","Save spawnables","Save spawnables","Uložit spawnables","Spawnables speichern","Сохранить spawnables","Zapisz spawnables","Spawnables mentése","Salva spawnables","Guardar spawnables","Enregistrer les spawnables","儲存 spawnables","spawnables を保存","Salvar spawnables","保存 spawnables"
"VSTR_XMLE_SPB_DLG_SAVE_BODY","Save %1 changed entr(ies) to %2? A backup is made first. The server reads them at the next restart.","Save %1 changed entr(ies) to %2? A backup is made first. The server reads them at the next restart.","Uložit %1 změněných položek do %2? Nejdřív se vytvoří záloha. Server je načte při příštím restartu.","%1 geänderte Einträge in %2 speichern? Zuerst wird ein Backup erstellt. Der Server liest sie beim nächsten Neustart.","Сохранить изменённые записи (%1) в %2? Сначала создаётся резервная копия. Сервер прочитает их при следующем перезапуске.","Zapisać %1 zmienionych wpisów do %2? Najpierw tworzona jest kopia zapasowa. Serwer wczyta je przy następnym restarcie.","Mented a(z) %1 módosított bejegyzést ide: %2? Előbb biztonsági mentés készül. A szerver a következő újraindításkor olvassa be.","Salvare %1 voci modificate in %2? Prima viene creato un backup. Il server le legge al prossimo riavvio.","¿Guardar %1 entrada(s) modificada(s) en %2? Primero se crea una copia de seguridad. El servidor las lee en el próximo reinicio.","Enregistrer %1 entrée(s) modifiée(s) dans %2 ? Une sauvegarde est faite d’abord. Le serveur les lit au prochain redémarrage.","要將 %1 個已變更的項目儲存到 %2 嗎？會先建立備份。伺服器會在下次重新啟動時讀取。","変更された %1 件のエントリを %2 に保存しますか？先にバックアップが作成されます。サーバーは次回の再起動時に読み込みます。","Salvar %1 entrada(s) alterada(s) em %2? Um backup é feito antes. O servidor as lê na próxima reinicialização.","要将 %1 个已更改的条目保存到 %2 吗？会先创建备份。服务器会在下次重启时读取。"
"VSTR_XMLE_SPB_SAVED","Saved %1. The server reads it at the next restart.","Saved %1. The server reads it at the next restart.","%1 uloženo. Server ho načte při příštím restartu.","%1 gespeichert. Der Server liest die Datei beim nächsten Neustart.","%1 сохранён. Сервер прочитает его при следующем перезапуске.","Zapisano %1. Serwer wczyta go przy następnym restarcie.","%1 mentve. A szerver a következő újraindításkor olvassa be.","%1 salvato. Il server lo legge al prossimo riavvio.","%1 guardado. El servidor lo lee en el próximo reinicio.","%1 enregistré. Le serveur le lit au prochain redémarrage.","已儲存 %1。伺服器會在下次重新啟動時讀取。","%1 を保存しました。サーバーは次回の再起動時に読み込みます。","%1 salvo. O servidor o lê na próxima reinicialização.","已保存 %1。服务器会在下次重启时读取。"
"VSTR_XMLE_SPB_ERR_ROOT","The file has no <spawnabletypes> or <randompresets> root element.","The file has no <spawnabletypes> or <randompresets> root element.","Soubor nemá kořenový prvek <spawnabletypes> ani <randompresets>.","Die Datei hat kein Wurzelelement <spawnabletypes> oder <randompresets>.","В файле нет корневого элемента <spawnabletypes> или <randompresets>.","Plik nie ma elementu głównego <spawnabletypes> ani <randompresets>.","A fájlnak nincs <spawnabletypes> vagy <randompresets> gyökéreleme.","Il file non ha un elemento radice <spawnabletypes> o <randompresets>.","El archivo no tiene elemento raíz <spawnabletypes> ni <randompresets>.","Le fichier n’a pas d’élément racine <spawnabletypes> ou <randompresets>.","檔案沒有 <spawnabletypes> 或 <randompresets> 根元素。","ファイルに <spawnabletypes> または <randompresets> ルート要素がありません。","O arquivo não tem elemento raiz <spawnabletypes> nem <randompresets>.","文件没有 <spawnabletypes> 或 <randompresets> 根元素。"
"VSTR_XMLE_SPB_ERR_TYPE_NAME","The type name is not a valid class name.","The type name is not a valid class name.","Název typu není platný název třídy.","Der Typname ist kein gültiger Klassenname.","Имя типа не является допустимым именем класса.","Nazwa typu nie jest prawidłową nazwą klasy.","A típus neve nem érvényes osztálynév.","Il nome del tipo non è un nome di classe valido.","El nombre del tipo no es un nombre de clase válido.","Le nom du type n’est pas un nom de classe valide.","類型名稱不是有效的類別名稱。","タイプ名が有効なクラス名ではありません。","O nome do tipo não é um nome de classe válido.","类型名称不是有效的类名。"
"VSTR_XMLE_SPB_ERR_PRESET_NAME","A preset name must not be empty and cannot hold quotes, angle brackets or line breaks.","A preset name must not be empty and cannot hold quotes, angle brackets or line breaks.","Název presetu nesmí být prázdný a nesmí obsahovat uvozovky, lomené závorky ani zalomení řádku.","Ein Preset-Name darf nicht leer sein und keine Anführungszeichen, spitzen Klammern oder Zeilenumbrüche enthalten.","Имя пресета не может быть пустым и не может содержать кавычки, угловые скобки или переносы строк.","Nazwa presetu nie może być pusta ani zawierać cudzysłowów, nawiasów ostrych czy podziałów wiersza.","A preset neve nem lehet üres, és nem tartalmazhat idézőjelet, csúcsos zárójelet vagy sortörést.","Il nome di un preset non può essere vuoto né contenere virgolette, parentesi angolari o a capo.","El nombre de un preset no puede estar vacío ni contener comillas, corchetes angulares o saltos de línea.","Un nom de preset ne peut pas être vide ni contenir de guillemets, de chevrons ou de retours à la ligne.","預設組名稱不可為空，也不可包含引號、角括號或換行。","プリセット名は空にできず、引用符・山括弧・改行を含められません。","O nome de um preset não pode ser vazio nem conter aspas, sinais de maior/menor ou quebras de linha.","预设名称不能为空，也不能包含引号、尖括号或换行。"
"VSTR_XMLE_SPB_ERR_ITEM_NAME","An item has no valid class name.","An item has no valid class name.","Předmět nemá platný název třídy.","Ein Item hat keinen gültigen Klassennamen.","У предмета нет допустимого имени класса.","Przedmiot nie ma prawidłowej nazwy klasy.","Egy tárgynak nincs érvényes osztályneve.","Un oggetto non ha un nome di classe valido.","Un objeto no tiene un nombre de clase válido.","Un objet n’a pas de nom de classe valide.","有物品沒有有效的類別名稱。","有効なクラス名がないアイテムがあります。","Um item não tem nome de classe válido.","有物品没有有效的类名。"
"VSTR_XMLE_SPB_ERR_NUMBER","A chance, damage, quantity or count is not a number.","A chance, damage, quantity or count is not a number.","Šance, poškození, množství nebo počet není číslo.","Eine Chance, ein Schaden, eine Menge oder Anzahl ist keine Zahl.","Шанс, повреждение, количество или счётчик — не число.","Szansa, uszkodzenie, ilość lub licznik nie jest liczbą.","Egy esély, sérülés, mennyiség vagy darabszám nem szám.","Una probabilità, un danno, una quantità o un conteggio non è un numero.","Una probabilidad, daño, cantidad o recuento no es un número.","Une chance, des dégâts, une quantité ou un nombre n’est pas numérique.","機率、損壞、數量或計數不是數字。","確率・ダメージ・量・数のいずれかが数値ではありません。","Uma chance, dano, quantidade ou contagem não é um número.","概率、损坏、数量或计数不是数字。"
"VSTR_XMLE_SPB_ERR_BIND","The bind name must not be empty and cannot hold quotes, angle brackets or line breaks.","The bind name must not be empty and cannot hold quotes, angle brackets or line breaks.","Název bind nesmí být prázdný a nesmí obsahovat uvozovky, lomené závorky ani zalomení řádku.","Der Bind-Name darf nicht leer sein und keine Anführungszeichen, spitzen Klammern oder Zeilenumbrüche enthalten.","Имя bind не может быть пустым и не может содержать кавычки, угловые скобки или переносы строк.","Nazwa bind nie może być pusta ani zawierać cudzysłowów, nawiasów ostrych czy podziałów wiersza.","A bind név nem lehet üres, és nem tartalmazhat idézőjelet, csúcsos zárójelet vagy sortörést.","Il nome bind non può essere vuoto né contenere virgolette, parentesi angolari o a capo.","El nombre bind no puede estar vacío ni contener comillas, corchetes angulares o saltos de línea.","Le nom bind ne peut pas être vide ni contenir de guillemets, de chevrons ou de retours à la ligne.","bind 名稱不可為空，也不可包含引號、角括號或換行。","bind 名は空にできず、引用符・山括弧・改行を含められません。","O nome bind não pode ser vazio nem conter aspas, sinais de maior/menor ou quebras de linha.","bind 名称不能为空，也不能包含引号、尖括号或换行。"
"VSTR_XMLE_SPB_ERR_EQUIP","equip must be 1, 0, true or false.","equip must be 1, 0, true or false.","equip musí být 1, 0, true nebo false.","equip muss 1, 0, true oder false sein.","equip должен быть 1, 0, true или false.","equip musi mieć wartość 1, 0, true lub false.","Az equip értéke 1, 0, true vagy false lehet.","equip deve essere 1, 0, true o false.","equip debe ser 1, 0, true o false.","equip doit valoir 1, 0, true ou false.","equip 必須是 1、0、true 或 false。","equip は 1、0、true、false のいずれかにしてください。","equip deve ser 1, 0, true ou false.","equip 必须是 1、0、true 或 false。"
"VSTR_XMLE_SPB_ERR_DEPTH","Blocks are nested too deep (at most 3 levels of nested items).","Blocks are nested too deep (at most 3 levels of nested items).","Bloky jsou vnořené příliš hluboko (nejvýše 3 úrovně vnořených předmětů).","Blöcke sind zu tief verschachtelt (höchstens 3 Ebenen verschachtelter Items).","Блоки вложены слишком глубоко (не более 3 уровней вложенных предметов).","Bloki są zagnieżdżone zbyt głęboko (maks. 3 poziomy zagnieżdżonych przedmiotów).","A blokkok túl mélyen vannak beágyazva (legfeljebb 3 szint beágyazott tárgy).","I blocchi sono annidati troppo in profondità (al massimo 3 livelli di oggetti annidati).","Los bloques están anidados demasiado (como máximo 3 niveles de objetos anidados).","Les blocs sont trop imbriqués (au plus 3 niveaux d’objets imbriqués).","區塊巢狀過深（巢狀物品最多 3 層）。","ブロックの入れ子が深すぎます（入れ子のアイテムは最大 3 階層）。","Os blocos estão aninhados demais (no máximo 3 níveis de itens aninhados).","区块嵌套过深（嵌套物品最多 3 层）。"
"VSTR_XMLE_SPB_ERR_TOO_MANY","An entry, block or item can hold at most 300 children.","An entry, block or item can hold at most 300 children.","Položka, blok nebo předmět může mít nejvýše 300 potomků.","Ein Eintrag, Block oder Item kann höchstens 300 Kinder haben.","Запись, блок или предмет может содержать не более 300 дочерних элементов.","Wpis, blok lub przedmiot może mieć najwyżej 300 elementów podrzędnych.","Egy bejegyzésnek, blokknak vagy tárgynak legfeljebb 300 gyermeke lehet.","Una voce, un blocco o un oggetto può contenere al massimo 300 figli.","Una entrada, bloque u objeto puede tener como máximo 300 hijos.","Une entrée, un bloc ou un objet peut contenir au plus 300 enfants.","項目、區塊或物品最多只能有 300 個子元素。","エントリ・ブロック・アイテムの子要素は最大 300 個です。","Uma entrada, bloco ou item pode ter no máximo 300 filhos.","条目、区块或物品最多只能有 300 个子元素。"
"VSTR_XMLE_SPB_C_OK","No problems found.","No problems found.","Žádné problémy.","Keine Probleme gefunden.","Проблем не найдено.","Nie znaleziono problemów.","Nincs probléma.","Nessun problema trovato.","No se encontraron problemas.","Aucun problème trouvé.","未發現問題。","問題は見つかりません。","Nenhum problema encontrado.","未发现问题。"
"VSTR_XMLE_SPB_C_MORE","... and %1 more","... and %1 more","... a %1 dalších","... und %1 weitere","... и ещё %1","... i %1 więcej","... és még %1","... e altri %1","... y %1 más","... et %1 de plus","……還有 %1 項","……ほか %1 件","... e mais %1","……还有 %1 项"
"VSTR_XMLE_SPB_C_NOT_CE","%1 is not in any types file: the server skips this entry.","%1 is not in any types file: the server skips this entry.","%1 není v žádném souboru types: server tuto položku přeskočí.","%1 steht in keiner Types-Datei: der Server überspringt diesen Eintrag.","%1 нет ни в одном файле types: сервер пропускает эту запись.","%1 nie ma w żadnym pliku types: serwer pomija ten wpis.","%1 nem szerepel egyik types fájlban sem: a szerver kihagyja ezt a bejegyzést.","%1 non è in nessun file types: il server salta questa voce.","%1 no está en ningún archivo types: el servidor omite esta entrada.","%1 n’est dans aucun fichier types : le serveur ignore cette entrée.","%1 不在任何 types 檔案中：伺服器會略過此項目。","%1 はどの types ファイルにもありません：サーバーはこのエントリを無視します。","%1 não está em nenhum arquivo types: o servidor ignora esta entrada.","%1 不在任何 types 文件中：服务器会跳过此条目。"
"VSTR_XMLE_SPB_C_FILE_DAMAGE","No own damage: the file default %1 - %2 applies.","No own damage: the file default %1 - %2 applies.","Bez vlastního poškození: platí výchozí hodnota souboru %1 - %2.","Kein eigener Schaden: der Datei-Standard %1 - %2 gilt.","Своего повреждения нет: действует значение файла по умолчанию %1 - %2.","Brak własnego uszkodzenia: obowiązuje domyślne z pliku %1 - %2.","Nincs saját sérülés: a fájl alapértéke (%1 - %2) érvényes.","Nessun danno proprio: vale il predefinito del file %1 - %2.","Sin daño propio: se aplica el valor por defecto del archivo %1 - %2.","Pas de dégâts propres : la valeur par défaut du fichier %1 - %2 s’applique.","沒有自己的損壞設定：套用檔案預設值 %1 - %2。","独自のダメージなし：ファイルの既定値 %1 - %2 が適用されます。","Sem dano próprio: vale o padrão do arquivo %1 - %2.","没有自己的损坏设置：使用文件默认值 %1 - %2。"
"VSTR_XMLE_SPB_C_SUB_ORDER","Subcounter min is above max.","Subcounter min is above max.","Subcounter min je vyšší než max.","Subcounter min ist größer als max.","Subcounter min больше max.","Subcounter min jest większe niż max.","A subcounter min nagyobb, mint a max.","Subcounter min è maggiore di max.","Subcounter mín es mayor que máx.","Subcounter min est supérieur à max.","Subcounter 最小值大於最大值。","Subcounter の最小が最大を超えています。","Subcounter mín é maior que máx.","Subcounter 最小值大于最大值。"
"VSTR_XMLE_SPB_C_MULTI_DEF","Defined %1 times across the spawnabletypes files: later definitions merge over earlier ones (see MERGED).","Defined %1 times across the spawnabletypes files: later definitions merge over earlier ones (see MERGED).","Definováno %1krát v souborech spawnabletypes: pozdější definice se slučují přes dřívější (viz SLOUČENO).","%1-mal in den Spawnabletypes-Dateien definiert: spätere Definitionen werden über frühere gelegt (siehe ZUSAMMENGEFÜHRT).","Определено %1 раз(а) в файлах spawnabletypes: поздние определения накладываются на ранние (см. ИТОГ).","Zdefiniowano %1 razy w plikach spawnabletypes: późniejsze definicje nakładają się na wcześniejsze (zob. SCALONE).","%1 alkalommal definiálva a spawnabletypes fájlokban: a későbbi definíciók felülírják a korábbiakat (lásd ÖSSZEVONT).","Definito %1 volte nei file spawnabletypes: le definizioni successive si uniscono alle precedenti (vedi UNITO).","Definido %1 veces en los archivos spawnabletypes: las definiciones posteriores se combinan sobre las anteriores (ver COMBINADO).","Défini %1 fois dans les fichiers spawnabletypes : les définitions suivantes fusionnent par-dessus les précédentes (voir FUSIONNÉ).","在 spawnabletypes 檔案中定義了 %1 次：較後的定義會合併覆蓋較早的（見合併結果）。","spawnabletypes ファイル全体で %1 回定義されています：後の定義が前の定義に統合されます（統合結果を参照）。","Definido %1 vezes nos arquivos spawnabletypes: definições posteriores se mesclam sobre as anteriores (veja MESCLADO).","在 spawnabletypes 文件中定义了 %1 次：较后的定义会合并覆盖较早的（见合并结果）。"
"VSTR_XMLE_SPB_C_SHADOWED","An earlier preset of this name and kind exists: the server ignores this one.","An earlier preset of this name and kind exists: the server ignores this one.","Existuje dřívější preset tohoto názvu a druhu: server tento ignoruje.","Ein früheres Preset mit diesem Namen und dieser Art existiert: der Server ignoriert dieses.","Уже есть более ранний пресет с этим именем и видом: сервер игнорирует этот.","Istnieje wcześniejszy preset o tej nazwie i rodzaju: serwer ignoruje ten.","Létezik korábbi preset ezzel a névvel és fajtával: a szerver ezt figyelmen kívül hagyja.","Esiste già un preset precedente con questo nome e tipo: il server ignora questo.","Ya existe un preset anterior con este nombre y tipo: el servidor ignora este.","Un preset antérieur de ce nom et de ce type existe : le serveur ignore celui-ci.","已有同名同類的較早預設組：伺服器會忽略此預設組。","同じ名前と種類の先行プリセットがあります：サーバーはこちらを無視します。","Já existe um preset anterior com este nome e tipo: o servidor ignora este.","已有同名同类的较早预设：服务器会忽略此预设。"
"VSTR_XMLE_SPB_C_PRESET_EMPTY","The preset has no items: the server drops it.","The preset has no items: the server drops it.","Preset nemá žádné předměty: server ho zahodí.","Das Preset hat keine Items: der Server verwirft es.","В пресете нет предметов: сервер его отбрасывает.","Preset nie ma przedmiotów: serwer go odrzuca.","A presetnek nincsenek tárgyai: a szerver eldobja.","Il preset non ha oggetti: il server lo scarta.","El preset no tiene objetos: el servidor lo descarta.","Le preset n’a aucun objet : le serveur l’abandonne.","此預設組沒有物品：伺服器會捨棄它。","このプリセットにはアイテムがありません：サーバーは破棄します。","O preset não tem itens: o servidor o descarta.","此预设没有物品：服务器会丢弃它。"
"VSTR_XMLE_SPB_C_UNUSED","No block uses this preset.","No block uses this preset.","Tento preset nepoužívá žádný blok.","Kein Block nutzt dieses Preset.","Этот пресет не используется ни одним блоком.","Żaden blok nie używa tego presetu.","Egyik blokk sem használja ezt a presetet.","Nessun blocco usa questo preset.","Ningún bloque usa este preset.","Aucun bloc n’utilise ce preset.","沒有區塊使用此預設組。","このプリセットを使うブロックはありません。","Nenhum bloco usa este preset.","没有区块使用此预设。"
"VSTR_XMLE_SPB_C_USED","Used by %1 block(s).","Used by %1 block(s).","Používá %1 blok(ů).","Von %1 Block/Blöcken genutzt.","Используется блоками: %1.","Używany przez %1 blok(ów).","%1 blokk használja.","Usato da %1 blocco/i.","Usado por %1 bloque(s).","Utilisé par %1 bloc(s).","被 %1 個區塊使用。","%1 個のブロックが使用しています。","Usado por %1 bloco(s).","被 %1 个区块使用。"
"VSTR_XMLE_SPB_C_PRESET_NO_CHANCE","No chance set: blocks using this preset always spawn it unless they set their own chance.","No chance set: blocks using this preset always spawn it unless they set their own chance.","Šance není nastavena: bloky s tímto presetem ho spawnují vždy, pokud nemají vlastní šanci.","Keine Chance gesetzt: Blöcke mit diesem Preset spawnen es immer, außer sie setzen eine eigene Chance.","Шанс не задан: блоки с этим пресетом всегда его спавнят, если не задают свой шанс.","Brak szansy: bloki z tym presetem zawsze go spawnują, chyba że mają własną szansę.","Nincs esély megadva: a presetet használó blokkok mindig spawnolják, hacsak nincs saját esélyük.","Nessuna probabilità: i blocchi che usano questo preset lo generano sempre, salvo probabilità propria.","Sin probabilidad: los bloques que usan este preset siempre lo generan, salvo que tengan su propia probabilidad.","Aucune chance définie : les blocs qui utilisent ce preset le font toujours apparaître, sauf chance propre.","未設定機率：使用此預設組的區塊一定會生成，除非它們設定了自己的機率。","確率未設定：このプリセットを使うブロックは独自の確率がない限り常に出現させます。","Sem chance definida: blocos que usam este preset sempre o geram, a menos que tenham chance própria.","未设置概率：使用此预设的区块总会生成，除非它们设置了自己的概率。"
"VSTR_XMLE_SPB_C_PRESET_NEVER","Chance 0: blocks using this preset never spawn it unless they set their own chance.","Chance 0: blocks using this preset never spawn it unless they set their own chance.","Šance 0: bloky s tímto presetem ho nikdy nespawnují, pokud nemají vlastní šanci.","Chance 0: Blöcke mit diesem Preset spawnen es nie, außer sie setzen eine eigene Chance.","Шанс 0: блоки с этим пресетом никогда его не спавнят, если не задают свой шанс.","Szansa 0: bloki z tym presetem nigdy go nie spawnują, chyba że mają własną szansę.","Esély 0: a presetet használó blokkok soha nem spawnolják, hacsak nincs saját esélyük.","Probabilità 0: i blocchi che usano questo preset non lo generano mai, salvo probabilità propria.","Probabilidad 0: los bloques que usan este preset nunca lo generan, salvo que tengan su propia probabilidad.","Chance 0 : les blocs qui utilisent ce preset ne le font jamais apparaître, sauf chance propre.","機率 0：使用此預設組的區塊永遠不會生成，除非它們設定了自己的機率。","確率 0：このプリセットを使うブロックは独自の確率がない限り出現させません。","Chance 0: blocos que usam este preset nunca o geram, a menos que tenham chance própria.","概率 0：使用此预设的区块永远不会生成，除非它们设置了自己的概率。"
"VSTR_XMLE_SPB_C_PRESET_MISSING","preset %1 was not found: only the block's own items spawn.","preset %1 was not found: only the block's own items spawn.","preset %1 nebyl nalezen: spawnují se jen vlastní předměty bloku.","Preset %1 nicht gefunden: nur die eigenen Items des Blocks spawnen.","пресет %1 не найден: спавнятся только собственные предметы блока.","nie znaleziono presetu %1: spawnują się tylko własne przedmioty bloku.","a(z) %1 preset nem található: csak a blokk saját tárgyai jelennek meg.","preset %1 non trovato: vengono generati solo gli oggetti propri del blocco.","no se encontró el preset %1: solo aparecen los objetos propios del bloque.","preset %1 introuvable : seuls les objets propres du bloc apparaissent.","找不到預設組 %1：只會生成區塊自己的物品。","プリセット %1 が見つかりません：ブロック自身のアイテムのみ出現します。","preset %1 não encontrado: só os itens próprios do bloco aparecem.","找不到预设 %1：只会生成区块自己的物品。"
"VSTR_XMLE_SPB_C_PRESET_WRONG_KIND","%1 is a preset of the other kind (cargo and attachments presets are separate): it is not found.","%1 is a preset of the other kind (cargo and attachments presets are separate): it is not found.","%1 je preset jiného druhu (presety nákladu a doplňků jsou oddělené): nebude nalezen.","%1 ist ein Preset der anderen Art (Cargo- und Anbauteil-Presets sind getrennt): es wird nicht gefunden.","%1 — пресет другого вида (пресеты груза и обвеса раздельны): он не будет найден.","%1 to preset innego rodzaju (presety ładunku i dodatków są oddzielne): nie zostanie znaleziony.","%1 a másik fajta presete (a rakomány és tartozék presetek külön vannak): nem található.","%1 è un preset dell’altro tipo (i preset cargo e accessori sono separati): non viene trovato.","%1 es un preset del otro tipo (los presets de carga y de accesorios están separados): no se encuentra.","%1 est un preset de l’autre type (les presets cargo et accessoires sont séparés) : il est introuvable.","%1 是另一類的預設組（貨物與配件預設組是分開的）：找不到它。","%1 は別の種類のプリセットです（カーゴとアタッチメントのプリセットは別）：見つかりません。","%1 é um preset do outro tipo (presets de carga e de acessórios são separados): não é encontrado.","%1 是另一类的预设（货物与配件预设是分开的）：找不到它。"
"VSTR_XMLE_SPB_C_BLOCK_EMPTY","empty block, it spawns nothing.","empty block, it spawns nothing.","prázdný blok, nic nespawnuje.","leerer Block, er spawnt nichts.","пустой блок, ничего не спавнит.","pusty blok, niczego nie spawnuje.","üres blokk, semmit sem hoz létre.","blocco vuoto, non genera nulla.","bloque vacío, no genera nada.","bloc vide, il ne fait rien apparaître.","空區塊，不會生成任何東西。","空のブロック、何も出現しません。","bloco vazio, não gera nada.","空区块，不会生成任何东西。"
"VSTR_XMLE_SPB_C_CHANCE_NEG","a negative chance counts as 1 (always).","a negative chance counts as 1 (always).","záporná šance se počítá jako 1 (vždy).","eine negative Chance zählt als 1 (immer).","отрицательный шанс считается как 1 (всегда).","ujemna szansa liczy się jako 1 (zawsze).","a negatív esély 1-nek számít (mindig).","una probabilità negativa vale 1 (sempre).","una probabilidad negativa cuenta como 1 (siempre).","une chance négative compte comme 1 (toujours).","負機率會視為 1（一定）。","負の確率は 1（常に）として扱われます。","uma chance negativa conta como 1 (sempre).","负概率会视为 1（总是）。"
"VSTR_XMLE_SPB_C_CHANCE_ZERO","chance 0, it never spawns.","chance 0, it never spawns.","šance 0, nikdy se nespawnuje.","Chance 0, spawnt nie.","шанс 0, никогда не появляется.","szansa 0, nigdy się nie pojawia.","esély 0, soha nem jelenik meg.","probabilità 0, non compare mai.","probabilidad 0, nunca aparece.","chance 0, n’apparaît jamais.","機率 0，永遠不會生成。","確率 0、出現しません。","chance 0, nunca aparece.","概率 0，永远不会生成。"
"VSTR_XMLE_SPB_C_ITEM_IGNORED","the item is in cfgignorelist.xml: the server drops it.","the item is in cfgignorelist.xml: the server drops it.","předmět je v cfgignorelist.xml: server ho zahodí.","das Item steht in cfgignorelist.xml: der Server verwirft es.","предмет есть в cfgignorelist.xml: сервер его отбрасывает.","przedmiot jest w cfgignorelist.xml: serwer go odrzuca.","a tárgy szerepel a cfgignorelist.xml-ben: a szerver eldobja.","l’oggetto è in cfgignorelist.xml: il server lo scarta.","el objeto está en cfgignorelist.xml: el servidor lo descarta.","l’objet est dans cfgignorelist.xml : le serveur l’abandonne.","物品在 cfgignorelist.xml 中：伺服器會捨棄它。","アイテムが cfgignorelist.xml にあります：サーバーは破棄します。","o item está em cfgignorelist.xml: o servidor o descarta.","物品在 cfgignorelist.xml 中：服务器会丢弃它。"
"VSTR_XMLE_SPB_C_ITEM_NO_CLASS","no config class of this name, nothing spawns.","no config class of this name, nothing spawns.","žádná třída configu tohoto názvu, nic se nespawnuje.","keine Config-Klasse dieses Namens, nichts spawnt.","нет класса конфига с таким именем, ничего не появится.","brak klasy configu o tej nazwie, nic się nie pojawi.","nincs ilyen nevű config osztály, semmi sem jelenik meg.","nessuna classe config con questo nome, non compare nulla.","no hay clase de config con este nombre, no aparece nada.","aucune classe config de ce nom, rien n’apparaît.","沒有此名稱的 config 類別，不會生成任何東西。","この名前の config クラスがなく、何も出現しません。","nenhuma classe de config com este nome, nada aparece.","没有此名称的 config 类，不会生成任何东西。"
"VSTR_XMLE_SPB_C_QUANT_RANGE","quantity must be 0 to 100 (percent).","quantity must be 0 to 100 (percent).","množství musí být 0 až 100 (procent).","Menge muss 0 bis 100 (Prozent) sein.","количество должно быть от 0 до 100 (процентов).","ilość musi wynosić od 0 do 100 (procent).","a mennyiség 0 és 100 között legyen (százalék).","la quantità deve essere da 0 a 100 (percento).","la cantidad debe ser de 0 a 100 (por ciento).","la quantité doit être de 0 à 100 (pour cent).","數量必須是 0 到 100（百分比）。","量は 0～100（パーセント）にしてください。","a quantidade deve ser de 0 a 100 (por cento).","数量必须是 0 到 100（百分比）。"
"VSTR_XMLE_SPB_C_QUANT_ORDER","quantity min is above max.","quantity min is above max.","minimum množství je vyšší než maximum.","Mengen-Minimum ist größer als das Maximum.","минимальное количество больше максимального.","minimalna ilość jest większa niż maksymalna.","a minimális mennyiség nagyobb a maximálisnál.","la quantità minima supera la massima.","la cantidad mínima supera la máxima.","la quantité min est supérieure à la max.","數量最小值大於最大值。","量の最小が最大を超えています。","a quantidade mínima é maior que a máxima.","数量最小值大于最大值。"
"VSTR_XMLE_SPB_C_DAMAGE_RANGE","damage must be 0 to 1.","damage must be 0 to 1.","poškození musí být 0 až 1.","Schaden muss 0 bis 1 sein.","повреждение должно быть от 0 до 1.","uszkodzenie musi wynosić od 0 do 1.","a sérülés 0 és 1 között legyen.","il danno deve essere da 0 a 1.","el daño debe ser de 0 a 1.","les dégâts doivent être de 0 à 1.","損壞必須是 0 到 1。","ダメージは 0～1 にしてください。","o dano deve ser de 0 a 1.","损坏必须是 0 到 1。"
"VSTR_XMLE_SPB_C_DAMAGE_ORDER","damage min is above max: the server raises max to min.","damage min is above max: the server raises max to min.","minimum poškození je vyšší než maximum: server zvýší maximum na minimum.","Schadens-Minimum ist größer als das Maximum: der Server hebt das Maximum auf das Minimum.","минимальное повреждение больше максимального: сервер поднимет максимум до минимума.","minimalne uszkodzenie jest większe niż maksymalne: serwer podniesie maksimum do minimum.","a minimális sérülés nagyobb a maximálisnál: a szerver a maximumot a minimumra emeli.","il danno minimo supera il massimo: il server alza il massimo al minimo.","el daño mínimo supera el máximo: el servidor sube el máximo al mínimo.","les dégâts min sont supérieurs aux max : le serveur relève le max au min.","損壞最小值大於最大值：伺服器會把最大值提高到最小值。","ダメージの最小が最大を超えています：サーバーは最大を最小まで引き上げます。","o dano mínimo é maior que o máximo: o servidor eleva o máximo ao mínimo.","损坏最小值大于最大值：服务器会把最大值提高到最小值。"
"VSTR_XMLE_SPB_M_DEFS","Definitions","Definitions","Definice","Definitionen","Определения","Definicje","Definíciók","Definizioni","Definiciones","Définitions","定義數","定義数","Definições","定义数"
"VSTR_XMLE_SPB_M_YES","Yes","Yes","Ano","Ja","Да","Tak","Igen","Sì","Sí","Oui","是","はい","Sim","是"
"VSTR_XMLE_SPB_M_NO","No","No","Ne","Nein","Нет","Nie","Nem","No","No","Non","否","いいえ","Não","否"
"VSTR_XMLE_SPB_M_NONE","none","none","žádné","keine","нет","brak","nincs","nessuno","ninguno","aucun","無","なし","nenhum","无"
"VSTR_XMLE_SPB_M_PRISTINE","none (pristine)","none (pristine)","žádné (bezvadný)","keiner (makellos)","нет (идеальное)","brak (nienaruszony)","nincs (hibátlan)","nessuno (intatto)","ninguno (impecable)","aucun (intact)","無（完好）","なし（新品）","nenhum (intacto)","无（完好）"
"VSTR_XMLE_SPB_M_BLOCKS","%1 block(s)","%1 block(s)","%1 blok(ů)","%1 Block/Blöcke","блоков: %1","%1 blok(ów)","%1 blokk","%1 blocco/i","%1 bloque(s)","%1 bloc(s)","%1 個區塊","ブロック %1 個","%1 bloco(s)","%1 个区块"
"VSTR_XMLE_SPB_M_NOTE","The type as the server builds it from every spawnabletypes file in load order: hoarder and unique come from the last definition that sets either, damage from the last one with damage, cargo and attachments each from the last definition that has blocks of that kind.","The type as the server builds it from every spawnabletypes file in load order: hoarder and unique come from the last definition that sets either, damage from the last one with damage, cargo and attachments each from the last definition that has blocks of that kind.","Typ tak, jak ho server sestaví ze všech souborů spawnabletypes v pořadí načítání: hoarder a unique z poslední definice, která nastavuje jedno z nich, poškození z poslední s poškozením, náklad a doplňky každý z poslední definice, která má bloky daného druhu.","Der Typ, wie der Server ihn aus allen Spawnabletypes-Dateien in Ladereihenfolge baut: hoarder und unique aus der letzten Definition, die eines davon setzt, Schaden aus der letzten mit Schaden, Cargo und Anbauteile jeweils aus der letzten Definition mit Blöcken dieser Art.","Тип так, как его собирает сервер из всех файлов spawnabletypes в порядке загрузки: hoarder и unique — из последнего определения, где задан хотя бы один из них, повреждение — из последнего с повреждением, груз и обвес — каждый из последнего определения с блоками этого вида.","Typ tak, jak serwer buduje go ze wszystkich plików spawnabletypes w kolejności wczytywania: hoarder i unique z ostatniej definicji ustawiającej którekolwiek z nich, uszkodzenie z ostatniej z uszkodzeniem, ładunek i dodatki każde z ostatniej definicji z blokami danego rodzaju.","A típus úgy, ahogy a szerver az összes spawnabletypes fájlból felépíti betöltési sorrendben: a hoarder és unique az utolsó olyan definícióból, amely bármelyiket beállítja, a sérülés az utolsó sérülést tartalmazóból, a rakomány és a tartozékok külön-külön az utolsó olyan definícióból, amelyben van ilyen blokk.","Il tipo come lo costruisce il server da tutti i file spawnabletypes in ordine di caricamento: hoarder e unique dall’ultima definizione che ne imposta uno, il danno dall’ultima con danno, cargo e accessori ciascuno dall’ultima definizione con blocchi di quel tipo.","El tipo tal como lo construye el servidor a partir de todos los archivos spawnabletypes en orden de carga: hoarder y unique de la última definición que establece alguno, el daño de la última con daño, carga y accesorios cada uno de la última definición con bloques de ese tipo.","Le type tel que le serveur le construit à partir de tous les fichiers spawnabletypes dans l’ordre de chargement : hoarder et unique de la dernière définition qui définit l’un des deux, les dégâts de la dernière avec dégâts, cargo et accessoires chacun de la dernière définition ayant des blocs de ce type.","伺服器依載入順序從所有 spawnabletypes 檔案建立出的類型：hoarder 與 unique 取自最後一個設定其中之一的定義，損壞取自最後一個有損壞的定義，貨物與配件各自取自最後一個含該類區塊的定義。","サーバーが全 spawnabletypes ファイルから読み込み順に組み立てたタイプ：hoarder と unique はどちらかを設定する最後の定義から、ダメージはダメージを持つ最後の定義から、カーゴとアタッチメントはそれぞれその種類のブロックを持つ最後の定義から取られます。","O tipo como o servidor o monta a partir de todos os arquivos spawnabletypes na ordem de carga: hoarder e unique da última definição que define um deles, o dano da última com dano, carga e acessórios cada um da última definição com blocos desse tipo.","服务器按加载顺序从所有 spawnabletypes 文件构建出的类型：hoarder 和 unique 取自最后一个设置其中之一的定义，损坏取自最后一个有损坏的定义，货物和配件各自取自最后一个含该类区块的定义。"
"VSTR_XMLE_SPB_TIP_NAME","The type's class name (it must be in a types file), or the name blocks use to refer to this preset.","The type's class name (it must be in a types file), or the name blocks use to refer to this preset.","Název třídy typu (musí být v souboru types), nebo název, kterým bloky odkazují na tento preset.","Klassenname des Typs (muss in einer Types-Datei stehen) oder der Name, mit dem Blöcke auf dieses Preset verweisen.","Имя класса типа (должно быть в файле types) или имя, по которому блоки ссылаются на этот пресет.","Nazwa klasy typu (musi być w pliku types) lub nazwa, którą bloki odwołują się do tego presetu.","A típus osztályneve (szerepelnie kell egy types fájlban), vagy az a név, amellyel a blokkok erre a presetre hivatkoznak.","Nome classe del tipo (deve essere in un file types) o il nome con cui i blocchi si riferiscono a questo preset.","Nombre de clase del tipo (debe estar en un archivo types) o el nombre con el que los bloques se refieren a este preset.","Nom de classe du type (il doit figurer dans un fichier types), ou le nom par lequel les blocs désignent ce preset.","類型的類別名稱（必須在 types 檔案中），或區塊用來參照此預設組的名稱。","タイプのクラス名（types ファイルにある必要があります）、またはブロックがこのプリセットを参照する名前。","Nome de classe do tipo (deve estar em um arquivo types) ou o nome com que os blocos se referem a este preset.","类型的类名（必须在 types 文件中），或区块用来引用此预设的名称。"
"VSTR_XMLE_SPB_TIP_PRESET_CHANCE","Chance, 0 to 1, that blocks using this preset get unless they set their own. Empty = always.","Chance, 0 to 1, that blocks using this preset get unless they set their own. Empty = always.","Šance 0 až 1, kterou dostanou bloky s tímto presetem, pokud nemají vlastní. Prázdné = vždy.","Chance von 0 bis 1, die Blöcke mit diesem Preset bekommen, außer sie setzen eine eigene. Leer = immer.","Шанс от 0 до 1, который получают блоки с этим пресетом, если не задают свой. Пусто = всегда.","Szansa od 0 do 1, którą dostają bloki z tym presetem, chyba że mają własną. Puste = zawsze.","Esély 0 és 1 között, amelyet a presetet használó blokkok kapnak, hacsak nincs sajátjuk. Üres = mindig.","Probabilità da 0 a 1 che ricevono i blocchi che usano questo preset, salvo probabilità propria. Vuoto = sempre.","Probabilidad de 0 a 1 que reciben los bloques que usan este preset, salvo que tengan la suya. Vacío = siempre.","Chance de 0 à 1 que reçoivent les blocs utilisant ce preset, sauf chance propre. Vide = toujours.","使用此預設組的區塊取得的機率（0 到 1），除非它們設定自己的機率。空白 = 一定。","このプリセットを使うブロックが独自に設定しない場合の確率（0～1）。空 = 常に。","Chance de 0 a 1 que os blocos que usam este preset recebem, a menos que tenham a sua. Vazio = sempre.","使用此预设的区块获得的概率（0 到 1），除非它们设置自己的概率。空 = 总是。"
"VSTR_XMLE_SPB_TIP_HOARDER","Engine hoarder flag. Vanilla sets it on storage containers such as tents, barrels and crates.","Engine hoarder flag. Vanilla sets it on storage containers such as tents, barrels and crates.","Příznak hoarder enginu. Vanilla ho nastavuje u úložných kontejnerů, jako jsou stany, sudy a bedny.","Hoarder-Flag der Engine. Vanilla setzt es bei Lagerbehältern wie Zelten, Fässern und Kisten.","Флаг hoarder движка. В ванилле он стоит у контейнеров для хранения: палаток, бочек, ящиков.","Flaga hoarder silnika. Vanilla ustawia ją dla pojemników do przechowywania, jak namioty, beczki i skrzynie.","A motor hoarder jelzője. A vanilla a tárolókon állítja be, például sátrakon, hordókon és ládákon.","Flag hoarder del motore. Il vanilla lo imposta sui contenitori come tende, barili e casse.","Indicador hoarder del motor. El vanilla lo pone en contenedores de almacenamiento como tiendas, barriles y cajas.","Drapeau hoarder du moteur. Le vanilla le met sur les conteneurs de stockage comme tentes, tonneaux et caisses.","引擎的 hoarder 旗標。原版會在帳篷、桶子、箱子等儲物容器上設定。","エンジンの hoarder フラグ。バニラではテント・樽・木箱などの収納容器に設定されています。","Sinalizador hoarder do motor. O vanilla o define em recipientes de armazenamento como barracas, barris e caixas.","引擎的 hoarder 标志。原版会在帐篷、桶、箱子等储物容器上设置。"
"VSTR_XMLE_SPB_TIP_UNIQUE","Engine unique flag (undocumented; kept as written).","Engine unique flag (undocumented; kept as written).","Příznak unique enginu (nedokumentovaný; zachová se, jak je zapsán).","Unique-Flag der Engine (undokumentiert; bleibt wie geschrieben).","Флаг unique движка (не документирован; сохраняется как записан).","Flaga unique silnika (nieudokumentowana; zachowana tak, jak zapisano).","A motor unique jelzője (nem dokumentált; úgy marad, ahogy írva van).","Flag unique del motore (non documentato; mantenuto com’è scritto).","Indicador unique del motor (no documentado; se conserva tal cual).","Drapeau unique du moteur (non documenté ; conservé tel qu’écrit).","引擎的 unique 旗標（未記載於文件；保留原樣）。","エンジンの unique フラグ（非公開；記述どおり保持）。","Sinalizador unique do motor (não documentado; mantido como escrito).","引擎的 unique 标志（未在文档中说明；保持原样）。"
"VSTR_XMLE_SPB_TIP_DAMAGE","Damage the item spawns with, 0 (pristine) to 1 (ruined). Without it, the file default applies if the file has one.","Damage the item spawns with, 0 (pristine) to 1 (ruined). Without it, the file default applies if the file has one.","Poškození, se kterým se předmět spawnuje, 0 (bezvadný) až 1 (zničený). Bez něj platí výchozí hodnota souboru, pokud ji soubor má.","Schaden, mit dem das Item spawnt, 0 (makellos) bis 1 (zerstört). Ohne ihn gilt der Datei-Standard, falls vorhanden.","Повреждение при спавне, от 0 (идеальное) до 1 (разрушено). Без него действует значение файла, если оно есть.","Uszkodzenie przy spawnie, od 0 (nienaruszony) do 1 (zniszczony). Bez niego obowiązuje domyślne z pliku, jeśli istnieje.","Sérülés, amellyel a tárgy megjelenik, 0 (hibátlan) és 1 (tönkrement) között. Nélküle a fájl alapértéke érvényes, ha van.","Danno con cui compare l’oggetto, da 0 (intatto) a 1 (rovinato). Senza, vale il predefinito del file se presente.","Daño con el que aparece el objeto, de 0 (impecable) a 1 (arruinado). Sin él se aplica el valor del archivo, si lo tiene.","Dégâts à l’apparition, de 0 (intact) à 1 (ruiné). Sans cela, la valeur par défaut du fichier s’applique s’il en a une.","物品生成時的損壞，0（完好）到 1（毀損）。未設定時，若檔案有預設值則套用。","アイテム出現時のダメージ、0（新品）～1（破損）。未設定ならファイルに既定値があればそれが適用されます。","Dano com que o item aparece, de 0 (intacto) a 1 (arruinado). Sem ele, vale o padrão do arquivo, se houver.","物品生成时的损坏，0（完好）到 1（毁坏）。未设置时，若文件有默认值则使用。"
"VSTR_XMLE_SPB_TIP_NAMESPACE","Cargo presets and attachments presets are separate: a cargo block only finds cargo presets, an attachments block only attachments presets.","Cargo presets and attachments presets are separate: a cargo block only finds cargo presets, an attachments block only attachments presets.","Presety nákladu a doplňků jsou oddělené: blok nákladu najde jen presety nákladu, blok doplňků jen presety doplňků.","Cargo- und Anbauteil-Presets sind getrennt: ein Cargo-Block findet nur Cargo-Presets, ein Anbauteil-Block nur Anbauteil-Presets.","Пресеты груза и обвеса раздельны: блок груза находит только пресеты груза, блок обвеса — только пресеты обвеса.","Presety ładunku i dodatków są oddzielne: blok ładunku znajduje tylko presety ładunku, blok dodatków tylko presety dodatków.","A rakomány és tartozék presetek külön vannak: a rakomány blokk csak rakomány presetet talál, a tartozék blokk csak tartozék presetet.","I preset cargo e accessori sono separati: un blocco cargo trova solo preset cargo, un blocco accessori solo preset accessori.","Los presets de carga y de accesorios están separados: un bloque de carga solo encuentra presets de carga, uno de accesorios solo de accesorios.","Les presets cargo et accessoires sont séparés : un bloc cargo ne trouve que des presets cargo, un bloc accessoires que des presets accessoires.","貨物預設組與配件預設組是分開的：貨物區塊只找得到貨物預設組，配件區塊只找得到配件預設組。","カーゴとアタッチメントのプリセットは別です：カーゴブロックはカーゴプリセットのみ、アタッチメントブロックはアタッチメントプリセットのみ参照できます。","Presets de carga e de acessórios são separados: um bloco de carga só encontra presets de carga, um de acessórios só de acessórios.","货物预设与配件预设是分开的：货物区块只能找到货物预设，配件区块只能找到配件预设。"
"VSTR_XMLE_SPB_TIP_BIND","Bind name (an undocumented engine tag, kept as written).","Bind name (an undocumented engine tag, kept as written).","Název bind (nedokumentovaný tag enginu, zachová se, jak je zapsán).","Bind-Name (ein undokumentierter Engine-Tag, bleibt wie geschrieben).","Имя bind (недокументированный тег движка, сохраняется как записан).","Nazwa bind (nieudokumentowany tag silnika, zachowana tak, jak zapisano).","Bind név (nem dokumentált motor-tag, úgy marad, ahogy írva van).","Nome bind (un tag del motore non documentato, mantenuto com’è scritto).","Nombre bind (una etiqueta del motor no documentada, se conserva tal cual).","Nom bind (une balise moteur non documentée, conservée telle qu’écrite).","bind 名稱（未記載於文件的引擎標籤，保留原樣）。","bind 名（非公開のエンジンタグ、記述どおり保持）。","Nome bind (uma tag não documentada do motor, mantida como escrita).","bind 名称（未在文档中说明的引擎标签，保持原样）。"
"VSTR_XMLE_SPB_TIP_SUBCOUNTER","Subcounter min and max, whole numbers (an undocumented engine tag).","Subcounter min and max, whole numbers (an undocumented engine tag).","Subcounter min a max, celá čísla (nedokumentovaný tag enginu).","Subcounter min und max, ganze Zahlen (ein undokumentierter Engine-Tag).","Subcounter min и max, целые числа (недокументированный тег движка).","Subcounter min i max, liczby całkowite (nieudokumentowany tag silnika).","Subcounter min és max, egész számok (nem dokumentált motor-tag).","Subcounter min e max, numeri interi (un tag del motore non documentato).","Subcounter mín y máx, números enteros (una etiqueta del motor no documentada).","Subcounter min et max, nombres entiers (une balise moteur non documentée).","Subcounter 最小與最大，整數（未記載於文件的引擎標籤）。","Subcounter の最小と最大、整数（非公開のエンジンタグ）。","Subcounter mín e máx, números inteiros (uma tag não documentada do motor).","Subcounter 最小和最大，整数（未在文档中说明的引擎标签）。"
"VSTR_XMLE_SPB_TIP_BATCH","Spawn batch, a whole number, default 1 (an undocumented engine tag).","Spawn batch, a whole number, default 1 (an undocumented engine tag).","Spawn batch, celé číslo, výchozí 1 (nedokumentovaný tag enginu).","Spawn batch, eine ganze Zahl, Standard 1 (ein undokumentierter Engine-Tag).","Spawn batch, целое число, по умолчанию 1 (недокументированный тег движка).","Spawn batch, liczba całkowita, domyślnie 1 (nieudokumentowany tag silnika).","Spawn batch, egész szám, alapértelmezés 1 (nem dokumentált motor-tag).","Spawn batch, numero intero, predefinito 1 (un tag del motore non documentato).","Spawn batch, número entero, por defecto 1 (una etiqueta del motor no documentada).","Spawn batch, nombre entier, 1 par défaut (une balise moteur non documentée).","Spawn batch，整數，預設 1（未記載於文件的引擎標籤）。","Spawn batch、整数、既定値 1（非公開のエンジンタグ）。","Spawn batch, número inteiro, padrão 1 (uma tag não documentada do motor).","Spawn batch，整数，默认 1（未在文档中说明的引擎标签）。"
"VSTR_XMLE_SPB_TIP_BLOCK_CHANCE","Chance of the whole block, 0 to 1. The block spawns at most ONE of its items. Empty = the preset chance, or always without a preset.","Chance of the whole block, 0 to 1. The block spawns at most ONE of its items. Empty = the preset chance, or always without a preset.","Šance celého bloku, 0 až 1. Blok spawnuje nejvýše JEDEN ze svých předmětů. Prázdné = šance presetu, bez presetu vždy.","Chance des ganzen Blocks, 0 bis 1. Der Block spawnt höchstens EIN seiner Items. Leer = Chance des Presets, ohne Preset immer.","Шанс всего блока, от 0 до 1. Блок спавнит не более ОДНОГО своего предмета. Пусто = шанс пресета, без пресета — всегда.","Szansa całego bloku, od 0 do 1. Blok spawnuje najwyżej JEDEN ze swoich przedmiotów. Puste = szansa presetu, bez presetu zawsze.","Az egész blokk esélye, 0 és 1 között. A blokk legfeljebb EGY tárgyát hozza létre. Üres = a preset esélye, preset nélkül mindig.","Probabilità dell’intero blocco, da 0 a 1. Il blocco genera al massimo UNO dei suoi oggetti. Vuoto = probabilità del preset, senza preset sempre.","Probabilidad del bloque entero, de 0 a 1. El bloque genera como máximo UNO de sus objetos. Vacío = la del preset, o siempre sin preset.","Chance du bloc entier, de 0 à 1. Le bloc fait apparaître au plus UN de ses objets. Vide = chance du preset, ou toujours sans preset.","整個區塊的機率，0 到 1。區塊最多只生成其中一個物品。空白 = 預設組的機率，沒有預設組則一定。","ブロック全体の確率、0～1。ブロックが出現させるのはアイテム 1 個までです。空 = プリセットの確率、プリセットがなければ常に。","Chance do bloco inteiro, de 0 a 1. O bloco gera no máximo UM dos seus itens. Vazio = a chance do preset, ou sempre sem preset.","整个区块的概率，0 到 1。区块最多只生成其中一个物品。空 = 预设的概率，没有预设则总是。"
"VSTR_XMLE_SPB_TIP_PRESET","A preset of the same kind: its items come first, then this block's own items. A chance set here overrides the preset's chance.","A preset of the same kind: its items come first, then this block's own items. A chance set here overrides the preset's chance.","Preset stejného druhu: nejdřív jeho předměty, pak vlastní předměty bloku. Šance nastavená zde přepíše šanci presetu.","Ein Preset derselben Art: zuerst seine Items, dann die eigenen Items des Blocks. Eine hier gesetzte Chance ersetzt die des Presets.","Пресет того же вида: сначала его предметы, потом собственные предметы блока. Шанс, заданный здесь, заменяет шанс пресета.","Preset tego samego rodzaju: najpierw jego przedmioty, potem własne przedmioty bloku. Szansa ustawiona tutaj zastępuje szansę presetu.","Azonos fajtájú preset: előbb a tárgyai, aztán a blokk saját tárgyai. Az itt megadott esély felülírja a presetét.","Un preset dello stesso tipo: prima i suoi oggetti, poi quelli propri del blocco. Una probabilità impostata qui sostituisce quella del preset.","Un preset del mismo tipo: primero sus objetos, luego los propios del bloque. Una probabilidad puesta aquí sustituye la del preset.","Un preset du même type : ses objets d’abord, puis ceux du bloc. Une chance définie ici remplace celle du preset.","同類的預設組：先放它的物品，再放此區塊自己的物品。這裡設定的機率會取代預設組的機率。","同じ種類のプリセット：まずその中のアイテム、次にこのブロック自身のアイテム。ここで設定した確率がプリセットの確率に優先します。","Um preset do mesmo tipo: primeiro seus itens, depois os itens próprios do bloco. Uma chance definida aqui substitui a do preset.","同类的预设：先放它的物品，再放此区块自己的物品。这里设置的概率会取代预设的概率。"
"VSTR_XMLE_SPB_TIP_CARGO","The items go into the inventory (cargo) of the item.","The items go into the inventory (cargo) of the item.","Předměty jdou do inventáře (nákladu) předmětu.","Die Items kommen ins Inventar (Cargo) des Items.","Предметы помещаются в инвентарь (груз) предмета.","Przedmioty trafiają do ekwipunku (ładunku) przedmiotu.","A tárgyak a tárgy tárolójába (rakományába) kerülnek.","Gli oggetti vanno nell’inventario (cargo) dell’oggetto.","Los objetos van al inventario (carga) del objeto.","Les objets vont dans l’inventaire (cargo) de l’objet.","物品會放進此物品的物品欄（貨物）。","アイテムはこのアイテムのインベントリ（カーゴ）に入ります。","Os itens vão para o inventário (carga) do item.","物品会放进此物品的物品栏（货物）。"
"VSTR_XMLE_SPB_TIP_ATTACHMENTS","The items go onto the attachment slots of the item.","The items go onto the attachment slots of the item.","Předměty jdou do slotů doplňků předmětu.","Die Items kommen in die Anbauteil-Slots des Items.","Предметы ставятся в слоты обвеса предмета.","Przedmioty trafiają do slotów dodatków przedmiotu.","A tárgyak a tárgy tartozék-helyeire kerülnek.","Gli oggetti vanno negli slot accessori dell’oggetto.","Los objetos van a las ranuras de accesorios del objeto.","Les objets vont dans les emplacements d’accessoires de l’objet.","物品會裝到此物品的配件槽。","アイテムはこのアイテムのアタッチメントスロットに付きます。","Os itens vão para os encaixes de acessórios do item.","物品会装到此物品的配件槽。"
"VSTR_XMLE_SPB_TIP_ITEM","Class name of the item. It does not need to be in a types file; items in cfgignorelist.xml are dropped.","Class name of the item. It does not need to be in a types file; items in cfgignorelist.xml are dropped.","Název třídy předmětu. Nemusí být v souboru types; předměty z cfgignorelist.xml se zahodí.","Klassenname des Items. Es muss nicht in einer Types-Datei stehen; Items aus cfgignorelist.xml werden verworfen.","Имя класса предмета. Он не обязан быть в файле types; предметы из cfgignorelist.xml отбрасываются.","Nazwa klasy przedmiotu. Nie musi być w pliku types; przedmioty z cfgignorelist.xml są odrzucane.","A tárgy osztályneve. Nem kell types fájlban szerepelnie; a cfgignorelist.xml tárgyai eldobódnak.","Nome classe dell’oggetto. Non serve che sia in un file types; gli oggetti in cfgignorelist.xml vengono scartati.","Nombre de clase del objeto. No hace falta que esté en un archivo types; los de cfgignorelist.xml se descartan.","Nom de classe de l’objet. Il n’a pas besoin d’être dans un fichier types ; ceux de cfgignorelist.xml sont abandonnés.","物品的類別名稱。不需要在 types 檔案中；cfgignorelist.xml 中的物品會被捨棄。","アイテムのクラス名。types ファイルにある必要はありません。cfgignorelist.xml のアイテムは破棄されます。","Nome de classe do item. Não precisa estar em um arquivo types; itens em cfgignorelist.xml são descartados.","物品的类名。不需要在 types 文件中；cfgignorelist.xml 中的物品会被丢弃。"
"VSTR_XMLE_SPB_TIP_ITEM_CHANCE","Chance of this item, 0 to 1 (empty = 1). A block picks one item: the chances add up in list order and the first item reaching the roll wins, so keep the total at most 1. The percent shows the real odds.","Chance of this item, 0 to 1 (empty = 1). A block picks one item: the chances add up in list order and the first item reaching the roll wins, so keep the total at most 1. The percent shows the real odds.","Šance tohoto předmětu, 0 až 1 (prázdné = 1). Blok vybere jeden předmět: šance se sčítají v pořadí seznamu a vyhraje první, který dosáhne hodu, takže součet držte nejvýše na 1. Procento ukazuje skutečnou šanci.","Chance dieses Items, 0 bis 1 (leer = 1). Ein Block wählt ein Item: die Chancen werden in Listenreihenfolge addiert und das erste, das den Wurf erreicht, gewinnt; die Summe also höchstens 1. Der Prozentwert zeigt die echte Wahrscheinlichkeit.","Шанс этого предмета, от 0 до 1 (пусто = 1). Блок выбирает один предмет: шансы суммируются по порядку списка, выигрывает первый, достигший броска, поэтому сумма не должна превышать 1. Процент показывает реальную вероятность.","Szansa tego przedmiotu, od 0 do 1 (puste = 1). Blok wybiera jeden przedmiot: szanse sumują się w kolejności listy i wygrywa pierwszy, który osiągnie wynik losowania, więc suma najwyżej 1. Procent pokazuje prawdziwą szansę.","A tárgy esélye, 0 és 1 között (üres = 1). A blokk egy tárgyat választ: az esélyek a lista sorrendjében összeadódnak, és az első nyer, amely eléri a dobást, ezért az összeg legfeljebb 1 legyen. A százalék a valódi esélyt mutatja.","Probabilità di questo oggetto, da 0 a 1 (vuoto = 1). Un blocco sceglie un oggetto: le probabilità si sommano nell’ordine della lista e vince il primo che raggiunge il tiro, quindi il totale al massimo 1. La percentuale mostra la probabilità reale.","Probabilidad de este objeto, de 0 a 1 (vacío = 1). Un bloque elige un objeto: las probabilidades se suman en el orden de la lista y gana el primero que alcanza la tirada, así que el total debe ser como máximo 1. El porcentaje muestra la probabilidad real.","Chance de cet objet, de 0 à 1 (vide = 1). Un bloc choisit un objet : les chances s’additionnent dans l’ordre de la liste et le premier qui atteint le tirage gagne, gardez donc un total d’au plus 1. Le pourcentage montre la vraie probabilité.","此物品的機率，0 到 1（空白 = 1）。區塊只選一個物品：機率依清單順序累加，最先達到擲骰值的物品勝出，所以總和最多保持 1。百分比顯示實際機率。","このアイテムの確率、0～1（空 = 1）。ブロックは 1 個を選びます：確率はリスト順に合計され、抽選値に最初に達したアイテムが選ばれるため、合計は 1 以下にしてください。パーセントは実際の確率です。","Chance deste item, de 0 a 1 (vazio = 1). Um bloco escolhe um item: as chances somam na ordem da lista e vence o primeiro que alcança o sorteio, então mantenha o total no máximo 1. A porcentagem mostra a chance real.","此物品的概率，0 到 1（空 = 1）。区块只选一个物品：概率按列表顺序累加，最先达到掷骰值的物品胜出，所以总和最多保持 1。百分比显示实际概率。"
"VSTR_XMLE_SPB_TIP_QUANT","Quantity in percent, 0 to 100 (magazines, liquids, stacks). Empty = the item's default. A min without a max means max 100.","Quantity in percent, 0 to 100 (magazines, liquids, stacks). Empty = the item's default. A min without a max means max 100.","Množství v procentech, 0 až 100 (zásobníky, tekutiny, stohy). Prázdné = výchozí předmětu. Min bez max znamená max 100.","Menge in Prozent, 0 bis 100 (Magazine, Flüssigkeiten, Stapel). Leer = Standard des Items. Ein Min ohne Max bedeutet Max 100.","Количество в процентах, от 0 до 100 (магазины, жидкости, стопки). Пусто = по умолчанию. Min без max означает max 100.","Ilość w procentach, od 0 do 100 (magazynki, płyny, stosy). Puste = domyślna przedmiotu. Min bez max oznacza max 100.","Mennyiség százalékban, 0 és 100 között (tárak, folyadékok, kötegek). Üres = a tárgy alapértéke. Min max nélkül = max 100.","Quantità in percentuale, da 0 a 100 (caricatori, liquidi, pile). Vuoto = predefinito dell’oggetto. Un min senza max vale max 100.","Cantidad en porcentaje, de 0 a 100 (cargadores, líquidos, pilas). Vacío = el valor del objeto. Un mín sin máx significa máx 100.","Quantité en pourcentage, de 0 à 100 (chargeurs, liquides, piles). Vide = valeur par défaut de l’objet. Un min sans max vaut max 100.","數量百分比，0 到 100（彈匣、液體、堆疊）。空白 = 物品預設值。只有最小值時最大值為 100。","量（パーセント）、0～100（マガジン・液体・スタック）。空 = アイテムの既定値。最大なしの最小は最大 100 を意味します。","Quantidade em porcentagem, de 0 a 100 (carregadores, líquidos, pilhas). Vazio = padrão do item. Um mín sem máx significa máx 100.","数量百分比，0 到 100（弹匣、液体、堆叠）。空 = 物品默认值。只有最小值时最大值为 100。"
"VSTR_XMLE_SPB_TIP_EQUIP","equip attribute of the item (an undocumented engine flag, kept as written).","equip attribute of the item (an undocumented engine flag, kept as written).","Atribut equip předmětu (nedokumentovaný příznak enginu, zachová se, jak je zapsán).","equip-Attribut des Items (ein undokumentiertes Engine-Flag, bleibt wie geschrieben).","Атрибут equip предмета (недокументированный флаг движка, сохраняется как записан).","Atrybut equip przedmiotu (nieudokumentowana flaga silnika, zachowana tak, jak zapisano).","A tárgy equip attribútuma (nem dokumentált motor-jelző, úgy marad, ahogy írva van).","Attributo equip dell’oggetto (un flag del motore non documentato, mantenuto com’è scritto).","Atributo equip del objeto (un indicador del motor no documentado, se conserva tal cual).","Attribut equip de l’objet (un drapeau moteur non documenté, conservé tel qu’écrit).","物品的 equip 屬性（未記載於文件的引擎旗標，保留原樣）。","アイテムの equip 属性（非公開のエンジンフラグ、記述どおり保持）。","Atributo equip do item (um sinalizador não documentado do motor, mantido como escrito).","物品的 equip 属性（未在文档中说明的引擎标志，保持原样）。"
"VSTR_XMLE_SPB_TIP_ITEM_DAMAGE","Damage of this item, 0 (pristine) to 1 (ruined).","Damage of this item, 0 (pristine) to 1 (ruined).","Poškození tohoto předmětu, 0 (bezvadný) až 1 (zničený).","Schaden dieses Items, 0 (makellos) bis 1 (zerstört).","Повреждение этого предмета, от 0 (идеальное) до 1 (разрушено).","Uszkodzenie tego przedmiotu, od 0 (nienaruszony) do 1 (zniszczony).","A tárgy sérülése, 0 (hibátlan) és 1 (tönkrement) között.","Danno di questo oggetto, da 0 (intatto) a 1 (rovinato).","Daño de este objeto, de 0 (impecable) a 1 (arruinado).","Dégâts de cet objet, de 0 (intact) à 1 (ruiné).","此物品的損壞，0（完好）到 1（毀損）。","このアイテムのダメージ、0（新品）～1（破損）。","Dano deste item, de 0 (intacto) a 1 (arruinado).","此物品的损坏，0（完好）到 1（毁坏）。"
"VSTR_XMLE_SPB_TIP_NESTED","Opens this item's own cargo and attachments blocks (for example a scope with its battery). The back arrow returns.","Opens this item's own cargo and attachments blocks (for example a scope with its battery). The back arrow returns.","Otevře vlastní bloky nákladu a doplňků tohoto předmětu (např. zaměřovač s baterií). Šipka zpět se vrátí.","Öffnet die eigenen Cargo- und Anbauteil-Blöcke dieses Items (z. B. ein Zielfernrohr mit Batterie). Der Zurück-Pfeil kehrt zurück.","Открывает собственные блоки груза и обвеса этого предмета (например, прицел с батарейкой). Стрелка назад возвращает.","Otwiera własne bloki ładunku i dodatków tego przedmiotu (np. celownik z baterią). Strzałka wstecz wraca.","Megnyitja a tárgy saját rakomány- és tartozékblokkjait (például egy távcső az elemével). A vissza nyíl visszalép.","Apre i blocchi cargo e accessori propri di questo oggetto (per esempio un mirino con la sua batteria). La freccia indietro torna.","Abre los bloques de carga y accesorios propios de este objeto (por ejemplo una mira con su batería). La flecha atrás vuelve.","Ouvre les blocs cargo et accessoires propres à cet objet (par exemple une lunette avec sa pile). La flèche retour revient.","開啟此物品自己的貨物與配件區塊（例如瞄準鏡與其電池）。返回箭頭可回上一層。","このアイテム自身のカーゴとアタッチメントのブロックを開きます（例：スコープとその電池）。戻る矢印で戻ります。","Abre os blocos de carga e acessórios próprios deste item (por exemplo uma luneta com sua bateria). A seta de voltar retorna.","打开此物品自己的货物与配件区块（例如瞄准镜及其电池）。返回箭头可回上一层。"
"VSTR_XMLE_SPB_TIP_MERGED","Shows the type as the server builds it after merging every spawnabletypes file.","Shows the type as the server builds it after merging every spawnabletypes file.","Zobrazí typ tak, jak ho server sestaví po sloučení všech souborů spawnabletypes.","Zeigt den Typ, wie der Server ihn nach dem Zusammenführen aller Spawnabletypes-Dateien baut.","Показывает тип так, как его собирает сервер после объединения всех файлов spawnabletypes.","Pokazuje typ tak, jak serwer buduje go po scaleniu wszystkich plików spawnabletypes.","Megmutatja a típust úgy, ahogy a szerver az összes spawnabletypes fájl összevonása után felépíti.","Mostra il tipo come lo costruisce il server dopo aver unito tutti i file spawnabletypes.","Muestra el tipo tal como lo construye el servidor tras combinar todos los archivos spawnabletypes.","Affiche le type tel que le serveur le construit après fusion de tous les fichiers spawnabletypes.","顯示伺服器合併所有 spawnabletypes 檔案後建立出的類型。","すべての spawnabletypes ファイルを統合した後にサーバーが組み立てるタイプを表示します。","Mostra o tipo como o servidor o monta após mesclar todos os arquivos spawnabletypes.","显示服务器合并所有 spawnabletypes 文件后构建出的类型。"
"VSTR_XMLE_SPB_VIEW_PREVIEW","PREVIEW","PREVIEW","NÁHLED","VORSCHAU","ПРЕВЬЮ","PODGLĄD","ELŐNÉZET","ANTEPRIMA","VISTA PREVIA","APERÇU","預覽","プレビュー","PRÉVIA","预览"
"VSTR_XMLE_SPB_BTN_REROLL","RE-ROLL","RE-ROLL","ZNOVU","NEU WÜRFELN","ПЕРЕБРОС","LOSUJ PONOWNIE","ÚJRA","RILANCIA","REPETIR","RELANCER","重新擲骰","再抽選","SORTEAR DE NOVO","重新掷骰"
"VSTR_XMLE_SPB_BTN_TEST","TEST SPAWN","TEST SPAWN","TEST SPAWN","TEST-SPAWN","ТЕСТ-СПАВН","TEST SPAWNU","PRÓBA","SPAWN DI PROVA","PRUEBA","TEST DE SPAWN","測試生成","テスト生成","TESTE","测试生成"
"VSTR_XMLE_SPB_ROLL_TITLE","THIS ROLL: %1 ITEM(S)","THIS ROLL: %1 ITEM(S)","TENTO HOD: %1 PŘEDMĚTŮ","DIESER WURF: %1 ITEM(S)","ЭТОТ БРОСОК: %1 ПРЕДМ.","TO LOSOWANIE: %1 PRZEDM.","EZ A DOBÁS: %1 TÁRGY","QUESTO TIRO: %1 OGGETTI","ESTA TIRADA: %1 OBJETOS","CE TIRAGE : %1 OBJET(S)","本次擲骰：%1 個物品","今回の抽選：%1 個","ESTE SORTEIO: %1 ITENS","本次掷骰：%1 个物品"
"VSTR_XMLE_SPB_ROLL_NONE","Nothing this time.","Nothing this time.","Tentokrát nic.","Diesmal nichts.","На этот раз ничего.","Tym razem nic.","Most semmi.","Niente questa volta.","Nada esta vez.","Rien cette fois.","這次什麼都沒有。","今回は何もありません。","Nada desta vez.","这次什么都没有。"
"VSTR_XMLE_SPB_TEST_TITLE","SERVER TEST SPAWN: %1 ITEM(S)","SERVER TEST SPAWN: %1 ITEM(S)","TEST SPAWN NA SERVERU: %1 PŘEDMĚTŮ","SERVER-TEST-SPAWN: %1 ITEM(S)","ТЕСТ-СПАВН НА СЕРВЕРЕ: %1 ПРЕДМ.","TEST SPAWNU NA SERWERZE: %1 PRZEDM.","SZERVER PRÓBA: %1 TÁRGY","SPAWN DI PROVA SUL SERVER: %1 OGGETTI","PRUEBA EN EL SERVIDOR: %1 OBJETOS","TEST SERVEUR : %1 OBJET(S)","伺服器測試生成：%1 個物品","サーバーテスト生成：%1 個","TESTE NO SERVIDOR: %1 ITENS","服务器测试生成：%1 个物品"
"VSTR_XMLE_SPB_W_ATT","on %1","on %1","na %1","an %1","на %1","na %1","ezen: %1","su %1","en %1","sur %1","裝在 %1","%1 に装着","em %1","装在 %1"
"VSTR_XMLE_SPB_W_CARGO","in %1 cargo","in %1 cargo","v nákladu %1","im Cargo von %1","в грузе %1","w ładunku %1","%1 rakományában","nel cargo di %1","en la carga de %1","dans le cargo de %1","在 %1 的貨物中","%1 のカーゴ内","na carga de %1","在 %1 的货物中"
"VSTR_XMLE_SPB_W_OTHER","in %1","in %1","v %1","in %1","в %1","w %1","itt: %1","in %1","en %1","dans %1","在 %1","%1 内","em %1","在 %1"
"VSTR_XMLE_SPB_W_NOROOM","no room on %1","no room on %1","na %1 není místo","kein Platz an %1","нет места на %1","brak miejsca na %1","nincs hely: %1","nessuno spazio su %1","sin espacio en %1","pas de place sur %1","%1 上沒有空間","%1 に空きなし","sem espaço em %1","%1 上没有空间"
"VSTR_XMLE_SPB_W_NOCLASS","no config class","no config class","žádná třída configu","keine Config-Klasse","нет класса конфига","brak klasy configu","nincs config osztály","nessuna classe config","sin clase de config","aucune classe config","沒有 config 類別","config クラスなし","sem classe de config","没有 config 类"
"VSTR_XMLE_SPB_PREVIEW_NO_MODEL","No 3D model for this class.","No 3D model for this class.","Pro tuto třídu není 3D model.","Kein 3D-Modell für diese Klasse.","Для этого класса нет 3D-модели.","Brak modelu 3D dla tej klasy.","Ehhez az osztályhoz nincs 3D modell.","Nessun modello 3D per questa classe.","No hay modelo 3D para esta clase.","Aucun modèle 3D pour cette classe.","此類別沒有 3D 模型。","このクラスには 3D モデルがありません。","Sem modelo 3D para esta classe.","此类没有 3D 模型。"
"VSTR_XMLE_SPB_PREVIEW_NOTE","A simulated roll of this entry with your unsaved edits, by the server rules: each block spawns at most one item. The 3D view shows what fits on the client (magazines may not show on weapons). TEST SPAWN creates a real one next to you with the loot config the server loaded at start: saved changes only apply after a restart.","A simulated roll of this entry with your unsaved edits, by the server rules: each block spawns at most one item. The 3D view shows what fits on the client (magazines may not show on weapons). TEST SPAWN creates a real one next to you with the loot config the server loaded at start: saved changes only apply after a restart.","Simulovaný hod této položky s neuloženými úpravami podle pravidel serveru: každý blok spawnuje nejvýše jeden předmět. 3D náhled ukazuje, co se vejde na klientu (zásobníky se na zbraních nemusí zobrazit). TEST SPAWN vytvoří skutečný kus vedle vás s konfigurací lootu, kterou server načetl při startu: uložené změny platí až po restartu.","Ein simulierter Wurf dieses Eintrags mit deinen ungespeicherten Änderungen nach den Server-Regeln: jeder Block spawnt höchstens ein Item. Die 3D-Ansicht zeigt, was auf dem Client passt (Magazine erscheinen evtl. nicht an Waffen). TEST-SPAWN erstellt ein echtes Exemplar neben dir mit der Loot-Konfiguration, die der Server beim Start geladen hat: gespeicherte Änderungen gelten erst nach einem Neustart.","Имитация броска этой записи с несохранёнными правками по правилам сервера: каждый блок спавнит не более одного предмета. 3D-вид показывает то, что помещается на клиенте (магазины на оружии могут не отображаться). ТЕСТ-СПАВН создаёт настоящий экземпляр рядом с вами по конфигу лута, загруженному сервером при старте: сохранённые изменения действуют только после перезапуска.","Symulowane losowanie tego wpisu z niezapisanymi zmianami według zasad serwera: każdy blok spawnuje najwyżej jeden przedmiot. Widok 3D pokazuje, co mieści się po stronie klienta (magazynki mogą nie być widoczne na broni). TEST SPAWNU tworzy prawdziwy egzemplarz obok ciebie z konfiguracją lootu wczytaną przy starcie serwera: zapisane zmiany działają dopiero po restarcie.","A bejegyzés szimulált dobása a nem mentett módosításokkal, a szerver szabályai szerint: minden blokk legfeljebb egy tárgyat hoz létre. A 3D nézet azt mutatja, ami a kliensen elfér (a tárak a fegyvereken nem mindig látszanak). A PRÓBA egy valódi példányt hoz létre melletted a szerver által induláskor betöltött loot-konfigurációval: a mentett változások csak újraindítás után érvényesek.","Un tiro simulato di questa voce con le modifiche non salvate, secondo le regole del server: ogni blocco genera al massimo un oggetto. La vista 3D mostra ciò che entra sul client (i caricatori potrebbero non vedersi sulle armi). SPAWN DI PROVA crea un esemplare vero accanto a te con la configurazione del loot caricata dal server all’avvio: le modifiche salvate valgono solo dopo un riavvio.","Una tirada simulada de esta entrada con tus cambios sin guardar, según las reglas del servidor: cada bloque genera como máximo un objeto. La vista 3D muestra lo que cabe en el cliente (los cargadores pueden no verse en las armas). PRUEBA crea uno real a tu lado con la configuración de botín que el servidor cargó al iniciar: los cambios guardados solo se aplican tras un reinicio.","Un tirage simulé de cette entrée avec vos modifications non enregistrées, selon les règles du serveur : chaque bloc fait apparaître au plus un objet. La vue 3D montre ce qui tient côté client (les chargeurs peuvent ne pas apparaître sur les armes). TEST DE SPAWN en crée un vrai à côté de vous avec la configuration de loot chargée par le serveur au démarrage : les modifications enregistrées ne s’appliquent qu’après un redémarrage.","依伺服器規則、以你未儲存的編輯模擬此項目的一次擲骰：每個區塊最多生成一個物品。3D 畫面顯示在用戶端放得下的東西（彈匣可能不會顯示在武器上）。測試生成會用伺服器啟動時載入的戰利品設定，在你旁邊建立一個真實物品：已儲存的變更要重新啟動後才會生效。","未保存の編集を含めてサーバーのルールでこのエントリを模擬抽選します：各ブロックが出現させるアイテムは最大 1 個です。3D 表示はクライアント上で収まるものを表示します（武器のマガジンは表示されない場合があります）。テスト生成はサーバー起動時に読み込まれた戦利品設定で、あなたの隣に実物を作成します：保存した変更は再起動後に反映されます。","Um sorteio simulado desta entrada com as suas edições não salvas, pelas regras do servidor: cada bloco gera no máximo um item. A vista 3D mostra o que cabe no cliente (carregadores podem não aparecer nas armas). TESTE cria um item real ao seu lado com a configuração de loot que o servidor carregou ao iniciar: alterações salvas só valem após reiniciar.","按服务器规则、用你未保存的编辑模拟此条目的一次掷骰：每个区块最多生成一个物品。3D 画面显示在客户端放得下的东西（弹匣可能不会显示在武器上）。测试生成会用服务器启动时加载的战利品配置，在你旁边创建一个真实物品：已保存的更改要重启后才会生效。"
"VSTR_XMLE_SPB_TIP_PREVIEW","Rolls this type like the server does, with your unsaved edits, and shows the result in 3D. Drag the model to turn it.","Rolls this type like the server does, with your unsaved edits, and shows the result in 3D. Drag the model to turn it.","Hodí tímto typem jako server, s neuloženými úpravami, a výsledek ukáže ve 3D. Tažením model otočíte.","Würfelt diesen Typ wie der Server, mit deinen ungespeicherten Änderungen, und zeigt das Ergebnis in 3D. Modell zum Drehen ziehen.","Бросает этот тип как сервер, с несохранёнными правками, и показывает результат в 3D. Перетаскивайте модель, чтобы вращать.","Losuje ten typ jak serwer, z niezapisanymi zmianami, i pokazuje wynik w 3D. Przeciągnij model, aby go obrócić.","A szerverhez hasonlóan dob ezzel a típussal a nem mentett módosításokkal, és 3D-ben mutatja az eredményt. Húzással forgathatod.","Tira questo tipo come fa il server, con le modifiche non salvate, e mostra il risultato in 3D. Trascina il modello per ruotarlo.","Tira este tipo como lo hace el servidor, con tus cambios sin guardar, y muestra el resultado en 3D. Arrastra el modelo para girarlo.","Tire ce type comme le serveur, avec vos modifications non enregistrées, et affiche le résultat en 3D. Faites glisser le modèle pour le tourner.","以你未儲存的編輯、依伺服器方式擲骰此類型，並以 3D 顯示結果。拖曳模型可旋轉。","未保存の編集を含めてサーバーと同じ方法でこのタイプを抽選し、結果を 3D で表示します。モデルをドラッグで回転できます。","Sorteia este tipo como o servidor faz, com suas edições não salvas, e mostra o resultado em 3D. Arraste o modelo para girá-lo.","以你未保存的编辑、按服务器方式掷骰此类型，并以 3D 显示结果。拖动模型可旋转。"
"VSTR_XMLE_SPB_TIP_REROLL","Rolls again: every block rolls its chance, then picks one item.","Rolls again: every block rolls its chance, then picks one item.","Hodí znovu: každý blok hodí svou šancí a pak vybere jeden předmět.","Würfelt neu: jeder Block würfelt seine Chance und wählt dann ein Item.","Бросает заново: каждый блок бросает свой шанс, затем выбирает один предмет.","Losuje ponownie: każdy blok losuje swoją szansę, a potem wybiera jeden przedmiot.","Újra dob: minden blokk dob az esélyével, majd kiválaszt egy tárgyat.","Tira di nuovo: ogni blocco tira la sua probabilità, poi sceglie un oggetto.","Vuelve a tirar: cada bloque tira su probabilidad y luego elige un objeto.","Relance : chaque bloc tire sa chance, puis choisit un objet.","重新擲骰：每個區塊擲它的機率，然後選出一個物品。","再抽選：各ブロックが確率を判定し、アイテムを 1 つ選びます。","Sorteia de novo: cada bloco sorteia sua chance e depois escolhe um item.","重新掷骰：每个区块掷它的概率，然后选出一个物品。"
"VSTR_XMLE_SPB_TIP_TEST","Spawns a real one next to you with the engine roll. It uses the loot config the server loaded at start. Needs the Item Manager spawn permission.","Spawns a real one next to you with the engine roll. It uses the loot config the server loaded at start. Needs the Item Manager spawn permission.","Vytvoří vedle vás skutečný kus hodem enginu. Používá konfiguraci lootu načtenou při startu serveru. Vyžaduje oprávnění ke spawnu v Item Manageru.","Spawnt ein echtes Exemplar neben dir mit dem Wurf der Engine. Nutzt die beim Serverstart geladene Loot-Konfiguration. Braucht die Spawn-Berechtigung des Item Managers.","Спавнит настоящий экземпляр рядом с вами броском движка. Использует конфиг лута, загруженный при старте сервера. Нужно право спавна в Item Manager.","Spawnuje prawdziwy egzemplarz obok ciebie losowaniem silnika. Używa konfiguracji lootu wczytanej przy starcie serwera. Wymaga uprawnienia spawnu w Item Managerze.","Valódi példányt hoz létre melletted a motor dobásával. A szerver induláskor betöltött loot-konfigurációját használja. Item Manager spawn jogosultság kell.","Genera un esemplare vero accanto a te con il tiro del motore. Usa la configurazione del loot caricata all’avvio del server. Serve il permesso di spawn dell’Item Manager.","Genera uno real a tu lado con la tirada del motor. Usa la configuración de botín cargada al iniciar el servidor. Requiere el permiso de spawn del Item Manager.","Fait apparaître un vrai exemplaire à côté de vous avec le tirage du moteur. Utilise la configuration de loot chargée au démarrage du serveur. Nécessite la permission de spawn de l’Item Manager.","以引擎的擲骰在你旁邊生成一個真實物品。使用伺服器啟動時載入的戰利品設定。需要 Item Manager 的生成權限。","エンジンの抽選であなたの隣に実物を生成します。サーバー起動時に読み込まれた戦利品設定を使います。Item Manager の生成権限が必要です。","Gera um item real ao seu lado com o sorteio do motor. Usa a configuração de loot carregada ao iniciar o servidor. Exige a permissão de spawn do Item Manager.","以引擎的掷骰在你旁边生成一个真实物品。使用服务器启动时加载的战利品配置。需要 Item Manager 的生成权限。"
"VSTR_XMLE_SPB_DLG_TEST_TITLE","Test spawn","Test spawn","Test spawn","Test-Spawn","Тест-спавн","Test spawnu","Próba spawn","Spawn di prova","Prueba de spawn","Test de spawn","測試生成","テスト生成","Teste de spawn","测试生成"
"VSTR_XMLE_SPB_DLG_TEST_BODY","Spawn a real %1 in front of you with the server loot roll? It uses the loot config the server loaded at start (saved changes apply after a restart). The item stays in the world.","Spawn a real %1 in front of you with the server loot roll? It uses the loot config the server loaded at start (saved changes apply after a restart). The item stays in the world.","Vytvořit před vámi skutečný %1 s hodem lootu serveru? Použije se konfigurace lootu načtená při startu serveru (uložené změny platí po restartu). Předmět zůstane ve světě.","Ein echtes %1 vor dir mit dem Loot-Wurf des Servers spawnen? Es wird die beim Start geladene Loot-Konfiguration genutzt (gespeicherte Änderungen gelten nach einem Neustart). Das Item bleibt in der Welt.","Создать перед вами настоящий %1 с броском лута сервера? Используется конфиг лута, загруженный при старте (сохранённые изменения действуют после перезапуска). Предмет останется в мире.","Utworzyć przed tobą prawdziwy %1 z losowaniem lootu serwera? Używana jest konfiguracja lootu wczytana przy starcie (zapisane zmiany działają po restarcie). Przedmiot zostanie w świecie.","Létrehozol előtted egy valódi %1 példányt a szerver loot-dobásával? Az induláskor betöltött loot-konfiguráció érvényes (a mentett változások újraindítás után). A tárgy a világban marad.","Generare un %1 vero davanti a te con il tiro del loot del server? Usa la configurazione del loot caricata all’avvio (le modifiche salvate valgono dopo un riavvio). L’oggetto resta nel mondo.","¿Generar un %1 real delante de ti con la tirada de botín del servidor? Usa la configuración cargada al iniciar (los cambios guardados se aplican tras un reinicio). El objeto se queda en el mundo.","Faire apparaître un vrai %1 devant vous avec le tirage de loot du serveur ? La configuration chargée au démarrage est utilisée (les modifications enregistrées s’appliquent après un redémarrage). L’objet reste dans le monde.","要用伺服器的戰利品擲骰在你面前生成一個真實的 %1 嗎？使用伺服器啟動時載入的設定（已儲存的變更在重新啟動後生效）。物品會留在世界中。","サーバーの戦利品抽選で目の前に実物の %1 を生成しますか？起動時に読み込まれた設定を使います（保存した変更は再起動後に反映）。アイテムはワールドに残ります。","Gerar um %1 real à sua frente com o sorteio de loot do servidor? Usa a configuração carregada ao iniciar (alterações salvas valem após reiniciar). O item fica no mundo.","要用服务器的战利品掷骰在你面前生成一个真实的 %1 吗？使用服务器启动时加载的配置（已保存的更改在重启后生效）。物品会留在世界中。"
"VSTR_XMLE_SPB_TEST_SENT","Test spawn requested...","Test spawn requested...","Test spawn vyžádán...","Test-Spawn angefordert...","Тест-спавн запрошен...","Zlecono test spawnu...","Próba spawn kérve...","Spawn di prova richiesto...","Prueba de spawn solicitada...","Test de spawn demandé...","已要求測試生成……","テスト生成を要求しました…","Teste de spawn solicitado...","已请求测试生成……"
"VSTR_XMLE_SPB_TEST_DONE","Spawned %1 with %2 loot item(s).","Spawned %1 with %2 loot item(s).","Vytvořen %1 s %2 předměty lootu.","%1 mit %2 Loot-Item(s) gespawnt.","Создан %1 с предметами лута: %2.","Utworzono %1 z %2 przedm. lootu.","%1 létrehozva %2 loot tárggyal.","%1 generato con %2 oggetti di loot.","%1 generado con %2 objeto(s) de botín.","%1 apparu avec %2 objet(s) de loot.","已生成 %1，附帶 %2 個戰利品。","%1 を戦利品 %2 個付きで生成しました。","%1 gerado com %2 item(ns) de loot.","已生成 %1，附带 %2 个战利品。"
"VSTR_XMLE_SPB_TEST_NOT_CE","%1 is not a Central Economy type: the server gives it no loot.","%1 is not a Central Economy type: the server gives it no loot.","%1 není typ Central Economy: server mu nedá žádný loot.","%1 ist kein Central-Economy-Typ: der Server gibt ihm keinen Loot.","%1 не тип Central Economy: сервер не даёт ему лута.","%1 nie jest typem Central Economy: serwer nie daje mu lootu.","%1 nem Central Economy típus: a szerver nem ad hozzá lootot.","%1 non è un tipo della Central Economy: il server non gli dà loot.","%1 no es un tipo de la Central Economy: el servidor no le da botín.","%1 n’est pas un type de la Central Economy : le serveur ne lui donne aucun loot.","%1 不是 Central Economy 類型：伺服器不會給它戰利品。","%1 は Central Economy のタイプではありません：サーバーは戦利品を付けません。","%1 não é um tipo da Central Economy: o servidor não lhe dá loot.","%1 不是 Central Economy 类型：服务器不会给它战利品。"
"VSTR_XMLE_SPB_TEST_NO_PLAYER","You need a living character to test spawn.","You need a living character to test spawn.","K test spawnu potřebujete živou postavu.","Für einen Test-Spawn brauchst du einen lebenden Charakter.","Для тест-спавна нужен живой персонаж.","Do testu spawnu potrzebujesz żywej postaci.","A próbához élő karakter kell.","Serve un personaggio vivo per lo spawn di prova.","Necesitas un personaje vivo para la prueba.","Il faut un personnage vivant pour le test de spawn.","測試生成需要一個活著的角色。","テスト生成には生きているキャラクターが必要です。","Você precisa de um personagem vivo para o teste.","测试生成需要一个活着的角色。"
"VSTR_XMLE_SPB_TEST_FAILED","The server could not spawn %1.","The server could not spawn %1.","Server nemohl vytvořit %1.","Der Server konnte %1 nicht spawnen.","Серверу не удалось создать %1.","Serwer nie mógł utworzyć %1.","A szerver nem tudta létrehozni: %1.","Il server non ha potuto generare %1.","El servidor no pudo generar %1.","Le serveur n’a pas pu faire apparaître %1.","伺服器無法生成 %1。","サーバーは %1 を生成できませんでした。","O servidor não conseguiu gerar %1.","服务器无法生成 %1。"
"VSTR_XMLE_SPB_C_UNREACHABLE","%1 never spawns: the items before it already add up to 1 (a block spawns only one item).","%1 never spawns: the items before it already add up to 1 (a block spawns only one item).","%1 se nikdy nespawnuje: předměty před ním už dávají dohromady 1 (blok spawnuje jen jeden předmět).","%1 spawnt nie: die Items davor ergeben zusammen schon 1 (ein Block spawnt nur ein Item).","%1 никогда не появится: предметы перед ним уже дают в сумме 1 (блок спавнит только один предмет).","%1 nigdy się nie pojawi: przedmioty przed nim sumują się już do 1 (blok spawnuje tylko jeden przedmiot).","%1 soha nem jelenik meg: az előtte lévő tárgyak összege már 1 (egy blokk csak egy tárgyat ad).","%1 non compare mai: gli oggetti prima sommano già 1 (un blocco genera un solo oggetto).","%1 nunca aparece: los objetos anteriores ya suman 1 (un bloque genera un solo objeto).","%1 n’apparaît jamais : les objets avant lui font déjà 1 au total (un bloc ne fait apparaître qu’un objet).","%1 永遠不會生成：它之前的物品機率加總已達 1（一個區塊只生成一個物品）。","%1 は出現しません：前のアイテムの合計がすでに 1 です（ブロックは 1 個しか出現させません）。","%1 nunca aparece: os itens anteriores já somam 1 (um bloco gera só um item).","%1 永远不会生成：它之前的物品概率总和已达 1（一个区块只生成一个物品）。"
"VSTR_XMLE_SPB_C_QUANT_LONE_MAX","quantmax without quantmin: the server ignores the quantity.","quantmax without quantmin: the server ignores the quantity.","quantmax bez quantmin: server množství ignoruje.","quantmax ohne quantmin: der Server ignoriert die Menge.","quantmax без quantmin: сервер игнорирует количество.","quantmax bez quantmin: serwer ignoruje ilość.","quantmax quantmin nélkül: a szerver figyelmen kívül hagyja a mennyiséget.","quantmax senza quantmin: il server ignora la quantità.","quantmax sin quantmin: el servidor ignora la cantidad.","quantmax sans quantmin : le serveur ignore la quantité.","只有 quantmax 沒有 quantmin：伺服器會忽略數量。","quantmin なしの quantmax：サーバーは量を無視します。","quantmax sem quantmin: o servidor ignora a quantidade.","只有 quantmax 没有 quantmin：服务器会忽略数量。"
"VSTR_XMLE_SPB_W_HIDDEN","on %1 (not shown in 3D)","on %1 (not shown in 3D)","na %1 (není vidět ve 3D)","an %1 (nicht in 3D gezeigt)","на %1 (не показано в 3D)","na %1 (niewidoczne w 3D)","ezen: %1 (3D-ben nem látszik)","su %1 (non mostrato in 3D)","en %1 (no se muestra en 3D)","sur %1 (non affiché en 3D)","裝在 %1（3D 中不顯示）","%1 に装着（3D では非表示）","em %1 (não mostrado em 3D)","装在 %1（3D 中不显示）"
"VSTR_XMLE_SPB_W_ON_DEATH","in %1 cargo when it dies","in %1 cargo when it dies","v nákladu %1 po smrti","im Cargo von %1 beim Tod","в грузе %1 после смерти","w ładunku %1 po śmierci","%1 rakományában halálakor","nel cargo di %1 alla morte","en la carga de %1 al morir","dans le cargo de %1 à sa mort","%1 死亡時放入其貨物","%1 の死亡時にカーゴへ","na carga de %1 ao morrer","%1 死亡时放入其货物"
"VSTR_XMLE_SPB_PREVIEW_AI","Infected and animals are not shown in 3D: their attachments spawn with them, their cargo only when they die.","Infected and animals are not shown in 3D: their attachments spawn with them, their cargo only when they die.","Infikovaní a zvířata se ve 3D nezobrazují: doplňky se spawnují s nimi, náklad až po jejich smrti.","Infizierte und Tiere werden nicht in 3D gezeigt: ihre Anbauteile spawnen mit ihnen, ihr Cargo erst bei ihrem Tod.","Заражённые и животные не показываются в 3D: обвес спавнится вместе с ними, груз только после их смерти.","Zarażeni i zwierzęta nie są pokazywani w 3D: dodatki pojawiają się razem z nimi, ładunek dopiero po ich śmierci.","A fertőzöttek és az állatok nem látszanak 3D-ben: a tartozékaik velük együtt jelennek meg, a rakományuk csak haláluk után.","Infetti e animali non sono mostrati in 3D: gli accessori compaiono con loro, il cargo solo alla loro morte.","Los infectados y animales no se muestran en 3D: sus accesorios aparecen con ellos y su carga solo al morir.","Les infectés et les animaux ne sont pas affichés en 3D : leurs accessoires apparaissent avec eux, leur cargo seulement à leur mort.","感染者與動物不會以 3D 顯示：配件會隨它們一起生成，貨物要在它們死亡時才生成。","感染者と動物は 3D で表示されません：アタッチメントは一緒に出現し、カーゴは死亡時にのみ出現します。","Infectados e animais não aparecem em 3D: os acessórios surgem com eles, a carga só quando morrem.","感染者和动物不会以 3D 显示：配件随它们一起生成，货物在它们死亡时才生成。"
"VSTR_XMLE_SPB_TEST_DONE_AI","Spawned %1 with %2 attachment(s). Its cargo loot spawns when it dies.","Spawned %1 with %2 attachment(s). Its cargo loot spawns when it dies.","Vytvořen %1 s %2 doplňky. Jeho loot v nákladu se spawnuje po smrti.","%1 mit %2 Anbauteil(en) gespawnt. Sein Cargo-Loot spawnt bei seinem Tod.","Создан %1 с обвесом: %2. Лут в грузе появится после его смерти.","Utworzono %1 z %2 dod. Loot w ładunku pojawi się po jego śmierci.","%1 létrehozva %2 tartozékkal. A rakomány lootja halálakor jelenik meg.","%1 generato con %2 accessori. Il loot del cargo compare alla sua morte.","%1 generado con %2 accesorio(s). El botín de su carga aparece al morir.","%1 apparu avec %2 accessoire(s). Le loot de son cargo apparaît à sa mort.","已生成 %1，附帶 %2 個配件。它的貨物戰利品會在死亡時生成。","%1 をアタッチメント %2 個付きで生成しました。カーゴの戦利品は死亡時に出現します。","%1 gerado com %2 acessório(s). O loot da carga aparece quando morrer.","已生成 %1，附带 %2 个配件。它的货物战利品会在死亡时生成。"
"VSTR_XMLE_SPB_SLOT_ADD","Add by slot","Add by slot","Přidat podle slotu","Nach Slot hinzufügen","Добавить по слоту","Dodaj wg slotu","Hozzáadás hely szerint","Aggiungi per slot","Añadir por ranura","Ajouter par emplacement","依欄位新增","スロットで追加","Adicionar por slot","按槽位添加"
"VSTR_XMLE_SPB_SLOT_BACK","< back to the slots","< back to the slots","< zpět na sloty","< zurück zu den Slots","< назад к слотам","< wróć do slotów","< vissza a helyekhez","< torna agli slot","< volver a las ranuras","< retour aux emplacements","< 返回欄位","< スロットに戻る","< voltar aos slots","< 返回槽位"
"VSTR_XMLE_SPB_SLOT_MAGAZINES","magazines","magazines","zásobníky","Magazine","магазины","magazynki","tárak","caricatori","cargadores","chargeurs","彈匣","マガジン","carregadores","弹匣"
"VSTR_XMLE_SPB_TIP_SLOT","Lists the attachment slots of the type or item this block belongs to (and a weapon magazines). Pick a slot, then a class that fits it: it is added as an item.","Lists the attachment slots of the type or item this block belongs to (and a weapon magazines). Pick a slot, then a class that fits it: it is added as an item.","Vypíše sloty doplňků typu nebo předmětu, ke kterému blok patří (a zásobníky zbraně). Vyberte slot a pak třídu, která do něj pasuje: přidá se jako předmět.","Listet die Anbauteil-Slots des Typs oder Items, zu dem der Block gehört (und die Magazine einer Waffe). Wähle einen Slot, dann eine passende Klasse: sie wird als Item hinzugefügt.","Показывает слоты обвеса типа или предмета, к которому относится блок (и магазины оружия). Выберите слот, затем подходящий класс: он добавится как предмет.","Pokazuje sloty dodatków typu lub przedmiotu, do którego należy blok (i magazynki broni). Wybierz slot, a potem pasującą klasę: zostanie dodana jako przedmiot.","Felsorolja annak a típusnak vagy tárgynak a tartozék-helyeit, amelyhez a blokk tartozik (és a fegyver tárait). Válassz helyet, majd egy illő osztályt: tárgyként kerül be.","Elenca gli slot accessori del tipo o dell’oggetto a cui appartiene il blocco (e i caricatori di un’arma). Scegli uno slot, poi una classe adatta: viene aggiunta come oggetto.","Muestra las ranuras de accesorios del tipo u objeto al que pertenece el bloque (y los cargadores de un arma). Elige una ranura y luego una clase que encaje: se añade como objeto.","Liste les emplacements d’accessoires du type ou de l’objet auquel appartient le bloc (et les chargeurs d’une arme). Choisissez un emplacement puis une classe compatible : elle est ajoutée comme objet.","列出此區塊所屬類型或物品的配件欄位（以及武器的彈匣）。先選欄位，再選適合的類別：它會被加入為物品。","このブロックが属するタイプまたはアイテムのアタッチメントスロット（と武器のマガジン）を表示します。スロットを選び、合うクラスを選ぶとアイテムとして追加されます。","Lista os slots de acessórios do tipo ou item ao qual o bloco pertence (e os carregadores de uma arma). Escolha um slot e depois uma classe que encaixe: ela é adicionada como item.","列出此区块所属类型或物品的配件槽位（以及武器的弹匣）。先选槽位，再选合适的类：它会被添加为物品。"
"VSTR_XMLE_SPB_C_NO_SLOT","fits no attachment slot of %1: the server puts it in the cargo if there is room, else it does not spawn.","fits no attachment slot of %1: the server puts it in the cargo if there is room, else it does not spawn.","nepasuje do žádného slotu doplňků %1: server ho dá do nákladu, pokud je místo, jinak se nespawnuje.","passt in keinen Anbauteil-Slot von %1: der Server legt es ins Cargo, wenn Platz ist, sonst spawnt es nicht.","не подходит ни к одному слоту обвеса %1: сервер кладёт его в груз, если есть место, иначе он не появляется.","nie pasuje do żadnego slotu dodatków %1: serwer wkłada go do ładunku, jeśli jest miejsce, inaczej się nie pojawia.","nem illik %1 egyik tartozék-helyére sem: a szerver a rakományba teszi, ha van hely, különben nem jelenik meg.","non entra in nessuno slot accessori di %1: il server lo mette nel cargo se c’è spazio, altrimenti non compare.","no encaja en ninguna ranura de accesorios de %1: el servidor lo pone en la carga si hay espacio, si no, no aparece.","ne va dans aucun emplacement d’accessoire de %1 : le serveur le met dans le cargo s’il y a de la place, sinon il n’apparaît pas.","不適合 %1 的任何配件欄位：有空間時伺服器會放進貨物，否則不會生成。","%1 のどのアタッチメントスロットにも合いません：空きがあればサーバーはカーゴに入れ、なければ出現しません。","não encaixa em nenhum slot de acessórios de %1: o servidor coloca na carga se houver espaço, senão não aparece.","不适合 %1 的任何配件槽位：有空间时服务器会放进货物，否则不会生成。"
"VSTR_XMLE_SPB_EXTRACT","Extract to preset","Extract to preset","Vyjmout do presetu","In Preset auslagern","Вынести в пресет","Wyodrębnij do presetu","Kiemelés presetbe","Estrai in preset","Extraer a preset","Extraire en preset","抽出為預設組","プリセットに抽出","Extrair para preset","提取为预设"
"VSTR_XMLE_SPB_INLINE","Inline preset","Inline preset","Vložit preset","Preset einbetten","Встроить пресет","Wstaw preset","Preset beágyazása","Incorpora preset","Integrar preset","Intégrer le preset","內嵌預設組","プリセットを展開","Incorporar preset","内嵌预设"
"VSTR_XMLE_SPB_RENAME_REFS","Rename preset","Rename preset","Přejmenovat preset","Preset umbenennen","Переименовать пресет","Zmień nazwę presetu","Preset átnevezése","Rinomina preset","Renombrar preset","Renommer le preset","重新命名預設組","プリセット名を変更","Renomear preset","重命名预设"
"VSTR_XMLE_SPB_TIP_EXTRACT","Moves this block items (and its chance) into a new preset in the randompresets file shown in PRESETS mode; the block then refers to it. Save both files.","Moves this block items (and its chance) into a new preset in the randompresets file shown in PRESETS mode; the block then refers to it. Save both files.","Přesune předměty bloku (a jeho šanci) do nového presetu v souboru randompresets zobrazeném v režimu PRESETY; blok na něj pak odkazuje. Uložte oba soubory.","Verschiebt die Items des Blocks (und seine Chance) in ein neues Preset der im PRESETS-Modus gezeigten Randompresets-Datei; der Block verweist dann darauf. Beide Dateien speichern.","Переносит предметы блока (и его шанс) в новый пресет в файле randompresets, показанном в режиме ПРЕСЕТЫ; блок затем ссылается на него. Сохраните оба файла.","Przenosi przedmioty bloku (i jego szansę) do nowego presetu w pliku randompresets pokazanym w trybie PRESETY; blok odwołuje się potem do niego. Zapisz oba pliki.","A blokk tárgyait (és esélyét) egy új presetbe teszi a PRESETEK módban látható randompresets fájlban; a blokk ezután arra hivatkozik. Mentsd mindkét fájlt.","Sposta gli oggetti del blocco (e la sua probabilità) in un nuovo preset nel file randompresets mostrato in modalità PRESET; il blocco poi vi fa riferimento. Salva entrambi i file.","Mueve los objetos del bloque (y su probabilidad) a un nuevo preset en el archivo randompresets mostrado en modo PRESETS; el bloque pasa a referirse a él. Guarda ambos archivos.","Déplace les objets du bloc (et sa chance) dans un nouveau preset du fichier randompresets affiché en mode PRESETS ; le bloc y fait ensuite référence. Enregistrez les deux fichiers.","將此區塊的物品（及其機率）移到 PRESETS 模式所顯示的 randompresets 檔案中的新預設組；之後區塊會參照它。請儲存兩個檔案。","このブロックのアイテム（と確率）を、プリセットモードで表示中の randompresets ファイルの新しいプリセットに移し、ブロックはそれを参照します。両方のファイルを保存してください。","Move os itens do bloco (e sua chance) para um novo preset no arquivo randompresets mostrado no modo PRESETS; o bloco passa a referir-se a ele. Salve os dois arquivos.","将此区块的物品（及其概率）移到 PRESETS 模式所显示的 randompresets 文件中的新预设；之后区块会引用它。请保存两个文件。"
"VSTR_XMLE_SPB_TIP_INLINE","Copies the items of the block preset into the block (first, as the server rolls them) and removes the reference. The spawn result stays the same.","Copies the items of the block preset into the block (first, as the server rolls them) and removes the reference. The spawn result stays the same.","Zkopíruje předměty presetu bloku do bloku (na začátek, jak je server hází) a odebere odkaz. Výsledek spawnu zůstane stejný.","Kopiert die Items des Block-Presets in den Block (vorne, wie der Server sie würfelt) und entfernt den Verweis. Das Spawn-Ergebnis bleibt gleich.","Копирует предметы пресета блока в сам блок (в начало, как их бросает сервер) и удаляет ссылку. Результат спавна не меняется.","Kopiuje przedmioty presetu bloku do bloku (na początek, tak jak losuje je serwer) i usuwa odwołanie. Wynik spawnu pozostaje taki sam.","A blokk presetjének tárgyait a blokkba másolja (előre, ahogy a szerver dob velük), és törli a hivatkozást. A spawn eredménye ugyanaz marad.","Copia gli oggetti del preset del blocco nel blocco (all’inizio, come li tira il server) e rimuove il riferimento. Il risultato dello spawn resta uguale.","Copia los objetos del preset del bloque en el bloque (al principio, como los tira el servidor) y quita la referencia. El resultado del spawn no cambia.","Copie les objets du preset du bloc dans le bloc (au début, comme le serveur les tire) et supprime la référence. Le résultat du spawn reste le même.","把區塊所用預設組的物品複製到區塊中（放在最前面，與伺服器擲骰順序相同）並移除參照。生成結果不變。","ブロックのプリセットのアイテムをブロックに（サーバーの抽選順どおり先頭に）コピーし、参照を外します。出現結果は変わりません。","Copia os itens do preset do bloco para o bloco (no início, como o servidor os sorteia) e remove a referência. O resultado do spawn continua igual.","把区块所用预设的物品复制到区块中（放在最前面，与服务器掷骰顺序相同）并移除引用。生成结果不变。"
"VSTR_XMLE_SPB_TIP_RENAME_REFS","Renames this preset and every block in every loaded file that uses it. Save each changed file.","Renames this preset and every block in every loaded file that uses it. Save each changed file.","Přejmenuje tento preset a každý blok v každém načteném souboru, který ho používá. Uložte každý změněný soubor.","Benennt dieses Preset und jeden Block in jeder geladenen Datei um, der es nutzt. Jede geänderte Datei speichern.","Переименовывает этот пресет и все блоки во всех загруженных файлах, которые его используют. Сохраните каждый изменённый файл.","Zmienia nazwę tego presetu i każdego bloku we wszystkich wczytanych plikach, który go używa. Zapisz każdy zmieniony plik.","Átnevezi ezt a presetet és minden blokkot, amely használja, az összes betöltött fájlban. Ments minden módosított fájlt.","Rinomina questo preset e ogni blocco che lo usa in tutti i file caricati. Salva ogni file modificato.","Renombra este preset y todos los bloques que lo usan en todos los archivos cargados. Guarda cada archivo cambiado.","Renomme ce preset et chaque bloc qui l’utilise dans tous les fichiers chargés. Enregistrez chaque fichier modifié.","重新命名此預設組，以及所有已載入檔案中使用它的區塊。請儲存每個變更的檔案。","このプリセットと、読み込まれたすべてのファイルでそれを使うブロックの名前を変更します。変更した各ファイルを保存してください。","Renomeia este preset e cada bloco que o usa em todos os arquivos carregados. Salve cada arquivo alterado.","重命名此预设，以及所有已加载文件中使用它的区块。请保存每个已更改的文件。"
"VSTR_XMLE_SPB_DLG_EXTRACT_TITLE","Extract to preset","Extract to preset","Vyjmout do presetu","In Preset auslagern","Вынести в пресет","Wyodrębnij do presetu","Kiemelés presetbe","Estrai in preset","Extraer a preset","Extraire en preset","抽出為預設組","プリセットに抽出","Extrair para preset","提取为预设"
"VSTR_XMLE_SPB_DLG_EXTRACT_BODY","Name of the new preset (added to %1). The block items move into it:","Name of the new preset (added to %1). The block items move into it:","Název nového presetu (přidá se do %1). Předměty bloku se do něj přesunou:","Name des neuen Presets (wird %1 hinzugefügt). Die Items des Blocks wandern hinein:","Имя нового пресета (будет добавлен в %1). Предметы блока переместятся в него:","Nazwa nowego presetu (zostanie dodany do %1). Przedmioty bloku zostaną do niego przeniesione:","Az új preset neve (ide kerül: %1). A blokk tárgyai átkerülnek bele:","Nome del nuovo preset (aggiunto a %1). Gli oggetti del blocco vi vengono spostati:","Nombre del nuevo preset (se añade a %1). Los objetos del bloque pasan a él:","Nom du nouveau preset (ajouté à %1). Les objets du bloc y sont déplacés :","新預設組的名稱（加入 %1）。區塊的物品會移入其中：","新しいプリセットの名前（%1 に追加）。ブロックのアイテムはそこへ移動します：","Nome do novo preset (adicionado a %1). Os itens do bloco passam para ele:","新预设的名称（添加到 %1）。区块的物品会移入其中："
"VSTR_XMLE_SPB_DLG_RENAME_TITLE","Rename preset","Rename preset","Přejmenovat preset","Preset umbenennen","Переименовать пресет","Zmień nazwę presetu","Preset átnevezése","Rinomina preset","Renombrar preset","Renommer le preset","重新命名預設組","プリセット名を変更","Renomear preset","重命名预设"
"VSTR_XMLE_SPB_DLG_RENAME_BODY","New name. The %1 block(s) that use this preset are renamed with it:","New name. The %1 block(s) that use this preset are renamed with it:","Nový název. Bloky (%1), které tento preset používají, se přejmenují s ním:","Neuer Name. Die %1 Block/Blöcke, die dieses Preset nutzen, werden mit umbenannt:","Новое имя. Блоки, использующие этот пресет (%1), будут переименованы вместе с ним:","Nowa nazwa. Bloki używające tego presetu (%1) zostaną zmienione razem z nim:","Új név. A presetet használó %1 blokk is átnevezésre kerül:","Nuovo nome. I %1 blocchi che usano questo preset vengono rinominati con esso:","Nuevo nombre. Los %1 bloque(s) que usan este preset se renombran con él:","Nouveau nom. Les %1 bloc(s) qui utilisent ce preset sont renommés avec lui :","新名稱。使用此預設組的 %1 個區塊會一起重新命名：","新しい名前。このプリセットを使う %1 個のブロックも一緒に変更されます：","Novo nome. Os %1 bloco(s) que usam este preset são renomeados com ele:","新名称。使用此预设的 %1 个区块会一起重命名："
"VSTR_XMLE_SPB_EXTRACTED","Preset %1 added to %2. Save both files.","Preset %1 added to %2. Save both files.","Preset %1 přidán do %2. Uložte oba soubory.","Preset %1 zu %2 hinzugefügt. Beide Dateien speichern.","Пресет %1 добавлен в %2. Сохраните оба файла.","Preset %1 dodany do %2. Zapisz oba pliki.","%1 preset hozzáadva ehhez: %2. Mentsd mindkét fájlt.","Preset %1 aggiunto a %2. Salva entrambi i file.","Preset %1 añadido a %2. Guarda ambos archivos.","Preset %1 ajouté à %2. Enregistrez les deux fichiers.","預設組 %1 已加入 %2。請儲存兩個檔案。","プリセット %1 を %2 に追加しました。両方のファイルを保存してください。","Preset %1 adicionado a %2. Salve os dois arquivos.","预设 %1 已添加到 %2。请保存两个文件。"
"VSTR_XMLE_SPB_INLINED","The items of preset %1 are now in the block.","The items of preset %1 are now in the block.","Předměty presetu %1 jsou teď v bloku.","Die Items von Preset %1 sind jetzt im Block.","Предметы пресета %1 теперь в блоке.","Przedmioty presetu %1 są teraz w bloku.","A(z) %1 preset tárgyai most a blokkban vannak.","Gli oggetti del preset %1 ora sono nel blocco.","Los objetos del preset %1 ahora están en el bloque.","Les objets du preset %1 sont maintenant dans le bloc.","預設組 %1 的物品現在在區塊中。","プリセット %1 のアイテムがブロックに入りました。","Os itens do preset %1 agora estão no bloco.","预设 %1 的物品现在在区块中。"
"VSTR_XMLE_SPB_RENAMED","Preset renamed: %1 reference(s) updated in %2 file(s). Save each changed file.","Preset renamed: %1 reference(s) updated in %2 file(s). Save each changed file.","Preset přejmenován: aktualizováno %1 odkazů v %2 souborech. Uložte každý změněný soubor.","Preset umbenannt: %1 Verweis(e) in %2 Datei(en) aktualisiert. Jede geänderte Datei speichern.","Пресет переименован: обновлено ссылок — %1, файлов — %2. Сохраните каждый изменённый файл.","Zmieniono nazwę presetu: zaktualizowano %1 odwołań w %2 plikach. Zapisz każdy zmieniony plik.","Preset átnevezve: %1 hivatkozás frissítve %2 fájlban. Ments minden módosított fájlt.","Preset rinominato: %1 riferimenti aggiornati in %2 file. Salva ogni file modificato.","Preset renombrado: %1 referencia(s) actualizada(s) en %2 archivo(s). Guarda cada archivo cambiado.","Preset renommé : %1 référence(s) mise(s) à jour dans %2 fichier(s). Enregistrez chaque fichier modifié.","預設組已重新命名：更新了 %2 個檔案中的 %1 個參照。請儲存每個變更的檔案。","プリセット名を変更しました：%2 個のファイルで %1 件の参照を更新しました。変更した各ファイルを保存してください。","Preset renomeado: %1 referência(s) atualizada(s) em %2 arquivo(s). Salve cada arquivo alterado.","预设已重命名：更新了 %2 个文件中的 %1 个引用。请保存每个已更改的文件。"
"VSTR_XMLE_SPB_ERR_PRESET_TAKEN","A preset of this kind named %1 already exists.","A preset of this kind named %1 already exists.","Preset tohoto druhu s názvem %1 už existuje.","Ein Preset dieser Art namens %1 existiert bereits.","Пресет этого вида с именем %1 уже существует.","Preset tego rodzaju o nazwie %1 już istnieje.","Már létezik ilyen fajtájú preset ezzel a névvel: %1.","Esiste già un preset di questo tipo chiamato %1.","Ya existe un preset de este tipo llamado %1.","Un preset de ce type nommé %1 existe déjà.","已有名為 %1 的同類預設組。","この種類で %1 という名前のプリセットは既にあります。","Já existe um preset deste tipo chamado %1.","已有名为 %1 的同类预设。"
"VSTR_XMLE_SPB_ERR_NO_PRESET_FILE","No editable randompresets file is loaded. Create one in the CREATE tab.","No editable randompresets file is loaded. Create one in the CREATE tab.","Není načten žádný upravitelný soubor randompresets. Vytvořte ho na kartě CREATE.","Keine bearbeitbare Randompresets-Datei geladen. Erstelle eine im Tab CREATE.","Нет загруженного редактируемого файла randompresets. Создайте его на вкладке CREATE.","Nie wczytano edytowalnego pliku randompresets. Utwórz go w karcie CREATE.","Nincs betöltve szerkeszthető randompresets fájl. Hozz létre egyet a CREATE fülön.","Nessun file randompresets modificabile caricato. Creane uno nella scheda CREATE.","No hay ningún archivo randompresets editable. Crea uno en la pestaña CREATE.","Aucun fichier randompresets modifiable n’est chargé. Créez-en un dans l’onglet CREATE.","沒有載入可編輯的 randompresets 檔案。請在 CREATE 分頁建立一個。","編集可能な randompresets ファイルが読み込まれていません。CREATE タブで作成してください。","Nenhum arquivo randompresets editável carregado. Crie um na aba CREATE.","没有加载可编辑的 randompresets 文件。请在 CREATE 标签页创建一个。"
"VSTR_XMLE_SPB_ERR_EXTRACT_HAS_PRESET","The block already uses a preset: inline it first.","The block already uses a preset: inline it first.","Blok už používá preset: nejdřív ho vložte.","Der Block nutzt bereits ein Preset: bette es zuerst ein.","Блок уже использует пресет: сначала встройте его.","Blok już używa presetu: najpierw go wstaw.","A blokk már használ presetet: előbb ágyazd be.","Il blocco usa già un preset: prima incorporalo.","El bloque ya usa un preset: intégralo primero.","Le bloc utilise déjà un preset : intégrez-le d’abord.","此區塊已在使用預設組：請先內嵌它。","このブロックは既にプリセットを使っています：先に展開してください。","O bloco já usa um preset: incorpore-o primeiro.","此区块已在使用预设：请先内嵌它。"
"VSTR_XMLE_SPB_ERR_INLINE_MISSING","Preset %1 does not exist (for this kind of block).","Preset %1 does not exist (for this kind of block).","Preset %1 neexistuje (pro tento druh bloku).","Preset %1 existiert nicht (für diese Art von Block).","Пресет %1 не существует (для этого вида блока).","Preset %1 nie istnieje (dla tego rodzaju bloku).","A(z) %1 preset nem létezik (ilyen fajtájú blokkhoz).","Il preset %1 non esiste (per questo tipo di blocco).","El preset %1 no existe (para este tipo de bloque).","Le preset %1 n’existe pas (pour ce type de bloc).","預設組 %1 不存在（對於此類區塊）。","プリセット %1 は（この種類のブロックには）存在しません。","O preset %1 não existe (para este tipo de bloco).","预设 %1 不存在（对于此类区块）。"
"VSTR_XMLE_SPB_ERR_RENAME_RO","Not renamed: %1 uses this preset and is read only.","Not renamed: %1 uses this preset and is read only.","Nepřejmenováno: %1 používá tento preset a je jen pro čtení.","Nicht umbenannt: %1 nutzt dieses Preset und ist schreibgeschützt.","Не переименовано: %1 использует этот пресет и доступен только для чтения.","Nie zmieniono nazwy: %1 używa tego presetu i jest tylko do odczytu.","Nem történt átnevezés: %1 használja ezt a presetet, és csak olvasható.","Non rinominato: %1 usa questo preset ed è di sola lettura.","No renombrado: %1 usa este preset y es de solo lectura.","Non renommé : %1 utilise ce preset et est en lecture seule.","未重新命名：%1 使用此預設組且為唯讀。","変更されていません：%1 がこのプリセットを使っており、読み取り専用です。","Não renomeado: %1 usa este preset e é somente leitura.","未重命名：%1 使用此预设且为只读。"
"VSTR_XMLE_SPB_OTHER_DIRTY","Also unsaved: %1.","Also unsaved: %1.","Také neuloženo: %1.","Ebenfalls ungespeichert: %1.","Также не сохранено: %1.","Również niezapisane: %1.","Szintén nem mentett: %1.","Anche non salvati: %1.","También sin guardar: %1.","Également non enregistrés : %1.","也未儲存：%1。","未保存のファイル：%1。","Também não salvos: %1.","也未保存：%1。"
"VSTR_XMLE_SEC_FOUNDIN","FOUND IN","FOUND IN","NACHÁZÍ SE V","ENTHALTEN IN","ВСТРЕЧАЕТСЯ В","WYSTĘPUJE W","MEGTALÁLHATÓ","PRESENTE IN","APARECE EN","PRÉSENT DANS","出現於","出現元","APARECE EM","出现于"
"VSTR_XMLE_BTN_OPEN_SPAWNABLES","OPEN IN SPAWNABLES","OPEN IN SPAWNABLES","OTEVŘÍT V SPAWNABLES","IN SPAWNABLES ÖFFNEN","ОТКРЫТЬ В SPAWNABLES","OTWÓRZ W SPAWNABLES","MEGNYITÁS: SPAWNABLES","APRI IN SPAWNABLES","ABRIR EN SPAWNABLES","OUVRIR DANS SPAWNABLES","在 SPAWNABLES 開啟","SPAWNABLES で開く","ABRIR EM SPAWNABLES","在 SPAWNABLES 打开"
"VSTR_XMLE_SPB_T_NONE","No spawnabletypes entry: it spawns without attachments or cargo.","No spawnabletypes entry: it spawns without attachments or cargo.","Žádná položka spawnabletypes: spawnuje se bez doplňků a nákladu.","Kein Spawnabletypes-Eintrag: es spawnt ohne Anbauteile und Cargo.","Нет записи spawnabletypes: появляется без обвеса и груза.","Brak wpisu spawnabletypes: pojawia się bez dodatków i ładunku.","Nincs spawnabletypes bejegyzés: tartozékok és rakomány nélkül jelenik meg.","Nessuna voce spawnabletypes: compare senza accessori né cargo.","Sin entrada en spawnabletypes: aparece sin accesorios ni carga.","Aucune entrée spawnabletypes : il apparaît sans accessoires ni cargo.","沒有 spawnabletypes 項目：生成時不帶配件或貨物。","spawnabletypes のエントリなし：アタッチメントやカーゴなしで出現します。","Sem entrada em spawnabletypes: aparece sem acessórios nem carga.","没有 spawnabletypes 条目：生成时不带配件或货物。"
"VSTR_XMLE_SPB_T_MERGED","Merged from %1 definitions (details in SPAWNABLES, MERGED view).","Merged from %1 definitions (details in SPAWNABLES, MERGED view).","Sloučeno z %1 definic (podrobnosti v SPAWNABLES, pohled SLOUČENO).","Aus %1 Definitionen zusammengeführt (Details in SPAWNABLES, Ansicht ZUSAMMENGEFÜHRT).","Объединено из %1 определений (подробно в SPAWNABLES, вид ИТОГ).","Scalone z %1 definicji (szczegóły w SPAWNABLES, widok SCALONE).","%1 definícióból összevonva (részletek: SPAWNABLES, ÖSSZEVONT nézet).","Unito da %1 definizioni (dettagli in SPAWNABLES, vista UNITO).","Combinado de %1 definiciones (detalles en SPAWNABLES, vista COMBINADO).","Fusionné à partir de %1 définitions (détails dans SPAWNABLES, vue FUSIONNÉ).","由 %1 個定義合併而成（詳見 SPAWNABLES 的合併結果）。","%1 個の定義から統合（詳細は SPAWNABLES の統合結果）。","Mesclado de %1 definições (detalhes em SPAWNABLES, vista MESCLADO).","由 %1 个定义合并而成（详见 SPAWNABLES 的合并结果）。"
"VSTR_XMLE_SPB_T_NO_BLOCKS","No attachments or cargo blocks.","No attachments or cargo blocks.","Žádné bloky doplňků ani nákladu.","Keine Anbauteil- oder Cargo-Blöcke.","Нет блоков обвеса или груза.","Brak bloków dodatków i ładunku.","Nincsenek tartozék- vagy rakományblokkok.","Nessun blocco accessori o cargo.","Sin bloques de accesorios ni de carga.","Aucun bloc d’accessoires ou de cargo.","沒有配件或貨物區塊。","アタッチメントやカーゴのブロックはありません。","Sem blocos de acessórios ou carga.","没有配件或货物区块。"
"VSTR_XMLE_SPB_T_VIA","via %1","via %1","přes %1","über %1","через %1","przez %1","%1 által","tramite %1","mediante %1","via %1","經由 %1","%1 経由","via %1","经由 %1"
"VSTR_XMLE_SPB_T_DEATH","(when it dies)","(when it dies)","(po smrti)","(beim Tod)","(после смерти)","(po śmierci)","(halálakor)","(alla morte)","(al morir)","(à sa mort)","（死亡時）","（死亡時）","(ao morrer)","（死亡时）"
"VSTR_XMLE_SPB_F_NONE","Not in any spawnabletypes or randompresets block.","Not in any spawnabletypes or randompresets block.","Není v žádném bloku spawnabletypes ani randompresets.","In keinem Spawnabletypes- oder Randompresets-Block.","Нет ни в одном блоке spawnabletypes или randompresets.","Nie ma go w żadnym bloku spawnabletypes ani randompresets.","Egyik spawnabletypes vagy randompresets blokkban sincs benne.","Non è in nessun blocco spawnabletypes o randompresets.","No está en ningún bloque de spawnabletypes ni randompresets.","Absent de tout bloc spawnabletypes ou randompresets.","不在任何 spawnabletypes 或 randompresets 區塊中。","どの spawnabletypes / randompresets ブロックにも含まれていません。","Não está em nenhum bloco de spawnabletypes ou randompresets.","不在任何 spawnabletypes 或 randompresets 区块中。"
"VSTR_XMLE_SPB_F_PRESET","preset %1 (%2): %3 of its roll, used by %4 block(s)","preset %1 (%2): %3 of its roll, used by %4 block(s)","preset %1 (%2): %3 z jeho hodu, používá ho %4 blok(ů)","Preset %1 (%2): %3 seines Wurfs, von %4 Block/Blöcken genutzt","пресет %1 (%2): %3 его броска, используется блоками: %4","preset %1 (%2): %3 jego losowania, używany przez %4 blok(ów)","%1 preset (%2): dobásának %3 része, %4 blokk használja","preset %1 (%2): %3 del suo tiro, usato da %4 blocco/i","preset %1 (%2): %3 de su tirada, usado por %4 bloque(s)","preset %1 (%2) : %3 de son tirage, utilisé par %4 bloc(s)","預設組 %1（%2）：佔其擲骰的 %3，被 %4 個區塊使用","プリセット %1（%2）：抽選の %3、%4 個のブロックが使用","preset %1 (%2): %3 do seu sorteio, usado por %4 bloco(s)","预设 %1（%2）：占其掷骰的 %3，被 %4 个区块使用"
"VSTR_XMLE_SPB_SLOT_MORE","+%1 more: type the name in the item box","+%1 more: type the name in the item box","+%1 dalších: napište název do pole předmětu","+%1 weitere: Namen im Item-Feld eingeben","ещё %1: введите имя в поле предмета","+%1 więcej: wpisz nazwę w polu przedmiotu","még %1: írd be a nevet a tárgy mezőbe","altri %1: scrivi il nome nel campo oggetto","%1 más: escribe el nombre en el campo del objeto","%1 de plus : tapez le nom dans le champ objet","還有 %1 個：請在物品欄位輸入名稱","ほか %1 件：アイテム欄に名前を入力","mais %1: digite o nome no campo do item","还有 %1 个：请在物品栏输入名称"
"VSTR_XMLE_SPB_BULK","Bulk (%1)","Bulk (%1)","Hromadně (%1)","Massen (%1)","Массово (%1)","Zbiorczo (%1)","Tömeges (%1)","In blocco (%1)","En lote (%1)","En masse (%1)","批次（%1）","一括（%1）","Em massa (%1)","批量（%1）"
"VSTR_XMLE_SPB_BULK_TITLE","Bulk actions","Bulk actions","Hromadné akce","Massenaktionen","Массовые действия","Akcje zbiorcze","Tömeges műveletek","Azioni in blocco","Acciones en lote","Actions en masse","批次操作","一括操作","Ações em massa","批量操作"
"VSTR_XMLE_SPB_TIP_BULK","Changes every entry the list shows now (search and filter apply). REVERT undoes it.","Changes every entry the list shows now (search and filter apply). REVERT undoes it.","Změní každou položku, kterou seznam právě ukazuje (platí hledání a filtr). REVERT to vrátí.","Ändert jeden Eintrag, den die Liste gerade zeigt (Suche und Filter gelten). REVERT macht es rückgängig.","Изменяет каждую запись, показанную в списке сейчас (учитываются поиск и фильтр). REVERT отменяет.","Zmienia każdy wpis widoczny teraz na liście (działają wyszukiwanie i filtr). REVERT to cofa.","Minden, a listában most látható bejegyzést módosít (keresés és szűrő érvényes). A REVERT visszavonja.","Modifica ogni voce che la lista mostra ora (valgono ricerca e filtro). REVERT annulla.","Cambia cada entrada que la lista muestra ahora (se aplican búsqueda y filtro). REVERT lo deshace.","Modifie chaque entrée affichée par la liste (recherche et filtre appliqués). REVERT annule.","變更清單目前顯示的每個項目（套用搜尋與篩選）。REVERT 可復原。","リストに今表示されているすべてのエントリを変更します（検索とフィルターが適用されます）。REVERT で元に戻せます。","Altera cada entrada que a lista mostra agora (busca e filtro se aplicam). REVERT desfaz.","更改列表当前显示的每个条目（应用搜索和筛选）。REVERT 可撤销。"
"VSTR_XMLE_SPB_BULK_SCALE","Scale block chances...","Scale block chances...","Upravit šance bloků...","Block-Chancen skalieren...","Масштабировать шансы блоков...","Skaluj szanse bloków...","Blokk-esélyek szorzása...","Scala le probabilità dei blocchi...","Escalar probabilidades de bloques...","Multiplier les chances des blocs...","縮放區塊機率……","ブロック確率を倍率変更…","Escalar chances dos blocos...","缩放区块概率……"
"VSTR_XMLE_SPB_BULK_REPLACE","Replace a class...","Replace a class...","Nahradit třídu...","Klasse ersetzen...","Заменить класс...","Zamień klasę...","Osztály cseréje...","Sostituisci una classe...","Reemplazar una clase...","Remplacer une classe...","替換類別……","クラスを置換…","Substituir uma classe...","替换类……"
"VSTR_XMLE_SPB_BULK_REMOVE","Remove a class...","Remove a class...","Odebrat třídu...","Klasse entfernen...","Удалить класс...","Usuń klasę...","Osztály eltávolítása...","Rimuovi una classe...","Quitar una clase...","Retirer une classe...","移除類別……","クラスを削除…","Remover uma classe...","移除类……"
"VSTR_XMLE_SPB_BULK_CLEAR_DMG","Clear damage","Clear damage","Smazat poškození","Schaden entfernen","Убрать повреждение","Usuń uszkodzenie","Sérülés törlése","Rimuovi danno","Quitar daño","Supprimer les dégâts","清除損壞","ダメージを消去","Limpar dano","清除损坏"
"VSTR_XMLE_SPB_DLG_BULK_SCALE_TITLE","Scale block chances","Scale block chances","Upravit šance bloků","Block-Chancen skalieren","Масштабировать шансы блоков","Skaluj szanse bloków","Blokk-esélyek szorzása","Scala le probabilità dei blocchi","Escalar probabilidades de bloques","Multiplier les chances des blocs","縮放區塊機率","ブロック確率の倍率変更","Escalar chances dos blocos","缩放区块概率"
"VSTR_XMLE_SPB_DLG_BULK_SCALE_BODY","Multiply the chance of every block (nested ones too) in the %1 listed entries by (0 to 10, results are capped at 1):","Multiply the chance of every block (nested ones too) in the %1 listed entries by (0 to 10, results are capped at 1):","Vynásobit šanci každého bloku (i vnořených) v %1 zobrazených položkách číslem (0 až 10, výsledky nejvýše 1):","Die Chance jedes Blocks (auch verschachtelter) in den %1 gelisteten Einträgen multiplizieren mit (0 bis 10, Ergebnisse höchstens 1):","Умножить шанс каждого блока (включая вложенные) в %1 показанных записях на (0–10, результат не больше 1):","Pomnóż szansę każdego bloku (także zagnieżdżonych) w %1 widocznych wpisach przez (0 do 10, wynik najwyżej 1):","Minden blokk (beágyazottakat is) esélyének szorzása a %1 listázott bejegyzésben ezzel (0-10, az eredmény legfeljebb 1):","Moltiplica la probabilità di ogni blocco (anche annidato) nelle %1 voci elencate per (da 0 a 10, risultati al massimo 1):","Multiplicar la probabilidad de cada bloque (también anidados) en las %1 entradas listadas por (0 a 10, resultados como máximo 1):","Multiplier la chance de chaque bloc (imbriqués compris) des %1 entrées listées par (0 à 10, résultats plafonnés à 1) :","將 %1 個列出項目中每個區塊（含巢狀）的機率乘以（0 到 10，結果最多為 1）：","表示中の %1 件のエントリの全ブロック（入れ子も含む）の確率に掛ける値（0～10、結果は最大 1）：","Multiplicar a chance de cada bloco (inclusive aninhados) nas %1 entradas listadas por (0 a 10, resultado no máximo 1):","将 %1 个列出条目中每个区块（含嵌套）的概率乘以（0 到 10，结果最多为 1）："
"VSTR_XMLE_SPB_DLG_BULK_REPLACE_TITLE","Replace a class","Replace a class","Nahradit třídu","Klasse ersetzen","Заменить класс","Zamień klasę","Osztály cseréje","Sostituisci una classe","Reemplazar una clase","Remplacer une classe","替換類別","クラスを置換","Substituir uma classe","替换类"
"VSTR_XMLE_SPB_DLG_BULK_REPLACE_BODY","Class to replace in the %1 listed entries:","Class to replace in the %1 listed entries:","Třída k nahrazení v %1 zobrazených položkách:","Zu ersetzende Klasse in den %1 gelisteten Einträgen:","Класс для замены в %1 показанных записях:","Klasa do zamiany w %1 widocznych wpisach:","Cserélendő osztály a %1 listázott bejegyzésben:","Classe da sostituire nelle %1 voci elencate:","Clase a reemplazar en las %1 entradas listadas:","Classe à remplacer dans les %1 entrées listées :","要在 %1 個列出項目中替換的類別：","表示中の %1 件のエントリで置換するクラス：","Classe a substituir nas %1 entradas listadas:","要在 %1 个列出条目中替换的类："
"VSTR_XMLE_SPB_DLG_BULK_WITH_BODY","Replace %1 with:","Replace %1 with:","Nahradit %1 třídou:","%1 ersetzen durch:","Заменить %1 на:","Zamień %1 na:","%1 cseréje erre:","Sostituisci %1 con:","Reemplazar %1 por:","Remplacer %1 par :","將 %1 替換為：","%1 を次に置換：","Substituir %1 por:","将 %1 替换为："
"VSTR_XMLE_SPB_DLG_BULK_REMOVE_TITLE","Remove a class","Remove a class","Odebrat třídu","Klasse entfernen","Удалить класс","Usuń klasę","Osztály eltávolítása","Rimuovi una classe","Quitar una clase","Retirer une classe","移除類別","クラスを削除","Remover uma classe","移除类"
"VSTR_XMLE_SPB_DLG_BULK_REMOVE_BODY","Class to remove from every block of the %1 listed entries (blocks left empty go too):","Class to remove from every block of the %1 listed entries (blocks left empty go too):","Třída k odebrání ze všech bloků %1 zobrazených položek (prázdné bloky se odstraní také):","Aus jedem Block der %1 gelisteten Einträge zu entfernende Klasse (leer gewordene Blöcke fallen mit weg):","Класс, который нужно убрать из всех блоков %1 показанных записей (опустевшие блоки тоже удаляются):","Klasa do usunięcia ze wszystkich bloków %1 widocznych wpisów (puste bloki też znikną):","A %1 listázott bejegyzés minden blokkjából eltávolítandó osztály (a kiürült blokkok is törlődnek):","Classe da rimuovere da ogni blocco delle %1 voci elencate (anche i blocchi rimasti vuoti vengono tolti):","Clase a quitar de cada bloque de las %1 entradas listadas (los bloques vacíos también se quitan):","Classe à retirer de chaque bloc des %1 entrées listées (les blocs devenus vides sont aussi retirés) :","要從 %1 個列出項目的每個區塊移除的類別（變空的區塊也會移除）：","表示中の %1 件のエントリの全ブロックから削除するクラス（空になったブロックも削除）：","Classe a remover de cada bloco das %1 entradas listadas (blocos vazios também saem):","要从 %1 个列出条目的每个区块移除的类（变空的区块也会移除）："
"VSTR_XMLE_SPB_DLG_BULK_DMG_TITLE","Clear damage","Clear damage","Smazat poškození","Schaden entfernen","Убрать повреждение","Usuń uszkodzenie","Sérülés törlése","Rimuovi danno","Quitar daño","Supprimer les dégâts","清除損壞","ダメージを消去","Limpar dano","清除损坏"
"VSTR_XMLE_SPB_DLG_BULK_DMG_BODY","Remove the damage element from the %1 listed types? They then spawn with the file default damage, or pristine.","Remove the damage element from the %1 listed types? They then spawn with the file default damage, or pristine.","Odebrat prvek damage z %1 zobrazených typů? Pak se spawnují s výchozím poškozením souboru, nebo bezvadné.","Das damage-Element aus den %1 gelisteten Typen entfernen? Sie spawnen dann mit dem Datei-Standardschaden oder makellos.","Удалить элемент damage у %1 показанных типов? Тогда они появляются с повреждением файла по умолчанию или целыми.","Usunąć element damage z %1 widocznych typów? Będą się pojawiać z domyślnym uszkodzeniem pliku albo nienaruszone.","Eltávolítod a damage elemet a %1 listázott típusból? Ezután a fájl alapértelmezett sérülésével vagy hibátlanul jelennek meg.","Rimuovere l’elemento damage dai %1 tipi elencati? Compariranno con il danno predefinito del file, o intatti.","¿Quitar el elemento damage de los %1 tipos listados? Aparecerán con el daño por defecto del archivo, o impecables.","Retirer l’élément damage des %1 types listés ? Ils apparaîtront avec les dégâts par défaut du fichier, ou intacts.","要移除 %1 個列出類型的 damage 元素嗎？之後會以檔案預設損壞或完好狀態生成。","表示中の %1 個のタイプから damage 要素を削除しますか？ファイルの既定ダメージ、または新品で出現します。","Remover o elemento damage dos %1 tipos listados? Eles aparecerão com o dano padrão do arquivo, ou intactos.","要移除 %1 个列出类型的 damage 元素吗？之后会以文件默认损坏或完好状态生成。"
"VSTR_XMLE_SPB_BULK_DONE","%1 of %2 listed entries changed.","%1 of %2 listed entries changed.","Změněno %1 z %2 zobrazených položek.","%1 von %2 gelisteten Einträgen geändert.","Изменено записей: %1 из %2.","Zmieniono %1 z %2 widocznych wpisów.","%2 listázott bejegyzésből %1 módosult.","%1 di %2 voci elencate modificate.","%1 de %2 entradas listadas cambiadas.","%1 entrée(s) sur %2 modifiée(s).","%2 個列出項目中有 %1 個已變更。","表示中の %2 件中 %1 件を変更しました。","%1 de %2 entradas listadas alteradas.","%2 个列出条目中有 %1 个已更改。"
"VSTR_XMLE_SPB_ERR_FACTOR","Enter a number from 0 to 10.","Enter a number from 0 to 10.","Zadejte číslo od 0 do 10.","Gib eine Zahl von 0 bis 10 ein.","Введите число от 0 до 10.","Wpisz liczbę od 0 do 10.","Adj meg egy számot 0 és 10 között.","Inserisci un numero da 0 a 10.","Introduce un número de 0 a 10.","Saisissez un nombre de 0 à 10.","請輸入 0 到 10 的數字。","0～10 の数値を入力してください。","Digite um número de 0 a 10.","请输入 0 到 10 的数字。"
"VSTR_NOTIFY_IM_COPIED","Copied %1 to the clipboard.","Copied %1 to the clipboard.","%1 zkopírováno do schránky.","%1 in die Zwischenablage kopiert.","%1 скопирован в буфер обмена.","Skopiowano %1 do schowka.","%1 a vágólapra másolva.","%1 copiato negli appunti.","%1 copiado al portapapeles.","%1 copié dans le presse-papiers.","已將 %1 複製到剪貼簿。","%1 をクリップボードにコピーしました。","%1 copiado para a área de transferência.","已将 %1 复制到剪贴板。"
"VSTR_NOTIFY_IM_COPIED_LIST","Added %1 to the clipboard list (%2 items).","Added %1 to the clipboard list (%2 items).","%1 přidáno do seznamu ve schránce (%2 položek).","%1 zur Liste in der Zwischenablage hinzugefügt (%2 Einträge).","%1 добавлен в список в буфере обмена (всего: %2).","Dodano %1 do listy w schowku (%2 poz.).","%1 hozzáadva a vágólapon lévő listához (%2 elem).","%1 aggiunto all’elenco negli appunti (%2 elementi).","%1 añadido a la lista del portapapeles (%2 elementos).","%1 ajouté à la liste du presse-papiers (%2 éléments).","已將 %1 加入剪貼簿清單（共 %2 項）。","%1 をクリップボードのリストに追加しました（%2 件）。","%1 adicionado à lista da área de transferência (%2 itens).","已将 %1 加入剪贴板列表（共 %2 项）。"
"VSTR_NOTIFY_IM_COPY_NOSEL","Select an item in the list first.","Select an item in the list first.","Nejdřív vyberte předmět v seznamu.","Wähle zuerst ein Item in der Liste aus.","Сначала выберите предмет в списке.","Najpierw wybierz przedmiot na liście.","Előbb válassz ki egy tárgyat a listában.","Seleziona prima un oggetto nella lista.","Selecciona primero un objeto de la lista.","Sélectionnez d’abord un objet dans la liste.","請先在清單中選擇一個物品。","先にリストからアイテムを選択してください。","Selecione primeiro um item na lista.","请先在列表中选择一个物品。"
"VSTR_NOTIFY_IM_COPY_DUP","%1 is already in the clipboard list (%2 items).","%1 is already in the clipboard list (%2 items).","%1 už je v seznamu ve schránce (%2 položek).","%1 ist bereits in der Liste in der Zwischenablage (%2 Einträge).","%1 уже есть в списке в буфере обмена (всего: %2).","%1 jest już na liście w schowku (%2 poz.).","%1 már szerepel a vágólapon lévő listában (%2 elem).","%1 è già nell’elenco negli appunti (%2 elementi).","%1 ya está en la lista del portapapeles (%2 elementos).","%1 est déjà dans la liste du presse-papiers (%2 éléments).","%1 已在剪貼簿清單中（共 %2 項）。","%1 はすでにクリップボードのリストにあります（%2 件）。","%1 já está na lista da área de transferência (%2 itens).","%1 已在剪贴板列表中（共 %2 项）。"
